fecha,ph,conductividad_us_cm,temperatura_agua_c,oxigeno_disuelto_mg_l,distancia_agua_m,profundidad_m,temperatura_aire_c,humedad_aire_pct,temperatura_sistema_c,voltaje_v,senal_csq
2026-04-01 00:20:56,,,,,0.58,0.8,15.98,79.29,17.5,7.95,31
2026-04-01 00:50:47,,,,,0.58,0.8,15.34,81.12,17,7.95,31
2026-04-01 01:20:40,,,,,0.58,0.8,14.88,84.56,16.5,7.94,31
2026-04-01 01:50:33,,,,,0.58,0.8,14.64,84.46,16,7.95,31
2026-04-01 02:20:26,,,,,0.58,0.8,14.6,84.93,15.5,7.94,31
2026-04-01 02:50:18,,,,,0.58,0.8,13.83,85.28,15.25,7.94,31
2026-04-01 03:20:12,,,,,0.58,0.8,13.86,89.3,15,7.93,31
2026-04-01 03:50:03,,,,,0.58,0.8,13.52,91.45,14.75,7.95,31
2026-04-01 04:19:55,,,,,0.58,0.8,13.38,92.55,14.5,7.94,31
2026-04-01 04:49:47,,,,,0.58,0.8,13.08,91.63,14.25,7.94,31
2026-04-01 05:19:40,,,,,0.58,0.8,12.97,92.41,14,7.94,31
2026-04-01 05:49:32,,,,,0.58,0.8,12.8,94.45,14,7.94,31
2026-04-01 06:19:25,,,,,0.58,0.8,12.58,91.81,14,7.94,31
2026-04-01 06:49:18,,,,,0.58,0.8,12.33,93.05,13.5,7.94,31
2026-04-01 07:19:10,,,,,0.57,0.8,12.24,93.87,13.5,7.94,31
2026-04-01 07:49:04,,,,,0.58,0.8,11.86,95.27,13.25,7.94,31
2026-04-01 08:18:57,,,,,0.58,0.8,12.84,95.49,13,7.94,31
2026-04-01 08:48:55,,,,,0.59,0.8,22.05,63.06,15.75,7.95,31
2026-04-01 09:18:58,,,,,0.59,0.8,26.92,46.54,19.75,7.95,31
2026-04-01 09:51:04,,,,,0.59,0.8,28.31,43.99,23.5,7.96,31
2026-04-01 10:20:59,,,,,0.59,0.8,22.76,59.4,24.75,7.97,31
2026-04-01 10:50:52,,,,,0.59,0.8,23.71,56.68,25,7.97,31
2026-04-01 11:20:45,,,,,0.58,0.8,23.66,58.45,25.5,7.97,31
2026-04-01 11:50:41,,,,,0.58,0.8,23.77,54.85,27.5,7.98,31
2026-04-01 12:20:35,,,,,0.58,0.8,23.26,58.54,28.25,7.97,31
2026-04-01 12:50:30,,,,,0.58,0.8,24.22,60.86,29.75,7.98,31
2026-04-01 13:20:26,,,,,0.57,0.8,24.51,59.04,31.75,7.98,31
2026-04-01 13:50:18,,,,,0.58,0.8,24.91,59.75,32,7.98,31
2026-04-01 14:20:14,,,,,0.58,0.8,26.71,53.31,33.25,7.98,31
2026-04-01 14:50:07,,,,,0.58,0.8,26.76,51.65,33.75,7.98,31
2026-04-01 15:19:59,,,,,0.59,0.8,27.13,50.94,34,7.98,31
2026-04-01 15:49:52,,,,,0.58,0.8,27.24,51.41,34.25,7.98,31
2026-04-01 16:19:44,,,,,0.58,0.8,27.09,52.09,33.75,7.98,31
2026-04-01 16:49:37,,,,,0.59,0.8,27.05,53.6,33.75,7.98,31
2026-04-01 17:19:29,,,,,0.58,0.8,26.59,51.1,33.5,7.98,31
2026-04-01 17:49:21,,,,,0.59,0.79,26.06,51.41,33,7.98,31
2026-04-01 18:19:14,,,,,0.58,0.8,25.3,53.28,32.25,7.98,31
2026-04-01 18:49:04,,,,,0.59,0.8,24.21,54.37,30.5,7.98,31
2026-04-01 19:18:52,,,,,0.58,0.8,22.98,59.25,27,7.97,31
2026-04-01 19:48:41,,,,,0.59,0.8,22.06,58.64,24.5,7.97,31
2026-04-01 20:18:31,,,,,0.58,0.8,21.55,59.77,23.5,7.97,31
2026-04-01 20:48:22,,,,,0.58,0.8,21.02,60.03,22.75,7.97,31
2026-04-01 21:18:15,,,,,0.58,0.8,20.17,63.72,21.75,7.96,31
2026-04-01 21:50:12,,,,,0.58,0.8,19.88,63.41,21.25,7.97,31
2026-04-01 22:20:04,,,,,0.58,0.8,18.86,70.37,20.5,7.97,31
2026-04-01 22:49:55,,,,,0.58,0.8,18.15,73.61,19.75,7.95,31
2026-04-01 23:19:45,,,,,0.58,0.8,17.02,76.8,18.75,7.95,31
2026-04-01 23:49:37,,,,,0.58,0.8,15.75,78.19,18,7.95,31
2026-04-02 00:19:28,,,,,0.58,0.8,14.7,81.81,16.75,7.95,31
2026-04-02 00:49:19,,,,,0.58,0.8,14.43,81.26,16,7.94,31
2026-04-02 01:19:10,,,,,0.58,0.8,13.83,85.21,15.25,7.95,31
2026-04-02 01:49:02,,,,,0.58,0.8,13.26,85.43,14.75,7.95,31
2026-04-02 02:18:55,,,,,0.58,0.8,12.96,87.7,14.25,7.95,31
2026-04-02 02:48:47,,,,,0.58,0.8,12.6,87.42,14,7.95,31
2026-04-02 03:18:39,,,,,0.58,0.8,12.44,87.13,13.5,7.95,31
2026-04-02 03:48:32,,,,,0.58,0.8,12.75,88.56,13.5,7.94,31
2026-04-02 04:18:24,,,,,0.58,0.8,12.16,89.83,13.25,7.94,31
2026-04-02 04:48:17,,,,,0.58,0.8,12.07,91.75,13,7.94,31
2026-04-02 05:18:10,,,,,0.58,0.8,12.01,92.86,12.75,7.94,31
2026-04-02 05:48:04,,,,,0.58,0.8,11.8,94.61,12.75,7.94,31
2026-04-02 06:17:57,,,,,0.58,0.8,11.39,93.62,12.5,7.93,31
2026-04-02 06:47:49,,,,,0.59,0.8,11.31,94.06,12.25,7.93,31
2026-04-02 07:17:43,,,,,0.58,0.8,11.57,96.87,12.25,7.94,31
2026-04-02 07:47:36,,,,,0.58,0.8,10.9,96.12,12.25,7.94,31
2026-04-02 08:17:28,,,,,0.58,0.8,11.51,96.82,12.25,7.94,31
2026-04-02 08:47:25,,,,,0.59,0.8,20.98,60.64,14,7.94,31
2026-04-02 09:17:27,,,,,0.59,0.8,23.78,53.74,18.75,7.95,31
2026-04-02 09:49:34,,,,,0.59,0.8,21.52,63.29,21.5,7.97,31
2026-04-02 10:19:28,,,,,0.59,0.8,22.9,55.51,22.75,7.96,31
2026-04-02 10:49:23,,,,,0.59,0.8,20.75,64.08,23,7.96,31
2026-04-02 11:19:17,,,,,0.58,0.8,21.12,60.54,23.5,7.97,31
2026-04-02 11:49:11,,,,,0.58,0.8,21.36,61.6,24.75,7.97,31
2026-04-02 12:19:05,,,,,0.58,0.8,22.15,62.96,26.5,7.98,31
2026-04-02 12:49:02,,,,,0.58,0.8,23.27,58.61,28.75,7.98,31
2026-04-02 13:19:01,,,,,0.58,0.8,23.56,60.74,31.25,7.98,31
2026-04-02 13:48:56,,,,,0.58,0.8,23.78,61.37,32.5,7.98,31
2026-04-02 14:18:49,,,,,0.58,0.8,24.43,66.16,32.5,7.98,31
2026-04-02 14:48:45,,,,,0.58,0.8,25.06,58.16,34.25,7.98,31
2026-04-02 15:18:42,,,,,0.58,0.8,25.75,49.73,36.5,7.98,31
2026-04-02 15:48:37,,,,,0.58,0.8,27.55,45.13,36.75,7.98,31
2026-04-02 16:18:28,,,,,0.59,0.8,27.52,48.78,35.75,7.98,31
2026-04-02 16:48:20,,,,,0.59,0.8,27.35,43.57,34.75,7.98,31
2026-04-02 17:18:11,,,,,0.59,0.79,26.86,46.99,34.25,7.98,31
2026-04-02 17:48:03,,,,,0.59,0.79,26.25,44.41,33.5,7.98,31
2026-04-02 18:17:56,,,,,0.59,0.79,25.48,43.76,32.75,7.98,31
2026-04-02 18:47:48,,,,,0.59,0.8,24.38,45.84,31,7.98,31
2026-04-02 19:17:35,,,,,0.59,0.8,23.18,48.78,27.25,7.98,31
2026-04-02 19:47:24,,,,,0.59,0.8,22.46,48.35,25,7.97,31
2026-04-02 20:17:15,,,,,0.59,0.8,21.59,51.8,23.75,7.97,31
2026-04-02 20:47:06,,,,,0.58,0.8,21.08,51.65,22.5,7.97,31
2026-04-02 21:16:57,,,,,0.59,0.8,20.02,56.21,21.75,7.96,31
2026-04-02 21:48:55,,,,,0.58,0.8,19.1,60.91,21,7.95,20
2026-04-02 22:18:46,,,,,0.58,0.8,17.92,67.59,19.75,7.97,20
2026-04-02 22:48:37,,,,,0.58,0.8,17.81,65.01,19,7.96,20
2026-04-02 23:18:29,,,,,0.59,0.8,15.19,73.38,18,7.94,20
2026-04-02 23:48:18,,,,,0.58,0.8,14.25,77.45,16.5,7.95,20
2026-04-03 00:18:10,,,,,0.59,0.8,13.48,79.8,15.5,7.95,20
2026-04-03 00:48:01,,,,,0.59,0.8,13.04,79.27,14.75,7.95,20
2026-04-03 01:17:54,,,,,0.59,0.8,12.75,79.97,14,7.94,20
2026-04-03 01:47:45,,,,,0.58,0.8,12.14,81.79,13.5,7.95,20
2026-04-03 02:17:37,,,,,0.59,0.8,11.77,84.26,13,7.94,20
2026-04-03 02:47:28,,,,,0.59,0.79,11.1,85.05,12.5,7.94,20
2026-04-03 03:17:21,,,,,0.59,0.8,10.78,86.17,12.25,7.94,20
2026-04-03 03:47:13,,,,,0.59,0.8,10.77,88.44,11.75,7.94,20
2026-04-03 04:17:06,,,,,0.58,0.8,10.68,88.8,11.75,7.93,20
2026-04-03 04:46:59,,,,,0.58,0.8,10.34,91.04,11.5,7.94,20
2026-04-03 05:16:51,,,,,0.58,0.8,10.39,91.03,11.25,7.94,20
2026-04-03 05:46:44,,,,,0.59,0.8,10.13,93.1,11.25,7.94,20
2026-04-03 06:16:37,,,,,0.58,0.8,9.75,94.34,11,7.93,20
2026-04-03 06:46:29,,,,,0.59,0.79,9.38,92.58,10.75,7.93,20
2026-04-03 07:16:21,,,,,0.59,0.8,9.9,96.35,10.75,7.94,20
2026-04-03 07:46:14,,,,,0.59,0.79,9.26,95.41,10.5,7.93,20
2026-04-03 08:16:07,,,,,0.59,0.8,9.78,93.59,10.25,7.92,20
2026-04-03 08:46:03,,,,,0.59,0.8,18.07,66.86,12.25,7.94,20
2026-04-03 09:16:05,,,,,0.59,0.8,19.46,63.15,16.5,7.94,20
2026-04-03 09:47:32,,,,,0.6,0.8,23.85,50.79,20,7.95,20
2026-04-03 10:17:27,,,,,0.59,0.8,22.24,56.6,21.5,7.97,20
2026-04-03 10:47:22,,,,,0.59,0.8,20.39,63.02,22.25,7.96,20
2026-04-03 11:17:14,,,,,0.59,0.8,20.85,57.9,22.25,7.96,20
2026-04-03 11:47:09,,,,,0.59,0.8,20.72,58.69,23.75,7.98,20
2026-04-03 12:17:06,,,,,0.59,0.79,21.7,56.5,25.75,7.97,20
2026-04-03 12:47:03,,,,,0.59,0.8,22.46,55.58,28,7.98,20
2026-04-03 13:16:58,,,,,0.59,0.8,22.99,56.06,30,7.97,20
2026-04-03 13:46:56,,,,,0.59,0.8,23.6,49.1,33,7.98,20
2026-04-03 14:16:51,,,,,0.59,0.8,24.25,54.92,34.25,7.97,20
2026-04-03 14:46:43,,,,,0.58,0.8,24.94,54.1,34,7.98,20
2026-04-03 15:16:37,,,,,0.59,0.8,25.72,53.79,35,7.98,20
2026-04-03 15:46:32,,,,,0.58,0.8,25.89,57.94,35.75,7.98,20
2026-04-03 16:16:26,,,,,0.59,0.8,26.73,61.63,36.25,7.98,20
2026-04-03 16:46:19,,,,,0.59,0.8,27.25,52.63,37,7.98,20
2026-04-03 17:16:11,,,,,0.58,0.8,27.21,42.19,36.75,7.98,20
2026-04-03 17:46:05,,,,,0.59,0.8,27.01,43.32,37.25,7.98,20
2026-04-03 18:15:58,,,,,0.59,0.8,26.93,54.77,37.75,7.98,20
2026-04-03 18:45:54,,,,,0.59,0.8,27.54,41.85,39.25,7.97,20
2026-04-03 19:15:41,,,,,0.59,0.8,24.67,48.62,33.75,7.98,20
2026-04-03 19:45:23,,,,,0.59,0.8,23.1,58.08,28,7.98,20
2026-04-03 20:15:12,,,,,0.59,0.8,22.2,55.68,25.25,7.97,20
2026-04-03 20:45:02,,,,,0.59,0.79,20.85,59.68,23.5,7.97,20
2026-04-03 21:14:51,,,,,0.59,0.8,18.66,66.14,21.75,7.96,20
2026-04-03 21:48:37,,,,,0.59,0.79,17.61,67.69,20.25,7.96,31
2026-04-03 22:18:27,,,,,0.59,0.8,16.72,67.92,18.75,7.95,31
2026-04-03 22:48:20,,,,,0.59,0.8,16,72.14,18,7.95,31
2026-04-03 23:18:10,,,,,0.59,0.79,15.56,76.17,17,7.95,31
2026-04-03 23:48:01,,,,,0.59,0.8,15.17,74.06,16.5,7.95,31
2026-04-04 00:17:53,,,,,0.59,0.79,14.52,77.15,16.25,7.95,31
2026-04-04 00:47:44,,,,,0.59,0.8,13.79,79.22,15.5,7.95,31
2026-04-04 01:17:36,,,,,0.59,0.8,13.43,80.64,15,7.94,31
2026-04-04 01:47:28,,,,,0.59,0.8,13.69,82.28,14.5,7.95,31
2026-04-04 02:17:21,,,,,0.59,0.79,13.08,78.82,14.25,7.93,31
2026-04-04 02:47:12,,,,,0.59,0.8,12.56,82.12,14,7.95,31
2026-04-04 03:17:05,,,,,0.59,0.79,12.78,84.04,13.75,7.94,31
2026-04-04 03:46:58,,,,,0.59,0.79,12.17,80.8,13.5,7.94,31
2026-04-04 04:16:50,,,,,0.59,0.79,12.34,82.11,13.25,7.94,31
2026-04-04 04:46:43,,,,,0.59,0.79,11.93,85.06,13,7.93,31
2026-04-04 05:16:36,,,,,0.59,0.79,11.56,85.79,12.75,7.94,31
2026-04-04 05:46:29,,,,,0.59,0.8,11.27,87.95,12.5,7.94,31
2026-04-04 06:16:21,,,,,0.59,0.79,11.01,88.15,12.25,7.93,31
2026-04-04 06:46:14,,,,,0.59,0.79,10.24,88.27,12,7.93,31
2026-04-04 07:16:06,,,,,0.59,0.79,10.39,90.11,11.5,7.94,31
2026-04-04 07:45:58,,,,,0.59,0.79,9.7,90.3,11.25,7.93,31
2026-04-04 08:15:50,,,,,0.59,0.79,9.94,89.75,10.75,7.93,31
2026-04-04 08:45:47,,,,,0.59,0.79,21.23,57.84,13.25,7.94,31
2026-04-04 09:15:50,,,,,0.6,0.79,23.23,46.89,17.5,7.94,31
2026-04-04 09:48:06,,,,,0.6,0.79,23.93,46.02,21.75,7.95,20
2026-04-04 10:18:03,,,,,0.6,0.8,24.14,47.04,24,7.96,20
2026-04-04 10:47:54,,,,,0.59,0.79,22.67,53.85,23.5,7.96,20
2026-04-04 11:17:51,,,,,0.59,0.8,23.51,47.98,25.75,7.97,20
2026-04-04 11:47:43,,,,,0.59,0.8,21.99,51.95,25.5,7.98,20
2026-04-04 12:17:37,,,,,0.59,0.79,23.2,48.77,26.75,7.98,20
2026-04-04 12:47:33,,,,,0.59,0.8,24.1,50.37,28.75,7.97,20
2026-04-04 13:17:30,,,,,0.59,0.79,24.58,56.36,31,7.98,20
2026-04-04 13:47:26,,,,,0.59,0.79,25.54,49.66,32.75,7.98,20
2026-04-04 14:17:22,,,,,0.59,0.79,25.87,56.58,34.5,7.98,20
2026-04-04 14:47:18,,,,,0.59,0.79,27.01,51.27,36.5,7.98,20
2026-04-04 15:17:12,,,,,0.59,0.79,27.06,57.27,37.75,7.98,20
2026-04-04 15:47:07,,,,,0.59,0.8,27.23,52.58,38.5,7.98,20
2026-04-04 16:16:59,,,,,0.59,0.8,27.92,53.38,38.75,7.98,20
2026-04-04 16:46:54,,,,,0.6,0.79,28.48,43.98,40.25,7.98,20
2026-04-04 17:16:50,,,,,0.6,0.79,29.96,36.06,40.25,7.98,20
2026-04-04 17:46:38,,,,,0.6,0.79,28.86,38.2,37.75,7.98,20
2026-04-04 18:16:29,,,,,0.59,0.79,28.24,43.14,36.5,7.98,20
2026-04-04 18:46:20,,,,,0.59,0.79,26.9,42.04,35,7.98,20
2026-04-04 19:16:05,,,,,0.59,0.79,25.2,46.24,30,7.98,20
2026-04-04 19:45:52,,,,,0.6,0.79,24,46.33,27,7.98,20
2026-04-04 20:15:42,,,,,0.59,0.79,23.31,46.26,25.25,7.95,20
2026-04-04 20:45:33,,,,,0.59,0.79,22.17,61.12,24,7.97,20
2026-04-04 21:15:23,,,,,0.59,0.79,19.76,65.32,22.5,7.97,20
2026-04-04 21:47:27,,,,,0.59,0.79,19.64,63.53,21.5,7.96,31
2026-04-04 22:17:18,,,,,0.6,0.79,16.91,70.09,19.75,7.97,31
2026-04-04 22:47:08,,,,,0.59,0.79,15.77,72.97,18,7.95,31
2026-04-04 23:16:43,,,,,0.59,0.79,14.59,77.84,16,7.96,31
2026-04-04 23:16:58,,,,,0.59,0.79,15.69,76.22,17.5,7.95,31
2026-04-04 23:46:35,,,,,0.6,0.79,13.83,79.89,15.5,7.94,31
2026-04-04 23:46:51,,,,,0.6,0.79,15.23,74.04,16.75,7.94,31
2026-04-05 00:16:28,,,,,0.59,0.79,13.49,82.91,14.75,7.94,31
2026-04-05 00:46:20,,,,,0.59,0.79,12.81,83.24,14.25,7.95,31
2026-04-05 01:16:13,,,,,0.59,0.79,12.94,83.68,14,7.95,31
2026-04-05 01:46:05,,,,,0.59,0.79,12.33,87.16,13.5,7.95,31
2026-04-05 02:15:57,,,,,0.59,0.79,12.43,87.66,13.25,7.95,31
2026-04-05 02:45:50,,,,,0.59,0.79,11.92,86.02,13,7.95,31
2026-04-05 03:15:42,,,,,0.59,0.79,11.89,89.31,13,7.94,31
2026-04-05 03:45:35,,,,,0.59,0.79,11.35,88.64,12.75,7.94,31
2026-04-05 04:15:27,,,,,0.59,0.79,11.24,91.14,12.5,7.94,31
2026-04-05 04:45:19,,,,,0.59,0.79,11.24,92.93,12,7.94,31
2026-04-05 05:15:11,,,,,0.59,0.79,10.86,92.49,11.75,7.93,31
2026-04-05 05:45:04,,,,,0.59,0.79,10.17,92.53,11.5,7.94,31
2026-04-05 06:14:57,,,,,0.59,0.79,10.02,94.33,11,7.94,31
2026-04-05 06:44:49,,,,,0.59,0.79,9.58,93.49,11,7.94,31
2026-04-05 07:14:42,,,,,0.59,0.79,9.97,93.35,10.75,7.93,31
2026-04-05 07:44:37,,,,,0.6,0.79,14.98,74.86,12.25,7.94,31
2026-04-05 08:14:40,,,,,0.6,0.79,19.85,55.14,16.75,7.94,31
2026-04-05 08:46:08,,,,,0.6,0.79,20.62,57.17,19.75,7.95,31
2026-04-05 09:16:05,,,,,0.6,0.79,23.92,49.75,21.5,7.96,31
2026-04-05 09:46:00,,,,,0.6,0.79,19.99,58.49,22.25,7.96,31
2026-04-05 10:15:52,,,,,0.59,0.79,18.91,63.64,22,7.97,31
2026-04-05 10:45:44,,,,,0.59,0.79,19.31,65.11,22.75,7.96,31
2026-04-05 11:15:39,,,,,0.59,0.79,19.82,61.2,23.75,7.96,31
2026-04-05 11:45:36,,,,,0.59,0.79,20.5,65.65,25.5,7.95,31
2026-04-05 12:15:32,,,,,0.6,0.79,22.14,47.88,27.25,7.97,31
2026-04-05 12:45:25,,,,,0.6,0.79,22.75,48.07,28,7.98,31
2026-04-05 13:15:20,,,,,0.59,0.79,23.26,48.94,29.75,7.98,31
2026-04-05 13:45:18,,,,,0.6,0.79,23.6,42.89,31.75,7.98,31
2026-04-05 14:15:12,,,,,0.6,0.79,23.75,46.79,32.25,7.98,31
2026-04-05 14:45:02,,,,,0.59,0.79,24.1,44.34,31,7.98,31
2026-04-05 15:14:55,,,,,0.6,0.79,24.21,43.2,31,7.97,31
2026-04-05 15:44:49,,,,,0.6,0.78,24.09,39.97,30.75,7.98,31
2026-04-05 16:14:42,,,,,0.61,0.78,24.18,37.65,31.25,7.98,31
2026-04-05 16:44:36,,,,,0.6,0.79,23.99,40.77,31.5,7.98,31
2026-04-05 17:14:27,,,,,0.6,0.79,22.63,48.12,29.75,7.98,31
2026-04-05 17:44:12,,,,,0.61,0.78,20.62,53.11,25.25,7.98,31
2026-04-05 18:14:01,,,,,0.6,0.78,19.5,56.49,22.5,7.96,31
2026-04-05 18:43:51,,,,,0.6,0.78,18.63,63.49,20.75,7.96,31
2026-04-05 19:13:39,,,,,0.59,0.78,17.92,64.27,20,7.96,31
2026-04-05 19:43:31,,,,,0.6,0.78,17.46,68.28,19,7.96,31
2026-04-05 20:13:24,,,,,0.6,0.78,17.13,65.98,18.5,7.97,31
2026-04-05 20:47:11,,,,,0.6,0.78,16.21,70.07,18,7.97,31
2026-04-05 21:17:03,,,,,0.6,0.79,16.04,77.25,17.25,7.96,31
2026-04-05 21:46:54,,,,,0.6,0.79,15.25,77.43,16.5,7.95,31
2026-04-05 22:16:46,,,,,0.59,0.79,13.58,80.78,15.75,7.96,31
2026-04-05 22:46:37,,,,,0.59,0.79,13.35,83.46,15,7.96,31
2026-04-05 23:16:29,,,,,0.6,0.79,12.92,85.35,14.25,7.94,31
2026-04-05 23:46:20,,,,,0.6,0.78,12.74,85.4,14,7.95,31
2026-04-06 00:16:12,,,,,0.6,0.78,12.47,83.44,13.75,7.95,31
2026-04-06 00:46:05,,,,,0.6,0.78,11.1,87.98,13,7.95,31
2026-04-06 01:15:56,,,,,0.6,0.79,11.09,88.49,12.25,7.94,31
2026-04-06 01:45:49,,,,,0.6,0.79,10.74,91.2,12,7.93,31
2026-04-06 02:15:41,,,,,0.6,0.79,10.1,92.2,11.5,7.92,31
2026-04-06 02:45:32,,,,,0.6,0.79,10.15,93.09,11,7.94,31
2026-04-06 03:15:26,,,,,0.6,0.79,9.78,93.42,10.75,7.93,31
2026-04-06 03:45:17,,,,,0.6,0.78,9.37,94.88,10.5,7.92,31
2026-04-06 04:15:10,,,,,0.6,0.78,9.02,95.59,10.25,7.94,31
2026-04-06 04:45:04,,,,,0.6,0.78,9.11,96.77,10,7.94,31
2026-04-06 05:14:57,,,,,0.6,0.78,8.58,96.59,10,7.92,31
2026-04-06 05:44:49,,,,,0.6,0.78,8.87,98.07,9.75,7.93,31
2026-04-06 06:14:41,,,,,0.6,0.78,8.87,98.71,9.75,7.92,31
2026-04-06 06:44:33,,,,,0.6,0.78,8.48,98.65,9.5,7.92,31
2026-04-06 07:14:26,,,,,0.6,0.79,8.75,98.05,9.5,7.93,31
2026-04-06 07:44:21,,,,,0.6,0.78,17.19,62.96,10.75,7.94,31
2026-04-06 08:14:23,,,,,0.61,0.78,21.59,51.94,15.75,7.95,31
2026-04-06 08:46:38,,,,,0.61,0.78,23.97,49.24,19.5,7.95,31
2026-04-06 09:16:35,,,,,0.6,0.78,23,50.01,21.5,7.96,31
2026-04-06 09:46:27,,,,,0.6,0.78,17.52,67.86,21.5,7.96,31
2026-04-06 10:16:18,,,,,0.59,0.78,18.63,62.73,20.75,7.96,31
2026-04-06 10:46:13,,,,,0.6,0.78,19.18,58.16,22.75,7.96,31
2026-04-06 11:16:10,,,,,0.6,0.79,19.61,56.61,24.25,7.96,31
2026-04-06 11:46:06,,,,,0.6,0.78,20.03,53.11,26,7.97,31
2026-04-06 12:16:02,,,,,0.6,0.78,20.39,55.35,27.75,7.98,31
2026-04-06 12:45:56,,,,,0.6,0.78,20.87,58.07,28.5,7.98,31
2026-04-06 13:15:52,,,,,0.6,0.78,21.81,51.11,30,7.97,31
2026-04-06 13:45:47,,,,,0.6,0.79,22.72,52.76,30.5,7.98,31
2026-04-06 14:15:42,,,,,0.6,0.79,23.35,47.79,31.75,7.98,31
2026-04-06 14:45:37,,,,,0.6,0.79,23.76,47.35,33.25,7.98,31
2026-04-06 15:15:34,,,,,0.6,0.79,24.75,42.51,36.25,7.98,31
2026-04-06 15:45:25,,,,,0.6,0.78,25.25,41.77,34.25,7.98,31
2026-04-06 16:15:16,,,,,0.6,0.78,25.26,43.31,33.75,7.98,31
2026-04-06 16:45:10,,,,,0.6,0.78,25.03,46.16,34,7.98,31
2026-04-06 17:15:00,,,,,0.61,0.78,24.12,46.5,32.75,7.98,31
2026-04-06 17:44:51,,,,,0.6,0.78,23.15,49.74,31.25,7.98,31
2026-04-06 18:14:38,,,,,0.6,0.78,21.74,52.53,26.5,7.97,31
2026-04-06 18:44:25,,,,,0.61,0.78,20.83,58.94,23.5,7.96,31
2026-04-06 19:14:16,,,,,0.61,0.78,20.31,58.11,22.25,7.96,31
2026-04-06 19:44:07,,,,,0.6,0.78,19.8,56.94,21.5,7.97,31
2026-04-06 20:13:58,,,,,0.61,0.78,18.75,64.01,20.5,7.96,31
2026-04-06 20:46:01,,,,,0.6,0.78,17.39,69.78,19.5,7.95,31
2026-04-06 21:15:51,,,,,0.6,0.78,14.66,76.44,17.75,7.95,31
2026-04-06 21:45:41,,,,,0.6,0.78,13.9,79.69,16.25,7.94,31
2026-04-06 22:15:33,,,,,0.6,0.78,13.39,80.6,15.25,7.94,31
2026-04-06 22:45:24,,,,,0.6,0.78,12.86,82.41,14.5,7.94,31
2026-04-06 23:15:17,,,,,0.6,0.78,12.26,84.09,14,7.94,31
2026-04-06 23:45:08,,,,,0.6,0.78,12.13,84.66,13.5,7.95,31
2026-04-07 00:15:01,,,,,0.6,0.78,12.98,87.49,13.25,7.94,31
2026-04-07 00:44:54,,,,,0.6,0.78,11.42,87.22,13,7.94,31
2026-04-07 01:14:46,,,,,0.6,0.78,11.64,84.64,12.5,7.94,31
2026-04-07 01:44:38,,,,,0.61,0.78,11.1,87.38,12.25,7.94,31
2026-04-07 02:14:30,,,,,0.6,0.78,10.88,89.7,12,7.94,31
2026-04-07 02:44:24,,,,,0.6,0.78,10.56,91.1,11.75,7.94,31
2026-04-07 03:14:17,,,,,0.6,0.78,10.79,93.25,11.75,7.94,31
2026-04-07 03:44:11,,,,,0.6,0.78,10.26,93.35,11.5,7.93,31
2026-04-07 04:14:03,,,,,0.6,0.78,9.65,92.82,11.25,7.94,31
2026-04-07 04:43:55,,,,,0.6,0.78,9.61,92.82,11,7.93,31
2026-04-07 05:13:48,,,,,0.6,0.78,9.45,93.62,11,7.94,31
2026-04-07 05:43:40,,,,,0.6,0.78,9.42,96.67,10.5,7.92,31
2026-04-07 06:13:33,,,,,0.61,0.78,9.67,94.41,10.5,7.93,31
2026-04-07 06:43:26,,,,,0.6,0.78,9.03,95.9,10.25,7.93,31
2026-04-07 07:13:18,,,,,0.6,0.78,9.43,96.6,10.25,7.93,31
2026-04-07 07:43:13,,,,,0.61,0.78,18.67,60.73,11.5,7.93,31
2026-04-07 08:13:17,,,,,0.61,0.78,23.72,48.58,16.25,7.94,31
2026-04-07 08:45:28,,,,,0.61,0.78,23.11,51.65,19.75,7.95,31
2026-04-07 09:15:25,,,,,0.61,0.78,23.16,50.89,21.5,7.96,31
2026-04-07 09:45:19,,,,,0.61,0.78,22.56,51.01,22.25,7.95,31
2026-04-07 10:15:15,,,,,0.6,0.78,21.55,52.75,23.75,7.97,31
2026-04-07 10:45:08,,,,,0.6,0.78,20.16,59.08,24.5,7.97,31
2026-04-07 11:15:01,,,,,0.6,0.78,22.63,51.94,25.75,7.97,31
2026-04-07 11:44:57,,,,,0.6,0.78,21.74,55.21,27.25,7.97,31
2026-04-07 12:14:52,,,,,0.6,0.78,22.74,57.22,29,7.98,31
2026-04-07 12:44:49,,,,,0.6,0.78,23.32,51.03,31.5,7.98,31
2026-04-07 13:14:46,,,,,0.6,0.78,24.35,51.5,33.25,7.98,31
2026-04-07 13:44:42,,,,,0.59,0.78,24.76,52.84,34.5,7.98,31
2026-04-07 14:14:36,,,,,0.6,0.79,25.13,54.17,35.25,7.98,31
2026-04-07 14:44:30,,,,,0.6,0.79,25.62,58.81,36.25,7.97,31
2026-04-07 15:14:24,,,,,0.6,0.78,26.3,49.63,37,7.98,31
2026-04-07 15:44:18,,,,,0.6,0.78,27.27,53.45,38,7.97,31
2026-04-07 16:14:11,,,,,0.61,0.78,28.49,37.45,38,7.98,31
2026-04-07 16:44:03,,,,,0.61,0.78,28.25,35.97,37.25,7.98,31
2026-04-07 17:13:55,,,,,0.61,0.78,27.45,39.76,36.5,7.98,31
2026-04-07 17:43:45,,,,,0.61,0.78,26.31,40.6,34.5,7.98,31
2026-04-07 18:13:31,,,,,0.61,0.78,24.54,45.4,29.5,7.97,31
2026-04-07 18:43:18,,,,,0.61,0.78,23.5,47.1,26.5,7.95,31
2026-04-07 19:13:08,,,,,0.6,0.78,23.04,46.97,25.25,7.97,31
2026-04-07 19:42:59,,,,,0.61,0.78,21.94,50.69,24,7.97,31
2026-04-07 20:12:50,,,,,0.6,0.78,21.07,53.86,22.75,7.96,31
2026-04-07 20:44:51,,,,,0.6,0.78,19.58,65.6,21.5,7.96,31
2026-04-07 21:14:42,,,,,0.61,0.78,18.31,68.07,20.5,7.96,31
2026-04-07 21:44:33,,,,,0.61,0.78,15.84,73.11,19.25,7.96,31
2026-04-07 22:14:22,,,,,0.61,0.78,15.58,77.07,17.5,7.95,31
2026-04-07 22:44:13,,,,,0.6,0.78,14.43,79.7,16.25,7.95,31
2026-04-07 23:14:04,,,,,0.61,0.78,13.45,79.57,15.5,7.95,31
2026-04-07 23:43:55,,,,,0.61,0.78,13.12,80.91,14.75,7.95,31
2026-04-08 00:13:47,,,,,0.61,0.78,12.8,82.51,14,7.94,31
2026-04-08 00:43:39,,,,,0.61,0.78,12.37,83.46,13.75,7.94,31
2026-04-08 01:13:32,,,,,0.61,0.78,12.06,85.58,13.5,7.94,31
2026-04-08 01:43:24,,,,,0.61,0.78,11.9,86,13,7.94,31
2026-04-08 02:13:16,,,,,0.61,0.78,11.21,87.16,12.75,7.94,31
2026-04-08 02:43:08,,,,,0.61,0.78,11.16,87.05,12.5,7.94,31
2026-04-08 03:13:02,,,,,0.61,0.78,10.84,89.55,12.25,7.93,31
2026-04-08 03:42:54,,,,,0.61,0.78,10.85,90.44,11.75,7.93,31
2026-04-08 04:12:46,,,,,0.61,0.78,10.47,91.55,11.5,7.93,31
2026-04-08 04:42:39,,,,,0.61,0.78,10.89,91.82,11.5,7.92,31
2026-04-08 05:12:32,,,,,0.61,0.78,10.16,92.35,11.25,7.92,31
2026-04-08 05:42:24,,,,,0.61,0.78,10.37,95.67,11.25,7.92,31
2026-04-08 06:12:17,,,,,0.61,0.78,9.84,94.43,10.75,7.92,31
2026-04-08 06:42:10,,,,,0.6,0.78,10.02,95.14,10.75,7.93,31
2026-04-08 07:12:03,,,,,0.61,0.78,9.88,93.57,10.75,7.93,31
2026-04-08 07:41:57,,,,,0.61,0.78,18.17,63.81,11.5,7.93,31
2026-04-08 08:12:02,,,,,0.62,0.78,23.91,48.08,16.5,7.95,31
2026-04-08 08:44:23,,,,,0.61,0.78,22.72,52.78,20,7.95,31
2026-04-08 09:14:20,,,,,0.62,0.78,25.23,46.47,22,7.96,31
2026-04-08 09:44:14,,,,,0.61,0.78,20.49,59.27,22.75,7.96,31
2026-04-08 10:14:06,,,,,0.61,0.78,19.81,61.02,22.75,7.96,31
2026-04-08 10:43:59,,,,,0.6,0.78,20.02,63.07,23.75,7.97,31
2026-04-08 11:13:55,,,,,0.61,0.78,22.11,52.12,25.75,7.97,31
2026-04-08 11:43:52,,,,,0.6,0.79,21.19,61.06,27.25,7.98,31
2026-04-08 12:13:45,,,,,0.6,0.78,21.99,55.55,28.25,7.98,31
2026-04-08 13:13:37,,,,,0.6,0.78,23.26,57.75,31.25,7.98,31
2026-04-08 13:43:34,,,,,0.6,0.78,24.24,56.47,32.25,7.98,31
2026-04-08 14:13:30,,,,,0.61,0.78,26.17,44.21,34.5,7.98,31
2026-04-08 14:43:26,,,,,0.61,0.78,26.61,45.09,35.75,7.98,31
2026-04-08 15:13:17,,,,,0.61,0.78,26.76,43.67,35.5,7.98,31
2026-04-08 15:43:07,,,,,0.61,0.78,26.43,45.31,34.25,7.98,31
2026-04-08 16:12:59,,,,,0.61,0.78,25.98,42.8,34,7.98,31
2026-04-08 16:42:52,,,,,0.62,0.78,25.33,48.82,33.5,7.98,31
2026-04-08 17:12:43,,,,,0.61,0.78,24.25,49.32,32,7.98,31
2026-04-08 17:42:33,,,,,0.61,0.78,23.07,54.35,29.75,7.98,31
2026-04-08 18:12:20,,,,,0.61,0.78,21.49,53.53,25.75,7.98,31
2026-04-08 18:42:08,,,,,0.62,0.78,20.57,57.83,23,7.97,31
2026-04-08 19:11:58,,,,,0.61,0.78,19.5,61.25,21.75,7.96,31
2026-04-08 19:41:48,,,,,0.61,0.78,18.69,64,20.5,7.96,31
2026-04-08 20:11:41,,,,,0.61,0.78,17.77,63.48,19.5,7.95,31
2026-04-08 20:44:12,,,,,0.61,0.78,16.55,74.18,18.5,7.96,31
2026-04-08 21:14:03,,,,,0.6,0.78,15.56,74.81,17.5,7.95,31
2026-04-08 21:43:54,,,,,0.61,0.78,14.83,77.12,16.5,7.95,31
2026-04-08 22:13:46,,,,,0.61,0.78,14.28,78.25,15.75,7.95,31
2026-04-08 22:43:36,,,,,0.61,0.78,13.36,80.01,15,7.93,31
2026-04-08 23:13:27,,,,,0.6,0.78,12.68,82.62,14.5,7.94,31
2026-04-08 23:43:18,,,,,0.6,0.78,12.02,84.54,13.5,7.94,31
2026-04-09 00:13:11,,,,,0.6,0.78,11.21,85.94,13,7.93,31
2026-04-09 00:43:03,,,,,0.61,0.78,10.48,88.66,12.5,7.94,31
2026-04-09 01:12:54,,,,,0.61,0.78,10.34,88.49,11.5,7.93,31
2026-04-09 01:42:46,,,,,0.61,0.78,9.44,89.56,11.25,7.93,31
2026-04-09 02:12:38,,,,,0.61,0.78,9.59,91.2,10.75,7.94,31
2026-04-09 02:42:31,,,,,0.61,0.78,9.18,92.79,10.5,7.93,31
2026-04-09 03:12:23,,,,,0.61,0.78,8.95,93.54,10,7.91,31
2026-04-09 03:42:16,,,,,0.61,0.78,9.14,92.86,10,7.92,31
2026-04-09 04:12:10,,,,,0.61,0.78,8.86,94.57,9.75,7.92,31
2026-04-09 04:42:03,,,,,0.61,0.78,8.92,91.74,9.75,7.93,31
2026-04-09 05:11:57,,,,,0.61,0.78,10.28,91.79,10.5,7.93,31
2026-04-09 05:41:52,,,,,0.61,0.78,10.73,94,11.25,7.93,31
2026-04-09 06:11:44,,,,,0.61,0.78,10.71,93.01,11.75,7.93,31
2026-04-09 06:41:37,,,,,0.61,0.78,10.53,94.95,11.75,7.92,31
2026-04-09 07:11:32,,,,,0.61,0.78,10.62,95.38,12,7.93,31
2026-04-09 07:41:26,,,,,0.61,0.78,10.99,94.94,12,7.93,31
2026-04-09 08:11:19,,,,,0.61,0.78,11.41,92.87,12.25,7.93,31
2026-04-09 08:43:25,,,,,0.61,0.78,11.93,91.39,13,7.92,31
2026-04-09 09:13:21,,,,,0.61,0.78,13.82,82.76,14.25,7.95,31
2026-04-09 09:43:18,,,,,0.61,0.78,14.72,82.48,16,7.94,31
2026-04-09 10:13:15,,,,,0.61,0.78,16.46,76.03,18.5,7.94,31
2026-04-09 10:43:10,,,,,0.61,0.78,16.23,77.72,20,7.95,31
2026-04-09 11:13:04,,,,,0.6,0.78,17.01,74.8,21.5,7.95,31
2026-04-09 11:43:01,,,,,0.61,0.78,18.35,68.14,23.75,7.95,31
2026-04-09 12:12:58,,,,,0.61,0.78,18.99,68.92,25.5,7.95,31
2026-04-09 12:42:53,,,,,0.61,0.78,19.9,65.75,27.25,7.98,31
2026-04-09 13:12:51,,,,,0.61,0.78,21.11,60.28,30.75,7.98,31
2026-04-09 13:42:49,,,,,0.61,0.78,23.27,50.1,32,7.97,31
2026-04-09 14:12:40,,,,,0.61,0.78,23.44,51.03,31.25,7.98,31
2026-04-09 14:42:32,,,,,0.61,0.78,23.5,51.21,30.75,7.97,31
2026-04-09 15:12:26,,,,,0.61,0.78,23.63,49.37,30.5,7.98,31
2026-04-09 15:42:19,,,,,0.61,0.78,23.61,50.33,31,7.98,31
2026-04-09 16:12:12,,,,,0.61,0.78,23.45,53.33,31,7.97,31
2026-04-09 16:42:05,,,,,0.62,0.78,22.94,54.36,30.25,7.98,31
2026-04-09 17:11:56,,,,,0.62,0.78,22.08,58.03,29.5,7.98,31
2026-04-09 17:41:47,,,,,0.61,0.78,20.84,59.2,27.75,7.96,31
2026-04-09 18:11:34,,,,,0.62,0.78,19.18,62.86,23.75,7.95,31
2026-04-09 18:41:21,,,,,0.61,0.77,18.07,64.63,20.75,7.95,31
2026-04-09 19:11:11,,,,,0.6,0.78,17.12,67.65,19.25,7.94,31
2026-04-09 19:41:03,,,,,0.61,0.78,16.43,70.66,18.25,7.93,31
2026-04-09 20:10:54,,,,,0.61,0.78,15.9,70.66,17.5,7.93,31
2026-04-09 20:42:56,,,,,0.61,0.78,15.13,80.72,16.75,7.94,31
2026-04-09 21:12:47,,,,,0.61,0.78,14.41,82.55,16,7.95,31
2026-04-09 21:42:40,,,,,0.61,0.78,13.52,83.84,15.25,7.94,31
2026-04-09 22:12:32,,,,,0.61,0.78,12.12,85.52,14.5,7.94,31
2026-04-09 22:42:23,,,,,0.61,0.78,11.68,87.5,13.5,7.94,31
2026-04-09 23:12:15,,,,,0.61,0.78,11.3,91.52,12.75,7.94,31
2026-04-09 23:42:08,,,,,0.61,0.78,10.48,89.1,12.5,7.94,31
2026-04-10 00:11:58,,,,,0.61,0.78,11.32,95.23,11.75,7.94,31
2026-04-10 00:41:52,,,,,0.61,0.78,10.38,96.88,11.5,7.93,31
2026-04-10 01:11:45,,,,,0.61,0.78,10.45,98.16,11.5,7.94,31
2026-04-10 01:41:38,,,,,0.61,0.78,9.9,96.04,11.25,7.94,31
2026-04-10 02:11:30,,,,,0.62,0.78,9.8,93.71,10.75,7.93,31
2026-04-10 02:41:24,,,,,0.62,0.78,10.89,93.31,11.5,7.93,31
2026-04-10 03:11:18,,,,,0.62,0.78,11.24,93.41,12,7.93,31
2026-04-10 03:41:12,,,,,0.61,0.78,11.26,93.68,12.25,7.93,31
2026-04-10 04:11:05,,,,,0.62,0.78,11.21,94.03,12.5,7.93,31
2026-04-10 04:40:58,,,,,0.61,0.78,11.42,94.55,12.5,7.92,31
2026-04-10 05:10:52,,,,,0.61,0.78,11.1,94.93,12.25,7.94,31
2026-04-10 05:40:45,,,,,0.62,0.78,11.46,93.4,12.25,7.94,31
2026-04-10 06:10:38,,,,,0.62,0.78,11.59,93.28,12.5,7.92,31
2026-04-10 06:40:30,,,,,0.62,0.78,11.09,94.55,12.25,7.94,31
2026-04-10 07:10:23,,,,,0.61,0.78,11.03,92.92,12.25,7.93,31
2026-04-10 07:40:15,,,,,0.61,0.78,11.27,93.72,12.25,7.92,31
2026-04-10 08:10:09,,,,,0.61,0.78,11.33,93.79,12.25,7.92,31
2026-04-10 08:42:13,,,,,0.61,0.78,11.18,93.63,12.75,7.94,31
2026-04-10 09:12:07,,,,,0.61,0.78,11.49,91.72,13,7.92,31
2026-04-10 09:42:01,,,,,0.61,0.78,12,90.61,13.75,7.94,31
2026-04-10 10:11:56,,,,,0.61,0.78,12.78,87.95,14.25,7.93,31
2026-04-10 10:41:51,,,,,0.62,0.78,14.19,81.43,15.5,7.93,31
2026-04-10 11:11:46,,,,,0.62,0.78,14.86,76.72,16.5,7.93,31
2026-04-10 11:41:42,,,,,0.62,0.78,15.11,77.81,17.75,7.93,31
2026-04-10 12:11:36,,,,,0.61,0.78,16.23,75.9,18,7.94,31
2026-04-10 12:41:30,,,,,0.62,0.78,15.73,75.86,18.5,7.95,31
2026-04-10 13:11:24,,,,,0.61,0.78,16.75,71.15,18.75,7.95,31
2026-04-10 13:41:19,,,,,0.62,0.78,16.89,71.27,19.5,7.95,31
2026-04-10 14:11:13,,,,,0.62,0.78,17.43,70,20.25,7.94,31
2026-04-10 14:41:07,,,,,0.62,0.78,18.77,63.79,21.25,7.94,31
2026-04-10 15:11:06,,,,,0.62,0.78,16.17,77.3,24,7.95,31
2026-04-10 15:41:01,,,,,0.62,0.78,16.29,74.33,26.25,7.96,31
2026-04-10 16:11:00,,,,,0.62,0.78,17.81,68.32,30,7.96,31
2026-04-10 16:40:57,,,,,0.62,0.78,16.96,71.75,29.25,7.96,31
2026-04-10 17:10:39,,,,,0.61,0.78,17.15,70.53,23.25,7.96,31
2026-04-10 17:40:26,,,,,0.61,0.78,15.94,77.77,20.25,7.95,31
2026-04-10 18:10:17,,,,,0.62,0.78,15.4,76.26,19.5,7.94,31
2026-04-10 18:40:07,,,,,0.62,0.78,14.88,77.29,17.5,7.93,31
2026-04-10 19:09:57,,,,,0.61,0.78,14.59,78.39,16.25,7.94,31
2026-04-10 19:39:48,,,,,0.62,0.78,14.62,80.97,15.75,7.93,31
2026-04-10 20:09:40,,,,,0.62,0.77,14.76,78.88,16,7.94,31
2026-04-10 20:41:46,,,,,0.61,0.77,14.59,80.56,16,7.94,31
2026-04-10 21:11:38,,,,,0.61,0.77,14.75,81.09,15.75,7.94,31
2026-04-10 21:41:32,,,,,0.62,0.78,14.67,78.85,15.75,7.93,31
2026-04-10 22:11:25,,,,,0.61,0.77,14.72,77.97,15.75,7.94,31
2026-04-10 22:41:18,,,,,0.61,0.78,14.7,78.42,15.75,7.94,31
2026-04-10 23:11:12,,,,,0.62,0.77,14.51,82.41,15.5,7.93,31
2026-04-10 23:41:04,,,,,0.62,0.77,14.47,81,15.5,7.92,31
2026-04-11 00:10:57,,,,,0.62,0.77,14.47,81.37,15.5,7.93,31
2026-04-11 00:40:51,,,,,0.62,0.77,14.47,80.24,15.5,7.93,31
2026-04-11 01:10:45,,,,,0.62,0.77,14.13,81.77,15.5,7.92,31
2026-04-11 01:40:37,,,,,0.61,0.78,13.98,83.37,15.25,7.94,31
2026-04-11 02:10:29,,,,,0.62,0.77,13.86,85.99,15,7.91,31
2026-04-11 02:40:23,,,,,0.62,0.77,13.75,83.6,15,7.93,31
2026-04-11 03:10:16,,,,,0.62,0.78,13.57,85.2,14.75,7.93,31
2026-04-11 03:40:09,,,,,0.61,0.78,13.49,86.03,14.75,7.94,31
2026-04-11 04:10:02,,,,,0.62,0.78,12.34,88,14,7.93,31
2026-04-11 04:39:53,,,,,0.62,0.78,12.05,90.31,13.25,7.93,31
2026-04-11 05:09:47,,,,,0.61,0.78,12.12,90.19,13,7.92,31
2026-04-11 05:39:41,,,,,0.61,0.78,12.78,88.45,13.25,7.92,31
2026-04-11 06:09:34,,,,,0.62,0.78,11.8,91.68,13.5,7.92,31
2026-04-11 06:39:26,,,,,0.62,0.78,10.49,94.72,12.5,7.92,31
2026-04-11 07:09:16,,,,,0.62,0.77,9.92,94.96,11.75,7.91,31
2026-04-11 07:39:09,,,,,0.62,0.77,13.12,87.35,11.5,7.92,31
2026-04-11 08:09:08,,,,,0.62,0.77,17.05,72.99,14.5,7.91,31
2026-04-11 08:41:20,,,,,0.63,0.77,22.05,52.93,17.75,7.94,31
2026-04-11 09:11:18,,,,,0.62,0.77,18.75,65.97,20,7.93,31
2026-04-11 09:41:12,,,,,0.62,0.77,20.11,64.07,20.5,7.94,31
2026-04-11 10:11:06,,,,,0.62,0.77,19.83,58.44,21.75,7.94,31
2026-04-11 10:41:02,,,,,0.62,0.78,19.86,59.88,23.5,7.94,31
2026-04-11 11:10:57,,,,,0.62,0.78,21.84,53.81,25,7.95,31
2026-04-11 11:40:54,,,,,0.62,0.78,19.46,60.92,26.75,7.95,31
2026-04-11 12:10:47,,,,,0.61,0.78,19.26,62.64,26.5,7.96,31
2026-04-11 12:40:42,,,,,0.62,0.77,21.37,57.11,27.25,7.95,31
2026-04-11 13:10:35,,,,,0.61,0.78,21.85,52.14,27.75,7.97,31
2026-04-11 13:40:31,,,,,0.61,0.78,22.27,47.31,30,7.97,31
2026-04-11 14:10:29,,,,,0.61,0.78,21.98,56.11,31.75,7.97,31
2026-04-11 14:40:23,,,,,0.62,0.78,22.38,59.32,32.75,7.97,31
2026-04-11 15:10:16,,,,,0.62,0.78,22.66,55.61,32,7.98,31
2026-04-11 15:40:07,,,,,0.61,0.78,22.87,49.6,32.25,7.98,31
2026-04-11 16:10:10,,,,,0.62,0.78,23.16,52.09,36.75,7.97,31
2026-04-11 16:40:07,,,,,0.62,0.78,23.22,51.01,39,7.95,31
2026-04-11 17:10:01,,,,,0.63,0.8,24.45,48.4,39.25,7.97,31
2026-04-11 17:39:46,,,,,0.62,0.8,23.07,48.4,34.25,7.97,31
2026-04-11 18:09:29,,,,,0.63,0.8,21.18,52.37,27.75,7.96,31
2026-04-11 18:39:14,,,,,0.62,0.8,20.02,54.19,23.5,7.95,31
2026-04-11 19:09:05,,,,,0.62,0.8,19.07,59.28,21.5,7.95,31
2026-04-11 19:38:56,,,,,0.62,0.8,18.31,59.43,20.25,7.95,31
2026-04-11 20:08:47,,,,,0.62,0.8,17.36,62.12,19.25,7.94,31
2026-04-11 20:40:51,,,,,0.62,0.8,16.8,66.63,18.5,7.94,31
2026-04-11 21:10:42,,,,,0.62,0.8,16.21,67.37,17.75,7.93,31
2026-04-11 21:40:35,,,,,0.62,0.8,15.8,71.27,17,7.94,31
2026-04-11 22:10:27,,,,,0.61,0.8,14.58,74.61,16.25,7.94,31
2026-04-11 22:40:16,,,,,0.62,0.8,12.58,79.71,15.25,7.93,31
2026-04-11 23:10:07,,,,,0.61,0.81,11.39,82.35,14,7.94,31
2026-04-11 23:39:57,,,,,0.61,0.81,11.38,89.12,12.75,7.92,31
2026-04-12 00:09:49,,,,,0.62,0.81,10.4,85.77,12,7.93,31
2026-04-12 00:39:41,,,,,0.62,0.81,10.05,87.87,11.5,7.93,31
2026-04-12 01:09:32,,,,,0.62,0.81,9.64,90.39,11,7.92,31
2026-04-12 01:39:25,,,,,0.62,0.81,9.84,91.53,10.75,7.92,31
2026-04-12 02:09:17,,,,,0.62,0.81,9.19,93.12,10.25,7.92,31
2026-04-12 02:39:10,,,,,0.62,0.81,9.31,94.14,10,7.92,31
2026-04-12 03:09:02,,,,,0.62,0.82,9,95.56,9.75,7.92,31
2026-04-12 03:38:54,,,,,0.62,0.82,8.44,95.85,9.5,7.92,31
2026-04-12 04:08:47,,,,,0.62,0.83,8.39,96.99,9.5,7.92,31
2026-04-12 04:38:39,,,,,0.62,0.83,8.28,96.09,9.25,7.92,31
2026-04-12 05:08:32,,,,,0.62,0.83,7.91,97.64,8.75,7.92,31
2026-04-12 05:38:25,,,,,0.62,0.82,7.56,98.29,8.75,7.92,31
2026-04-12 06:08:17,,,,,0.62,0.81,8.18,99.41,8.5,7.92,31
2026-04-12 06:08:39,,,,,0.62,0.82,7.66,99.14,8.5,7.9,31
2026-04-12 06:08:42,,,,,0.62,0.82,7.59,99.57,8.5,7.9,31
2026-04-12 06:08:45,,,,,0.62,0.82,10.65,87.68,8.5,7.92,31
2026-04-12 06:08:49,,,,,0.62,0.83,18.08,59.63,12.5,7.92,31
2026-04-12 06:08:52,,,,,0.62,0.83,15.84,72.41,16,7.93,31
2026-04-12 06:08:55,,,,,0.62,0.81,15.62,75.27,16.75,7.93,31
2026-04-12 06:08:58,,,,,0.62,0.82,15.52,77.4,17.5,7.94,31
2026-04-12 06:09:01,,,,,0.62,0.82,18.15,65.59,19,7.94,31
2026-04-12 06:09:04,,,,,0.62,0.83,17.2,67.27,22,7.94,31
2026-04-12 06:09:08,,,,,0.62,0.81,17.69,65.5,22.75,7.94,31
2026-04-12 06:09:11,,,,,0.62,0.81,19.18,63.01,24.5,7.94,31
2026-04-12 06:09:14,,,,,0.62,0.82,20.91,58.38,28.25,7.97,31
2026-04-12 06:09:17,,,,,0.62,0.82,21.92,57.21,29.25,7.97,31
2026-04-12 06:09:20,,,,,0.62,0.82,22.11,59.03,31.25,7.97,31
2026-04-12 06:09:23,,,,,0.62,0.83,22.52,55.21,31.5,7.97,31
2026-04-12 06:09:26,,,,,0.62,0.81,23.14,58.81,31.5,7.97,31
2026-04-12 06:09:29,,,,,0.62,0.82,23.87,56.26,32.5,7.98,31
2026-04-12 06:09:32,,,,,0.62,0.81,24.51,52.42,31.75,7.97,31
2026-04-12 06:09:35,,,,,0.62,0.81,24.82,46.03,31.75,7.97,31
2026-04-12 06:09:38,,,,,0.62,0.8,24.64,49.33,30.5,7.97,31
2026-04-12 06:09:41,,,,,0.62,0.8,23.89,52.22,31,7.98,31
2026-04-12 06:09:44,,,,,0.63,0.8,23.29,52.51,29.25,7.98,31
2026-04-12 06:09:47,,,,,0.62,0.8,22.32,54.74,26,7.97,31
2026-04-12 06:09:50,,,,,0.63,0.81,21.47,57.3,24.5,7.98,31
2026-04-12 06:09:53,,,,,0.62,0.81,20.4,58.88,22.75,7.96,31
2026-04-12 06:09:56,,,,,0.62,0.81,19.81,60.23,21.5,7.96,31
2026-04-12 06:09:59,,,,,0.62,0.81,18.38,65.55,20.5,7.95,31
2026-04-12 06:10:02,,,,,0.62,0.81,18.49,65.98,19.5,7.95,31
2026-04-12 06:10:05,,,,,0.62,0.81,16.01,75.53,18.75,7.95,31
2026-04-12 06:10:08,,,,,0.62,0.82,14.91,79.64,17.25,7.94,31
2026-04-12 06:10:11,,,,,0.62,0.82,14.24,81.39,16.25,7.94,31
2026-04-12 06:10:14,,,,,0.62,0.82,13.8,82.05,15.5,7.93,31
2026-04-12 06:10:17,,,,,0.62,0.83,13.14,82.22,14.75,7.93,31
2026-04-12 06:10:20,,,,,0.62,0.83,13.05,85.08,14.25,7.93,31
2026-04-12 06:10:23,,,,,0.62,0.81,12.45,85.97,14,7.93,31
2026-04-12 06:10:26,,,,,0.62,0.82,12.84,87.32,13.5,7.92,31
2026-04-12 06:10:29,,,,,0.62,0.82,12.03,87.57,13.25,7.92,31
2026-04-12 06:10:32,,,,,0.62,0.82,11.72,87.59,13,7.93,31
2026-04-12 06:10:35,,,,,0.62,0.83,12.12,91.24,12.75,7.92,31
2026-04-12 06:10:38,,,,,0.62,0.81,11.33,89.08,12.5,7.92,31
2026-04-12 06:10:41,,,,,0.62,0.82,10.96,92.36,12.25,7.92,31
2026-04-12 06:10:44,,,,,0.62,0.82,11,95.54,12,7.92,31
2026-04-12 06:10:47,,,,,0.62,0.82,10.17,95.71,11.5,7.92,31
2026-04-12 06:10:50,,,,,0.62,0.83,9.77,95.54,11,7.92,31
2026-04-12 06:10:53,,,,,0.62,0.8,9.63,96.88,10.75,7.91,31
2026-04-12 06:10:56,,,,,0.62,0.81,9.75,98.24,10.5,7.92,31
2026-04-12 06:10:59,,,,,0.62,0.81,9.12,97.4,10.25,7.91,31
2026-04-12 06:11:02,,,,,0.62,0.81,9.25,98.71,10.25,7.91,31
2026-04-12 06:11:05,,,,,0.62,0.82,9.1,99.19,9.75,7.91,31
2026-04-12 06:11:08,,,,,0.62,0.82,8.71,99.21,9.5,7.92,31
2026-04-12 06:11:11,,,,,0.62,0.82,9.2,99.75,9.5,7.92,31
2026-04-12 06:11:14,,,,,0.62,0.82,18.21,65.36,12.75,7.92,31
2026-04-12 06:11:17,,,,,0.63,0.83,20.17,59.04,17.5,7.94,31
2026-04-12 06:11:20,,,,,0.63,0.83,23.62,50.54,20.25,7.94,31
2026-04-12 06:11:23,,,,,0.63,0.81,22.75,52.48,22.25,7.95,31
2026-04-12 06:11:26,,,,,0.62,0.81,18.22,69.57,21.25,7.95,31
2026-04-12 06:11:29,,,,,0.62,0.81,20.81,57.45,22.5,7.96,31
2026-04-12 06:11:32,,,,,0.62,0.81,21.77,57.74,24.75,7.95,31
2026-04-12 06:11:35,,,,,0.62,0.82,20.8,56.7,26,7.96,31
2026-04-12 06:11:38,,,,,0.62,0.82,20.81,58.73,28,7.97,31
2026-04-12 06:11:41,,,,,0.62,0.83,20.82,66.42,29.25,7.96,31
2026-04-12 06:11:44,,,,,0.62,0.82,21.74,65.2,30,7.97,31
2026-04-12 06:11:47,,,,,0.62,0.81,22.67,59.74,31.75,7.98,31
2026-04-12 06:11:50,,,,,0.62,0.8,23.34,59.56,33.5,7.97,31
2026-04-12 06:11:53,,,,,0.62,0.81,24.06,60.57,35,7.97,31
2026-04-12 06:11:56,,,,,0.62,0.81,24.24,57.15,35.75,7.97,31
2026-04-12 06:11:59,,,,,0.62,0.81,25.28,49.64,36,7.97,31
2026-04-12 06:12:02,,,,,0.63,0.81,26,47.2,38.25,7.96,31
2026-04-12 06:12:05,,,,,0.62,0.81,26.15,45.89,35.75,7.97,31
2026-04-12 06:12:08,,,,,0.63,0.79,24.74,49.21,33.5,7.97,31
2026-04-12 06:12:11,,,,,0.62,0.8,23.4,50.65,30.75,7.97,31
2026-04-12 06:12:14,,,,,0.63,0.8,21.79,53.01,26.75,7.97,31
2026-04-12 06:12:17,,,,,0.62,0.8,20.96,57.82,23.75,7.97,31
2026-04-12 06:12:20,,,,,0.62,0.8,20.17,60.09,22.25,7.97,31
2026-04-12 06:12:23,,,,,0.62,0.8,19.14,60.73,21.25,7.95,31
2026-04-12 06:12:26,,,,,0.62,0.81,18.16,65.56,20.25,7.95,31
2026-04-12 06:12:29,,,,,0.62,0.81,17.26,66.62,19.25,7.96,31
2026-04-12 06:12:32,,,,,0.62,0.81,15.8,74.82,18,7.95,31
2026-04-12 06:12:35,,,,,0.62,0.81,15.32,80.39,17,7.94,31
2026-04-12 06:12:38,,,,,0.62,0.81,14.4,80.13,16.25,7.94,31
2026-04-12 06:12:41,,,,,0.62,0.81,13.15,84.29,15.25,7.94,31
2026-04-12 06:12:44,,,,,0.62,0.81,12.37,86.56,14.25,7.94,31
2026-04-12 06:12:47,,,,,0.62,0.81,11.54,87.72,13.5,7.93,31
2026-04-12 06:12:50,,,,,0.62,0.81,11.36,91.19,12.75,7.93,31
2026-04-12 06:12:53,,,,,0.62,0.8,11.22,87.58,12.25,7.93,31
2026-04-12 06:12:56,,,,,0.62,0.8,10.71,91.76,11.75,7.92,31
2026-04-12 06:12:59,,,,,0.62,0.8,11.56,95.77,11.75,7.92,31
2026-04-12 06:13:02,,,,,0.62,0.81,10.43,96.21,11.5,7.92,31
2026-04-12 06:13:05,,,,,0.62,0.81,10.4,98.86,11,7.93,31
2026-04-12 06:13:09,,,,,0.62,0.81,11.16,92.69,11.25,7.92,31
2026-04-12 06:13:12,,,,,0.62,0.81,11.49,96.55,11.75,7.93,31
2026-04-12 06:13:15,,,,,0.63,0.81,11.23,98.06,11.75,7.92,31
2026-04-12 06:13:18,,,,,0.63,0.81,11.5,93.71,12,7.92,31
2026-04-12 06:13:21,,,,,0.63,0.81,11.54,92.89,12.25,7.93,31
2026-04-12 06:13:24,,,,,0.62,0.81,11.74,90.24,12.5,7.92,31
2026-04-12 06:13:27,,,,,0.62,0.81,11.79,88.42,12.75,7.92,31
2026-04-12 06:13:30,,,,,0.63,0.81,11.98,89.58,12.75,7.91,31
2026-04-12 06:13:33,,,,,0.62,0.81,12.18,87.45,13,7.92,31
2026-04-12 06:13:36,,,,,0.62,0.81,12.12,88.05,13,7.92,31
2026-04-12 06:13:39,,,,,0.63,0.81,12.49,85.75,13.25,7.92,31
2026-04-12 06:13:42,,,,,0.62,0.81,12.98,84.15,14,7.93,31
2026-04-12 06:13:45,,,,,0.62,0.81,13.01,85.01,14.75,7.92,31
2026-04-12 06:13:48,,,,,0.63,0.81,13.26,86.53,15,7.92,31
2026-04-12 06:13:51,,,,,0.62,0.81,13.93,84.96,15.5,7.93,31
2026-04-12 06:13:54,,,,,0.63,0.81,14.58,76.12,16.25,7.93,31
2026-04-12 06:13:57,,,,,0.63,0.82,14.94,77.63,17.25,7.94,31
2026-04-12 06:14:00,,,,,0.62,0.82,16.99,69.3,18.75,7.94,31
2026-04-12 06:14:03,,,,,0.63,0.82,16.15,71.54,20.5,7.94,31
2026-04-12 06:14:06,,,,,0.63,0.8,16.63,70.56,20.75,7.94,31
2026-04-12 06:14:09,,,,,0.63,0.8,17.43,65.52,21.5,7.94,31
2026-04-12 06:14:12,,,,,0.63,0.8,17.13,67.61,23,7.95,31
2026-04-12 06:14:15,,,,,0.62,0.81,17.46,67.95,24.25,7.95,31
2026-04-12 06:14:18,,,,,0.62,0.81,17.78,65.43,23.5,7.96,31
2026-04-12 06:14:21,,,,,0.63,0.81,17.99,64.76,26.75,7.97,31
2026-04-12 06:14:24,,,,,0.62,0.81,18.32,65.01,27.75,7.96,31
2026-04-12 06:14:27,,,,,0.62,0.81,18.61,62.64,25.25,7.95,31
2026-04-12 06:14:30,,,,,0.62,0.81,18.18,63.33,26.5,7.97,31
2026-04-12 06:14:33,,,,,0.63,0.8,18.28,64.84,29.75,7.97,31
2026-04-12 06:14:36,,,,,0.63,0.81,18.25,69.58,30.75,7.97,31
2026-04-12 06:14:39,,,,,0.63,0.81,17.29,69.99,24.75,7.95,31
2026-04-12 06:14:42,,,,,0.63,0.8,15.43,77.06,20,7.94,31
2026-04-12 06:14:45,,,,,0.63,0.8,14.83,77.81,17.75,7.94,31
2026-04-12 06:14:48,,,,,0.63,0.8,14.4,80.69,16.5,7.94,31
2026-04-12 06:14:51,,,,,0.63,0.8,13.75,79.37,15.5,7.94,31
2026-04-12 06:14:54,,,,,0.62,0.8,13.31,86,14.75,7.93,31
2026-04-12 06:14:57,,,,,0.63,0.81,12.26,84.51,14,7.93,31
2026-04-12 06:15:00,,,,,0.62,0.81,11.44,88.94,13.25,7.94,31
2026-04-12 06:15:03,,,,,0.63,0.81,11.15,89.54,12.5,7.93,31
2026-04-12 06:15:06,,,,,0.63,0.81,10.38,90.69,12,7.92,31
2026-04-12 06:15:09,,,,,0.62,0.81,10.48,94.21,11.75,7.92,31
2026-04-12 06:15:12,,,,,0.63,0.81,10.21,94.83,11.25,7.93,31
2026-04-12 06:15:15,,,,,0.62,0.82,9.95,96.73,10.75,7.92,31
2026-04-12 06:15:18,,,,,0.63,0.82,9.39,94.74,10.5,7.92,31
2026-04-12 06:15:21,,,,,0.63,0.82,9.15,95.88,10.5,7.91,31
2026-04-12 06:15:24,,,,,0.63,0.82,9.03,97.49,10,7.92,31
2026-04-12 06:15:27,,,,,0.62,0.8,8.68,97.55,9.75,7.91,31
2026-04-12 06:15:30,,,,,0.63,0.8,9.51,99.24,9.75,7.91,31
2026-04-12 06:15:33,,,,,0.62,0.81,8.21,98.35,9.75,7.92,31
2026-04-12 06:15:36,,,,,0.63,0.81,8.28,98.17,9.5,7.92,31
2026-04-12 06:15:39,,,,,0.63,0.81,8.38,99.54,9.25,7.92,31
2026-04-12 06:15:42,,,,,0.63,0.82,7.88,99.27,9,7.91,31
2026-04-12 06:15:45,,,,,0.62,0.82,8.15,99.49,9,7.92,31
2026-04-12 06:15:48,,,,,0.63,0.82,7.47,99.32,8.75,7.92,31
2026-04-12 06:15:51,,,,,0.62,0.82,7.47,99.82,8.75,7.91,31
2026-04-12 06:15:54,,,,,0.63,0.8,8.57,100,8.75,7.91,31
2026-04-12 06:15:57,,,,,0.63,0.81,7.2,99.95,8.75,7.91,31
2026-04-12 06:16:00,,,,,0.62,0.8,8.01,100,8.75,7.91,31
2026-04-12 06:16:03,,,,,0.62,0.8,9.44,99,9.75,7.91,31
2026-04-12 06:16:06,,,,,0.63,0.8,11.54,96.57,11.25,7.92,31
2026-04-12 06:16:09,,,,,0.63,0.8,14.41,85.9,14,7.93,31
2026-04-12 06:16:12,,,,,0.63,0.8,19.25,74.08,16.5,7.93,31
2026-04-12 06:16:15,,,,,0.63,0.81,18.22,68.76,19.25,7.94,31
2026-04-12 06:16:18,,,,,0.63,0.81,20.47,57.6,21,7.93,31
2026-04-12 06:16:21,,,,,0.63,0.81,17.96,67.99,23,7.95,31
2026-04-12 06:16:24,,,,,0.63,0.8,19.33,64.14,24.5,7.95,31
2026-04-12 06:16:27,,,,,0.63,0.8,20.17,64.15,26.5,7.95,31
2026-04-12 06:16:30,,,,,0.63,0.8,20.78,53.79,27.5,7.96,31
2026-04-12 06:16:33,,,,,0.63,0.8,22.05,51.5,30.75,7.96,31
2026-04-12 06:16:36,,,,,0.63,0.81,23.56,49.75,32.75,7.96,31
2026-04-12 06:16:39,,,,,0.63,0.8,23.99,50.87,36.75,7.95,31
2026-04-12 06:16:42,,,,,0.63,0.81,24.52,57.39,36.75,7.97,31
2026-04-12 06:16:45,,,,,0.63,0.81,25.72,48.77,38.5,7.97,31
2026-04-12 06:16:48,,,,,0.63,0.8,25.65,55.24,38.25,7.97,31
2026-04-12 06:16:51,,,,,0.63,0.8,26.39,52.84,39.75,7.98,31
2026-04-12 06:16:54,,,,,0.63,0.8,28.81,32.23,41,7.98,31
2026-04-12 06:16:57,,,,,0.63,0.8,28.18,37.53,37.75,7.98,31
2026-04-12 06:17:00,,,,,0.64,0.8,27.53,37.14,36.25,7.98,31
2026-04-12 06:17:03,,,,,0.63,0.81,26.11,39.11,33.25,7.98,31
2026-04-12 06:17:06,,,,,0.62,0.8,24.87,38.99,28.75,7.97,31
2026-04-12 06:17:09,,,,,0.63,0.8,23.75,40.62,26.5,7.97,31
2026-04-12 06:17:12,,,,,0.63,0.8,21.85,62.05,24.5,7.98,31
2026-04-12 06:17:15,,,,,0.63,0.8,19.62,69.15,22.75,7.96,31
2026-04-12 06:17:18,,,,,0.63,0.8,17.66,69.6,20.75,7.95,31
2026-04-12 06:17:21,,,,,0.63,0.8,16.24,67.23,19,7.95,31
2026-04-12 06:17:24,,,,,0.63,0.81,15.41,75,17.75,7.94,31
2026-04-12 06:17:27,,,,,0.63,0.81,14.59,75.12,16.75,7.95,31
2026-04-12 06:17:30,,,,,0.63,0.81,13.73,74.75,15.75,7.95,31
2026-04-12 06:17:33,,,,,0.63,0.8,13.58,78.41,15,7.93,31
2026-04-12 06:17:36,,,,,0.63,0.81,12.9,78.83,14.25,7.94,31
2026-04-12 06:17:39,,,,,0.63,0.8,12.29,83.02,13.75,7.93,31
2026-04-12 06:17:42,,,,,0.63,0.8,11.46,84.33,13.25,7.93,31
2026-04-12 06:17:45,,,,,0.63,0.79,11.51,82.64,12.75,7.93,31
2026-04-12 06:17:48,,,,,0.63,0.8,11.46,83.49,12.5,7.92,31
2026-04-12 06:17:51,,,,,0.63,0.8,10.7,82.65,12,7.93,31
2026-04-12 06:17:54,,,,,0.63,0.8,10.67,90.3,11.5,7.92,31
2026-04-12 06:17:57,,,,,0.63,0.8,10.22,88.74,11.25,7.92,31
2026-04-12 06:18:00,,,,,0.63,0.8,10.15,89.25,11.25,7.92,31
2026-04-12 06:18:03,,,,,0.62,0.81,10.48,87.64,11,7.93,31
2026-04-12 06:18:06,,,,,0.63,0.8,9.58,89.98,10.75,7.92,31
2026-04-12 06:18:09,,,,,0.63,0.8,9.51,91.2,10.25,7.92,31
2026-04-12 06:18:12,,,,,0.62,0.8,9.64,93.24,10.25,7.92,31
2026-04-12 06:18:15,,,,,0.63,0.8,8.95,91.49,10.5,7.9,31
2026-04-12 06:18:18,,,,,0.63,0.8,9.08,92.95,10.25,7.9,31
2026-04-12 06:18:21,,,,,0.63,0.8,8.95,95.49,9.75,7.92,31
2026-04-12 06:18:24,,,,,0.64,0.81,9.51,92.99,10.5,7.92,31
2026-04-12 06:18:27,,,,,0.63,0.8,16.17,73.29,11,7.92,31
2026-04-12 06:18:30,,,,,0.63,0.8,15.03,73.42,13.25,7.93,31
2026-04-12 06:18:33,,,,,0.64,0.8,22.85,49.55,17.75,7.94,31
2026-04-12 06:18:36,,,,,0.63,0.8,19.37,57.78,19.5,7.94,31
2026-04-12 06:18:39,,,,,0.63,0.81,20.5,56.78,21,7.95,31
2026-04-12 06:18:42,,,,,0.63,0.8,18.41,63.63,21.5,7.94,31
2026-04-12 06:18:45,,,,,0.63,0.79,21.5,51.89,23.5,7.95,31
2026-04-12 06:18:48,,,,,0.63,0.79,22.23,52.51,26.5,7.96,31
2026-04-12 06:18:51,,,,,0.63,0.8,21.13,58.27,26,7.96,31
2026-04-12 06:18:54,,,,,0.63,0.8,21.86,62.49,28.5,7.97,31
2026-04-12 06:18:57,,,,,0.63,0.8,23.34,52.87,30,7.97,31
2026-04-12 06:19:00,,,,,0.63,0.8,23.38,53.04,33,7.97,31
2026-04-12 06:19:03,,,,,0.63,0.79,24.45,52.33,33.75,7.97,31
2026-04-12 06:19:06,,,,,0.63,0.8,24.7,50.72,34,7.97,31
2026-04-12 06:19:09,,,,,0.63,0.8,25.53,50.35,31.25,7.98,31
2026-04-12 06:19:12,,,,,0.63,0.8,25.41,43.35,30.5,7.98,31
2026-04-12 06:19:15,,,,,0.63,0.8,24.64,43.93,27.75,7.97,31
2026-04-12 06:19:18,,,,,0.63,0.8,24.93,43.42,27.25,7.96,31
2026-04-12 06:19:21,,,,,0.63,0.8,23.78,44.9,26.25,7.95,31
2026-04-12 06:19:24,,,,,0.63,0.8,22.91,48.1,25.5,7.97,31
2026-04-12 06:19:27,,,,,0.63,0.78,22,49.14,24.25,7.96,31
2026-04-12 06:19:30,,,,,0.64,0.79,21.34,54.42,23.25,7.96,31
2026-04-12 06:19:33,,,,,0.63,0.79,21.25,52.11,22.75,7.95,31
2026-04-12 06:19:36,,,,,0.63,0.79,19.97,56.67,22,7.95,31
2026-04-12 06:19:39,,,,,0.64,0.78,19.49,61.43,21.5,7.95,31
2026-04-12 06:19:42,,,,,0.63,0.79,19.42,67.49,20.75,7.95,31
2026-04-12 06:19:45,,,,,0.63,0.79,19.08,58.93,20.25,7.95,31
2026-04-12 06:19:48,,,,,0.63,0.79,18.39,63.8,19.75,7.95,31
2026-04-12 06:19:51,,,,,0.63,0.79,18.21,70.11,19.25,7.94,31
2026-04-12 06:19:54,,,,,0.63,0.79,17.49,68.85,19,7.94,31
2026-04-12 06:19:57,,,,,0.63,0.79,16.79,72.08,18.25,7.94,31
2026-04-12 06:20:00,,,,,0.63,0.79,16.17,72.26,17.75,7.94,31
2026-04-12 06:20:03,,,,,0.63,0.79,15.81,73.71,17.25,7.95,31
2026-04-12 06:20:06,,,,,0.63,0.8,15.97,74.67,17.25,7.94,31
2026-04-12 06:20:09,,,,,0.63,0.8,16.05,76.2,17,7.93,31
2026-04-12 06:20:12,,,,,0.63,0.8,16.42,72.08,17,7.94,31
2026-04-12 06:20:15,,,,,0.64,0.8,15.83,76.99,17.25,7.93,31
2026-04-12 06:20:18,,,,,0.63,0.8,15.48,79.36,17,7.93,31
2026-04-12 06:20:21,,,,,0.62,0.81,16.19,81.93,16.75,7.93,31
2026-04-12 06:20:24,,,,,0.62,0.81,15.92,77.43,16.75,7.92,31
2026-04-12 06:20:27,,,,,0.62,0.81,16.04,75.78,17.25,7.93,31
2026-04-12 06:20:30,,,,,0.63,0.8,16.66,73.16,17.25,7.94,31
2026-04-12 06:20:33,,,,,0.64,0.8,16.8,70.49,17.5,7.94,31
2026-04-12 06:20:36,,,,,0.63,0.81,16.26,76.38,17.25,7.93,31
2026-04-12 06:20:39,,,,,0.62,0.81,15.6,79.66,17,7.92,31
2026-04-12 06:20:42,,,,,0.64,0.81,15.04,79.65,16.5,7.93,31
2026-04-12 06:20:45,,,,,0.63,0.81,15.13,80.6,16.25,7.92,31
2026-04-12 06:20:48,,,,,0.63,0.81,14.74,82.31,16,7.92,31
2026-04-12 06:20:51,,,,,0.63,0.82,14.41,81.08,15.75,7.92,31
2026-04-12 06:20:54,,,,,0.63,0.82,15.75,76.74,16,7.92,31
2026-04-12 06:20:57,,,,,0.63,0.82,17.48,74.21,17.25,7.92,31
2026-04-12 06:21:00,,,,,0.63,0.8,19.25,67.59,19.75,7.94,31
2026-04-12 06:21:03,,,,,0.63,0.8,18.44,69.3,21,7.94,31
2026-04-12 06:21:06,,,,,0.63,0.8,19.91,66.77,22.25,7.95,31
2026-04-12 06:21:09,,,,,0.64,0.8,21.81,55.27,23.75,7.95,31
2026-04-12 06:21:12,,,,,0.63,0.8,22.58,55.08,27.5,7.96,31
2026-04-12 06:21:15,,,,,0.63,0.8,21.25,63.58,27.75,7.96,31
2026-04-12 06:21:18,,,,,0.63,0.81,21.65,58.22,28.5,7.97,31
2026-04-12 06:21:21,,,,,0.63,0.79,22.47,55.34,29,7.96,31
2026-04-12 06:21:24,,,,,0.63,0.79,22.56,62.53,30.75,7.97,31
2026-04-12 06:21:27,,,,,0.63,0.79,23.14,59.7,30.25,7.98,31
2026-04-12 06:21:30,,,,,0.64,0.79,25.36,44.48,31,7.97,31
2026-04-12 06:21:33,,,,,0.64,0.8,24.82,53.64,32.75,7.96,31
2026-04-12 06:21:36,,,,,0.63,0.8,23.91,54.2,31,7.98,31
2026-04-12 06:21:39,,,,,0.63,0.8,23.59,61.5,29,7.96,31
2026-04-12 06:21:42,,,,,0.63,0.8,23.99,47.44,27.5,7.97,31
2026-04-12 06:21:45,,,,,0.63,0.8,23.53,47.95,26,7.96,31
2026-04-12 06:21:48,,,,,0.63,0.8,23.03,48.44,25.5,7.97,31
2026-04-12 06:21:51,,,,,0.64,0.81,22.47,52.35,25,7.96,31
2026-04-12 06:21:54,,,,,0.63,0.81,21.94,56.24,24,7.95,31
2026-04-12 06:21:57,,,,,0.63,0.81,21.27,60.62,23.25,7.95,31
2026-04-12 06:22:00,,,,,0.63,0.81,20.58,64.78,22.25,7.95,31
2026-04-12 06:22:03,,,,,0.63,0.81,20.22,66.78,21.75,7.94,31
2026-04-12 06:22:06,,,,,0.63,0.81,19.72,67.79,21.25,7.95,31
2026-04-12 06:22:09,,,,,0.63,0.81,19.06,71.29,20.5,7.96,31
2026-04-12 06:22:12,,,,,0.63,0.81,18.79,73.47,20,7.95,31
2026-04-12 06:22:15,,,,,0.63,0.82,18.43,75.06,19.75,7.94,31
2026-04-12 06:22:18,,,,,0.63,0.82,18.36,75.08,19.25,7.94,31
2026-04-12 06:22:21,,,,,0.63,0.81,17.85,76.91,19,7.93,31
2026-04-12 06:22:24,,,,,0.63,0.81,17.36,80.36,18.75,7.95,31
2026-04-12 06:22:27,,,,,0.63,0.82,17.2,82.68,18.5,7.94,31
2026-04-12 06:22:30,,,,,0.63,0.82,16.58,84.51,18,7.94,31
2026-04-12 06:22:33,,,,,0.63,0.82,16.52,84.14,17.75,7.92,31
2026-04-12 06:22:37,,,,,0.63,0.8,16.16,85.44,17.5,7.94,31
2026-04-12 06:22:40,,,,,0.63,0.8,15.9,86.26,17.25,7.92,31
2026-04-12 06:22:43,,,,,0.63,0.79,15.4,86.65,16.75,7.93,31
2026-04-12 06:22:46,,,,,0.63,0.8,15.21,87,16.5,7.94,31
2026-04-12 06:22:49,,,,,0.63,0.8,15.31,87.85,16.25,7.93,31
2026-04-12 06:22:52,,,,,0.63,0.8,15.15,87.64,16.25,7.93,31
2026-04-12 06:22:55,,,,,0.63,0.8,14.88,89.41,16,7.94,31
2026-04-12 06:22:58,,,,,0.63,0.8,14.63,90.09,15.75,7.93,31
2026-04-12 06:23:01,,,,,0.63,0.8,14.46,90.26,15.5,7.93,31
2026-04-12 06:23:04,,,,,0.64,0.8,14.27,90.63,15.5,7.93,31
2026-04-12 06:23:07,,,,,0.63,0.8,14.69,89.86,15.5,7.93,31
2026-04-12 06:23:10,,,,,0.63,0.8,14.88,88.47,15.75,7.91,31
2026-04-12 06:23:13,,,,,0.63,0.8,14.47,90.19,15.75,7.92,31
2026-04-12 06:23:16,,,,,0.63,0.8,14.44,90.9,15.5,7.93,31
2026-04-12 06:23:19,,,,,0.63,0.8,15.03,89.13,15.75,7.92,31
2026-04-12 06:23:22,,,,,0.64,0.8,15.27,87.77,16.5,7.92,31
2026-04-12 06:23:25,,,,,0.63,0.8,16.17,84.17,17.25,7.93,31
2026-04-12 06:23:28,,,,,0.63,0.8,17.54,79.14,19.25,7.93,31
2026-04-12 06:23:31,,,,,0.63,0.8,17.36,81.22,20.25,7.94,31
2026-04-12 06:23:34,,,,,0.63,0.79,18.2,77.58,21.75,7.94,31
2026-04-12 06:23:37,,,,,0.63,0.79,18.58,76.95,22.75,7.94,31
2026-04-12 06:23:40,,,,,0.63,0.8,19.46,74.47,24,7.94,31
2026-04-12 06:23:43,,,,,0.63,0.8,20.54,69.6,25.25,7.95,31
2026-04-12 06:23:46,,,,,0.63,0.8,20.82,68.43,26.5,7.96,31
2026-04-12 06:23:49,,,,,0.63,0.8,21.37,64.78,28.5,7.94,31
2026-04-12 06:23:52,,,,,0.63,0.8,22.05,60.75,28,7.96,31
2026-04-12 06:23:55,,,,,0.64,0.79,22.49,58.98,29.25,7.96,31
2026-04-12 06:23:58,,,,,0.63,0.79,22.51,56.58,29.25,7.97,31
2026-04-12 06:24:01,,,,,0.63,0.79,22.6,59.14,29,7.96,31
2026-04-12 06:24:04,,,,,0.63,0.8,22.59,63.87,28.75,7.96,31
2026-04-12 06:24:07,,,,,0.64,0.8,22.58,58.42,28.25,7.96,31
2026-04-12 06:24:10,,,,,0.64,0.8,22.54,56.52,27.25,7.97,31
2026-04-12 06:24:13,,,,,0.63,0.8,22.22,59.72,28.5,7.97,31
2026-04-12 06:24:16,,,,,0.64,0.8,21.78,67.93,28.25,7.97,31
2026-04-12 06:24:19,,,,,0.63,0.8,20.42,71.15,25.75,7.95,31
2026-04-12 06:24:22,,,,,0.63,0.8,20,70.5,22.75,7.95,31
2026-04-12 06:24:25,,,,,0.63,0.8,19.45,70.63,21.25,7.96,31
2026-04-12 06:24:28,,,,,0.63,0.8,20.35,65.68,21,7.95,31
2026-04-12 06:24:31,,,,,0.64,0.8,19.92,69.82,21.25,7.94,31
2026-04-12 06:24:34,,,,,0.64,0.8,19.63,68.88,21,7.95,31
2026-04-12 06:24:37,,,,,0.64,0.8,19.38,70.29,20.5,7.94,31
2026-04-12 06:24:40,,,,,0.64,0.8,19.1,69.75,20.25,7.93,31
2026-04-12 06:24:43,,,,,0.63,0.8,18.57,71.38,19.75,7.94,31
2026-04-12 06:24:46,,,,,0.63,0.8,18.01,75.93,19.5,7.93,31
2026-04-12 06:24:49,,,,,0.63,0.8,17.1,79.84,19,7.94,31
2026-04-12 06:24:52,,,,,0.63,0.8,16.67,81.83,18.25,7.94,31
2026-04-12 06:24:55,,,,,0.63,0.8,16.73,83.43,17.75,7.93,31
2026-04-12 06:24:58,,,,,0.63,0.8,15.63,85.73,17.5,7.93,31
2026-04-12 06:25:01,,,,,0.63,0.8,15.43,87.59,17,7.92,31
2026-04-12 06:25:04,,,,,0.64,0.8,14.8,86.39,16.5,7.93,31
2026-04-12 06:25:07,,,,,0.64,0.8,14.98,89.03,16,7.93,31
2026-04-12 06:25:10,,,,,0.64,0.8,14.57,88.2,15.75,7.92,31
2026-04-12 06:25:13,,,,,0.64,0.79,14.38,87.84,15.5,7.93,31
2026-04-12 06:25:16,,,,,0.64,0.78,14.66,88.73,15.5,7.93,31
2026-04-12 06:25:19,,,,,0.64,0.78,14.12,89.72,15.25,7.93,31
2026-04-12 06:25:22,,,,,0.64,0.79,14.09,90.29,15.25,7.92,31
2026-04-12 06:25:25,,,,,0.64,0.79,13.99,89.92,15,7.91,31
2026-04-12 06:25:28,,,,,0.64,0.79,14.35,89.65,15,7.92,31
2026-04-12 06:25:31,,,,,0.64,0.79,13.67,91.52,15,7.91,31
2026-04-12 06:25:34,,,,,0.64,0.79,13.54,91.97,14.5,7.92,31
2026-04-12 06:25:37,,,,,0.64,0.79,13.6,92.7,14.5,7.93,31
2026-04-12 06:25:40,,,,,0.64,0.79,13.36,93.23,14.5,7.93,31
2026-04-12 06:25:43,,,,,0.64,0.79,14.49,88.63,15,7.92,31
2026-04-12 06:25:46,,,,,0.64,0.79,16.33,82.98,16.5,7.93,31
2026-04-12 06:25:49,,,,,0.64,0.79,22.04,64.12,18.75,7.93,31
2026-04-12 06:25:52,,,,,0.64,0.79,20.81,67.28,22,7.94,31
2026-04-12 06:25:55,,,,,0.64,0.79,20.34,70.58,23,7.94,31
2026-04-12 06:25:58,,,,,0.63,0.8,20.14,72.7,24.25,7.94,31
2026-04-12 06:26:01,,,,,0.63,0.8,20.47,69.46,25.75,7.95,31
2026-04-12 06:26:04,,,,,0.63,0.8,21.13,69.5,27,7.95,31
2026-04-12 06:26:07,,,,,0.64,0.8,21.72,66.59,29,7.95,31
2026-04-12 06:26:10,,,,,0.63,0.81,21.92,64.82,30,7.96,31
2026-04-12 06:26:13,,,,,0.63,0.81,22.94,59.49,30.75,7.97,31
2026-04-12 06:26:16,,,,,0.63,0.81,23.08,60.2,29,7.96,31
2026-04-12 06:26:19,,,,,0.63,0.81,24.17,54.32,30,7.95,31
2026-04-12 06:26:22,,,,,0.64,0.81,24.01,61.59,32,7.98,31
2026-04-12 06:26:25,,,,,0.64,0.8,24.57,50.82,33,7.98,31
2026-04-12 06:26:28,,,,,0.64,0.8,24.23,54.2,30,7.97,31
2026-04-12 06:26:31,,,,,0.64,0.79,24.46,49.64,31,7.96,31
2026-04-12 06:26:34,,,,,0.64,0.79,24.41,52.17,32.25,7.96,31
2026-04-12 06:26:37,,,,,0.64,0.8,22.94,58.54,29.25,7.97,31
2026-04-12 06:26:40,,,,,0.64,0.8,22.12,60.99,28,7.95,31
2026-04-12 06:26:43,,,,,0.64,0.8,20.72,60.99,24.75,7.97,31
2026-04-12 06:26:46,,,,,0.64,0.8,18.91,62.64,22,7.95,31
2026-04-12 06:26:49,,,,,0.64,0.8,18.07,62.41,20.25,7.94,31
2026-04-12 06:26:52,,,,,0.64,0.8,17.54,63.3,19.25,7.94,31
2026-04-12 06:26:55,,,,,0.64,0.8,17.21,64.72,18.75,7.94,31
2026-04-12 06:26:58,,,,,0.63,0.8,16.81,64.71,18.25,7.94,31
2026-04-12 06:27:01,,,,,0.64,0.79,16.51,66.33,18,7.93,31
2026-04-12 06:27:04,,,,,0.63,0.79,16.27,64.75,17.75,7.94,31
2026-04-12 06:27:07,,,,,0.63,0.79,16.03,68.58,17.25,7.94,31
2026-04-12 06:27:10,,,,,0.64,0.79,14.84,70.59,16.75,7.93,31
2026-04-12 06:27:13,,,,,0.63,0.79,14.36,73.47,16,7.93,31
2026-04-12 06:27:16,,,,,0.64,0.79,14.1,73.75,15.5,7.93,31
2026-04-12 06:27:19,,,,,0.64,0.8,14.71,72.3,15.5,7.92,31
2026-04-12 06:27:22,,,,,0.64,0.8,14.38,73.98,15.75,7.93,31
2026-04-12 06:27:25,,,,,0.63,0.8,14.35,73.82,15.5,7.93,31
2026-04-12 06:27:28,,,,,0.63,0.8,14.23,74.9,15.25,7.92,31
2026-04-12 06:27:31,,,,,0.63,0.8,14.16,75.69,15.5,7.92,31
2026-04-12 06:27:34,,,,,0.63,0.8,13.89,77.39,15,7.92,31
2026-04-12 06:27:37,,,,,0.64,0.78,13.5,80.1,15,7.93,31
2026-04-12 06:27:40,,,,,0.63,0.79,12.68,89.89,14,7.92,31
2026-04-12 06:27:43,,,,,0.63,0.79,12.19,97.82,13.75,7.92,31
2026-04-12 06:27:46,,,,,0.63,0.79,12.06,99.17,13.25,7.92,31
2026-04-12 06:27:49,,,,,0.63,0.79,12.28,99.75,13.25,7.92,31
2026-04-12 06:27:52,,,,,0.63,0.79,12.39,100,13.25,7.92,31
2026-04-12 06:27:55,,,,,0.63,0.8,12.13,100,13.5,7.92,31
2026-04-12 06:27:58,,,,,0.63,0.8,11.2,100,12.75,7.92,31
2026-04-12 06:28:01,,,,,0.62,0.8,10.45,100,12,7.92,31
2026-04-12 06:28:04,,,,,0.62,0.8,10.32,100,11.75,7.91,31
2026-04-12 06:28:07,,,,,0.62,0.8,10.38,100,11.5,7.92,31
2026-04-12 06:28:10,,,,,0.62,0.8,10.62,100,11.5,7.91,31
2026-04-12 06:28:13,,,,,0.63,0.8,10.74,100,11.75,7.91,31
2026-04-12 06:28:16,,,,,0.62,0.8,10.79,100,12,7.92,31
2026-04-12 06:28:19,,,,,0.62,0.8,11.16,100,12,7.93,31
2026-04-12 06:28:22,,,,,0.62,0.8,10.88,100,12.25,7.91,31
2026-04-12 06:28:25,,,,,0.62,0.79,11.65,100,12.25,7.92,31
2026-04-12 06:28:28,,,,,0.62,0.8,12.43,100,13.5,7.91,31
2026-04-12 06:28:31,,,,,0.62,0.79,12.6,100,14.25,7.93,31
2026-04-12 06:28:34,,,,,0.62,0.8,12.31,99.03,15,7.91,31
2026-04-12 06:28:37,,,,,0.62,0.8,12.79,97.54,15.75,7.92,31
2026-04-12 06:28:40,,,,,0.62,0.81,13.11,98.15,16.25,7.92,31
2026-04-12 06:28:43,,,,,0.62,0.81,13.01,98.04,16,7.92,31
2026-04-12 06:28:46,,,,,0.62,0.81,14.04,99.47,17,7.94,31
2026-04-12 06:28:49,,,,,0.62,0.81,12.75,96.53,17,7.92,31
2026-04-12 06:28:52,,,,,0.62,0.81,13.06,98.83,16,7.93,31
2026-04-12 06:28:55,,,,,0.62,0.81,13.54,92.3,16,7.93,31
2026-04-12 06:28:58,,,,,0.62,0.81,13.92,83.84,19,7.94,31
2026-04-12 06:29:01,,,,,0.62,0.81,13.86,83.74,18.25,7.93,31
2026-04-12 06:29:04,,,,,0.62,0.81,13.52,86.15,17,7.93,31
2026-04-12 06:29:07,,,,,0.62,0.81,12.52,88.69,15.25,7.94,31
2026-04-12 06:29:10,,,,,0.62,0.81,11.69,94.02,14,7.92,31
2026-04-12 06:29:13,,,,,0.62,0.81,10.64,96.12,12.5,7.92,31
2026-04-12 06:29:16,,,,,0.62,0.81,9.91,98.8,11.75,7.91,31
2026-04-12 06:29:19,,,,,0.62,0.81,10.08,98.22,11,7.92,31
2026-04-12 06:29:22,,,,,0.62,0.81,10.25,96.45,11.25,7.92,31
2026-04-12 06:29:25,,,,,0.62,0.81,10.74,96.45,11.25,7.91,31
2026-04-12 06:29:28,,,,,0.62,0.82,11.09,95.8,11.5,7.91,31
2026-04-12 06:29:31,,,,,0.62,0.82,11.39,95.03,12,7.91,31
2026-04-12 06:29:34,,,,,0.62,0.82,11.88,93.75,12.25,7.91,31
2026-04-12 06:29:37,,,,,0.62,0.82,11.95,91.66,12.75,7.91,31
2026-04-12 06:29:40,,,,,0.62,0.82,11.87,91.97,12.75,7.91,31
2026-04-12 06:29:43,,,,,0.62,0.82,11.66,93.56,12.75,7.91,31
2026-04-12 06:29:46,,,,,0.62,0.82,11.89,91.07,12.75,7.91,31
2026-04-12 06:29:49,,,,,0.62,0.83,11.89,91.19,13,7.91,31
2026-04-12 06:29:52,,,,,0.62,0.81,11.77,90.96,12.75,7.91,31
2026-04-12 06:29:55,,,,,0.62,0.81,11.64,90.73,12.75,7.91,31
2026-04-12 06:29:58,,,,,0.62,0.81,11.78,89.44,12.75,7.91,31
2026-04-12 06:30:01,,,,,0.62,0.81,11.69,89.97,12.75,7.92,31
2026-04-12 06:30:04,,,,,0.62,0.82,11.58,90.33,12.75,7.91,31
2026-04-12 06:30:07,,,,,0.62,0.81,11.46,91.23,12.5,7.91,31
2026-04-12 06:30:10,,,,,0.62,0.81,11.37,91.63,12.5,7.9,31
2026-04-12 06:30:13,,,,,0.62,0.8,11.1,92.38,12.5,7.9,31
2026-04-12 06:30:16,,,,,0.62,0.8,11.06,92,12.25,7.91,31
2026-04-12 06:30:19,,,,,0.62,0.8,11.22,91.85,12.25,7.91,31
2026-04-12 06:30:22,,,,,0.62,0.8,11.5,90.23,12.25,7.91,31
2026-04-12 06:30:25,,,,,0.62,0.81,11.26,91.29,12.5,7.91,31
2026-04-12 06:30:28,,,,,0.62,0.81,11.36,90.9,12.5,7.91,31
2026-04-12 06:30:31,,,,,0.62,0.81,11.13,92.48,12.25,7.9,31
2026-04-12 06:30:34,,,,,0.62,0.81,11.19,93.72,12.5,7.9,31
2026-04-12 06:30:37,,,,,0.62,0.81,11.32,92.77,12.5,7.9,31
2026-04-12 06:30:40,,,,,0.63,0.81,11.49,91.66,13,7.9,31
2026-04-12 06:30:43,,,,,0.62,0.81,12.03,89.43,13.5,7.91,31
2026-04-12 06:30:46,,,,,0.62,0.81,12.34,85.78,14.25,7.92,31
2026-04-12 06:30:50,,,,,0.63,0.81,14.17,80.09,15.5,7.93,31
2026-04-12 06:30:53,,,,,0.63,0.81,15.3,76.02,17.75,7.92,31
2026-04-12 06:30:56,,,,,0.62,0.81,13.89,84.36,19.5,7.93,31
2026-04-12 06:30:59,,,,,0.62,0.81,13.44,85.28,21.25,7.93,31
2026-04-12 06:31:02,,,,,0.63,0.82,14.7,82.82,25.25,7.93,31
2026-04-12 06:31:05,,,,,0.62,0.82,15.93,82.54,26,7.94,31
2026-04-12 06:31:08,,,,,0.62,0.82,17.75,75.96,29,7.95,31
2026-04-12 06:31:11,,,,,0.62,0.82,18.03,75.72,30.5,7.95,31
2026-04-12 06:31:14,,,,,0.62,0.82,19.1,72.62,30.75,7.96,31
2026-04-12 06:31:17,,,,,0.63,0.82,19.75,70.6,32.5,7.96,31
2026-04-12 06:31:20,,,,,0.63,0.82,20.28,65.23,33.5,7.96,31
2026-04-12 06:31:23,,,,,0.63,0.81,21.27,53.3,32.25,7.95,31
2026-04-12 06:31:26,,,,,0.63,0.81,20.94,55.66,31,7.95,31
2026-04-12 06:31:29,,,,,0.63,0.81,20.29,56.54,30.5,7.96,31
2026-04-12 06:31:32,,,,,0.63,0.81,18.76,59.55,25.75,7.94,31
2026-04-12 06:31:35,,,,,0.64,0.81,17.61,61.95,21,7.93,31
2026-04-12 06:31:38,,,,,0.63,0.81,16.95,66.31,19,7.94,31
2026-04-12 06:31:41,,,,,0.63,0.81,16.04,66.12,18,7.93,31
2026-04-12 06:31:44,,,,,0.63,0.81,15.46,70.98,17,7.94,31
2026-04-12 06:31:47,,,,,0.63,0.81,14.99,78.21,16.25,7.92,31
2026-04-12 06:31:50,,,,,0.63,0.81,13.1,84.4,15.5,7.92,31
2026-04-12 06:31:53,,,,,0.63,0.81,12.96,83.92,14.25,7.92,31
2026-04-12 06:31:56,,,,,0.63,0.81,12.12,88.09,13.75,7.92,31
2026-04-12 06:31:59,,,,,0.63,0.81,11.37,90.63,12.75,7.92,31
2026-04-12 06:32:02,,,,,0.63,0.81,10.57,93.8,12,7.92,31
2026-04-12 06:32:05,,,,,0.63,0.81,10.02,95.13,11.5,7.91,31
2026-04-12 06:32:08,,,,,0.63,0.81,10.3,94.63,11.25,7.91,31
2026-04-12 06:32:11,,,,,0.63,0.81,10.32,94.84,11.25,7.91,31
2026-04-12 06:32:14,,,,,0.63,0.81,9.99,95.18,11.25,7.91,31
2026-04-12 06:32:17,,,,,0.63,0.81,9.79,96.55,11,7.91,31
2026-04-12 06:32:20,,,,,0.63,0.81,9.52,98.94,10.75,7.9,31
2026-04-12 06:32:23,,,,,0.63,0.82,9.09,99.47,10.25,7.9,31
2026-04-12 06:32:26,,,,,0.63,0.82,8.71,99.23,10,7.9,31
2026-04-12 06:32:29,,,,,0.63,0.82,8.32,99.48,9.75,7.91,31
2026-04-12 06:32:32,,,,,0.62,0.81,8.65,100,9.5,7.91,31
2026-04-12 06:32:35,,,,,0.63,0.81,8.88,100,9.5,7.9,31
2026-04-12 06:32:38,,,,,0.63,0.81,8.23,100,9.5,7.9,31
2026-04-12 06:32:41,,,,,0.63,0.81,8.64,100,9.25,7.91,31
2026-04-12 06:32:44,,,,,0.63,0.81,8.65,100,9.5,7.9,31
2026-04-12 06:32:47,,,,,0.63,0.81,9.52,100,9.5,7.89,31
2026-04-12 06:32:50,,,,,0.63,0.81,8.78,100,9.75,7.91,31
2026-04-12 06:32:53,,,,,0.62,0.81,9.41,100,10,7.9,31
2026-04-12 06:32:56,,,,,0.63,0.81,9.14,99.91,10,7.9,31
2026-04-12 06:32:59,,,,,0.63,0.81,10.17,96.61,10.75,7.9,31
2026-04-12 06:33:02,,,,,0.63,0.82,12.56,88.01,12,7.9,31
2026-04-12 06:33:05,,,,,0.63,0.82,15.8,74.95,13.75,7.91,31
2026-04-12 06:33:08,,,,,0.63,0.82,16.1,74.55,17,7.91,31
2026-04-12 06:33:11,,,,,0.63,0.82,14.28,83.77,17.75,7.92,31
2026-04-12 06:33:14,,,,,0.63,0.81,15.66,74.51,18.75,7.92,31
2026-04-12 06:33:17,,,,,0.63,0.79,15.71,75.2,20.75,7.93,31
2026-04-12 06:33:20,,,,,0.62,0.79,16.4,70.49,22.75,7.93,31
2026-04-12 06:33:23,,,,,0.63,0.79,16.52,70.7,24.5,7.93,31
2026-04-12 06:33:26,,,,,0.63,0.79,17.54,64.64,27.25,7.94,31
2026-04-12 06:33:29,,,,,0.63,0.8,18.27,68.7,29.5,7.95,31
2026-04-12 06:33:32,,,,,0.63,0.8,19.24,64.43,32,7.97,31
2026-04-12 06:33:35,,,,,0.63,0.8,20.08,62.4,34.5,7.96,31
2026-04-12 06:33:38,,,,,0.63,0.8,20.41,64.36,33.5,7.96,31
2026-04-12 06:33:41,,,,,0.62,0.8,21.35,62.14,33,7.96,31
2026-04-12 06:33:44,,,,,0.63,0.8,21.34,57.16,33.75,7.96,31
2026-04-12 06:33:47,,,,,0.63,0.8,21.87,57.54,34.75,7.95,31
2026-04-12 06:33:50,,,,,0.62,0.8,21.83,52.99,34,7.97,31
2026-04-12 06:33:53,,,,,0.63,0.8,22,54.77,33.5,7.97,31
2026-04-12 06:33:56,,,,,0.63,0.79,20.82,56.83,30.5,7.97,31
2026-04-12 06:33:59,,,,,0.63,0.79,18.18,70.16,24,7.96,31
2026-04-12 06:34:02,,,,,0.63,0.8,16.97,79.73,20.5,7.94,31
2026-04-12 06:34:05,,,,,0.63,0.8,16.8,77.08,18.75,7.94,31
2026-04-12 06:34:08,,,,,0.63,0.79,14.62,84.43,17.5,7.93,31
2026-04-12 06:34:11,,,,,0.63,0.79,13.52,87.11,16.25,7.93,31
2026-04-12 06:34:14,,,,,0.63,0.8,13.25,86.76,15,7.92,31
2026-04-12 06:34:17,,,,,0.63,0.8,12.59,88.57,14.25,7.92,31
2026-04-12 06:34:20,,,,,0.63,0.8,11.89,92.41,13.5,7.92,31
2026-04-12 06:34:23,,,,,0.63,0.8,11.66,93.67,13,7.92,31
2026-04-12 06:34:26,,,,,0.63,0.8,11.06,94.89,12.5,7.92,31
2026-04-12 06:34:29,,,,,0.63,0.8,10.6,97.52,12,7.92,31
2026-04-12 06:34:32,,,,,0.63,0.8,10.15,93.66,11.5,7.92,31
2026-04-12 06:34:35,,,,,0.62,0.8,10.28,98.28,11.25,7.91,31
2026-04-12 06:34:38,,,,,0.63,0.8,10.25,99.44,11,7.92,31
2026-04-12 06:34:41,,,,,0.63,0.8,9.52,99.76,10.5,7.92,31
2026-04-12 06:34:44,,,,,0.63,0.8,9.2,100,10.5,7.91,31
2026-04-12 06:34:47,,,,,0.63,0.8,8.61,98.84,10.5,7.92,31
2026-04-12 06:34:50,,,,,0.63,0.81,8.66,99.78,10.25,7.91,31
2026-04-12 06:34:53,,,,,0.63,0.81,8.28,100,9.75,7.92,31
2026-04-12 06:34:56,,,,,0.63,0.81,8.45,100,9.25,7.91,31
2026-04-12 06:34:59,,,,,0.63,0.81,8.31,100,9.25,7.91,31
2026-04-12 06:35:02,,,,,0.63,0.81,8.22,100,9,7.9,31
2026-04-12 06:35:05,,,,,0.63,0.8,7.66,100,8.75,7.9,31
2026-04-12 06:35:08,,,,,0.63,0.8,8.44,100,8.75,7.9,31
2026-04-12 06:35:11,,,,,0.63,0.81,7.69,100,9,7.9,31
2026-04-12 06:35:14,,,,,0.63,0.81,7.42,100,9,7.9,31
2026-04-12 06:35:17,,,,,0.63,0.81,8.38,100,9,7.9,31
2026-04-12 06:35:20,,,,,0.63,0.8,8.56,100,9.25,7.9,31
2026-04-12 06:35:23,,,,,0.63,0.8,9.21,100,9.75,7.9,31
2026-04-12 06:35:26,,,,,0.63,0.8,10.44,100,10.75,7.91,31
2026-04-12 06:35:29,,,,,0.63,0.81,11.46,97.02,12.5,7.91,31
2026-04-12 06:35:32,,,,,0.63,0.81,14,88.75,15.25,7.92,31
2026-04-12 06:35:35,,,,,0.63,0.8,13.64,89.09,17.25,7.92,31
2026-04-12 06:35:38,,,,,0.63,0.81,15.74,79.64,19,7.92,31
2026-04-12 06:35:41,,,,,0.63,0.8,17.15,72.26,21.25,7.93,31
2026-04-12 06:35:44,,,,,0.63,0.81,18.84,58.76,24.5,7.94,31
2026-04-12 06:35:47,,,,,0.63,0.81,18.68,59,26.75,7.95,31
2026-04-12 06:35:50,,,,,0.63,0.81,18.55,60.74,30,7.96,31
2026-04-12 06:35:53,,,,,0.63,0.79,20.2,57.79,32.5,7.96,31
2026-04-12 06:35:56,,,,,0.63,0.8,21.26,53.99,33.5,7.95,31
2026-04-12 06:35:59,,,,,0.63,0.8,21.35,53.89,34.75,7.96,31
2026-04-12 06:36:02,,,,,0.63,0.8,22.05,49.57,35.25,7.97,31
2026-04-12 06:36:05,,,,,0.63,0.8,22.44,49.78,36.75,7.97,31
2026-04-12 06:36:08,,,,,0.64,0.79,22.91,43.5,37.5,7.96,31
2026-04-12 06:36:11,,,,,0.64,0.79,23.01,56.67,35.75,7.96,31
2026-04-12 06:36:14,,,,,0.63,0.79,23.69,46.27,36,7.97,31
2026-04-12 06:36:17,,,,,0.63,0.79,23.05,44.76,33.25,7.98,31
2026-04-12 06:36:20,,,,,0.64,0.79,21.55,47.56,30.5,7.95,31
2026-04-12 06:36:23,,,,,0.63,0.79,20.21,49.85,24.5,7.96,31
2026-04-12 06:36:26,,,,,0.63,0.79,18.9,51.84,21.75,7.95,31
2026-04-12 06:36:29,,,,,0.63,0.79,17.98,55.13,20.25,7.95,31
2026-04-12 06:36:32,,,,,0.63,0.79,15.96,67.62,18.5,7.94,31
2026-04-12 06:36:35,,,,,0.63,0.79,14.71,73.65,17.25,7.94,31
2026-04-12 06:36:38,,,,,0.63,0.79,13.43,76.95,16,7.93,31
2026-04-12 06:36:41,,,,,0.63,0.79,12.22,80.95,14.5,7.93,31
2026-04-12 06:36:44,,,,,0.63,0.79,11.47,86.79,13.25,7.92,31
2026-04-12 06:36:47,,,,,0.63,0.79,10.93,87.72,12.5,7.93,31
2026-04-12 06:36:50,,,,,0.63,0.79,10.56,91.59,12,7.92,31
2026-04-12 06:36:53,,,,,0.63,0.79,9.97,93.46,11.25,7.92,31
2026-04-12 06:36:56,,,,,0.63,0.79,9.53,90.87,11,7.92,31
2026-04-12 06:36:59,,,,,0.63,0.79,9.3,95.19,10.25,7.92,31
2026-04-12 06:37:02,,,,,0.63,0.79,8.68,94.68,10,7.92,31
2026-04-12 06:37:05,,,,,0.63,0.8,8.68,97.37,9.75,7.92,31
2026-04-12 06:37:08,,,,,0.63,0.8,8.36,97.07,9.5,7.91,31
2026-04-12 06:37:11,,,,,0.63,0.8,7.96,97.36,9.25,7.92,31
2026-04-12 06:37:14,,,,,0.63,0.8,7.78,97.51,9,7.92,31
2026-04-12 06:37:17,,,,,0.63,0.8,7.86,98.2,8.75,7.9,31
2026-04-12 06:37:20,,,,,0.63,0.8,7.43,99.35,8.75,7.91,31
2026-04-12 06:37:23,,,,,0.63,0.8,7.08,98.81,8.5,7.91,31
2026-04-12 06:37:26,,,,,0.63,0.8,7.36,100,8.25,7.91,31
2026-04-12 06:37:29,,,,,0.64,0.8,6.85,99.81,8.25,7.9,31
2026-04-12 06:37:32,,,,,0.63,0.8,7.1,100,8,7.9,31
2026-04-12 06:37:35,,,,,0.63,0.8,6.57,100,7.75,7.9,31
2026-04-12 06:37:38,,,,,0.63,0.8,6.51,100,7.75,7.9,31
2026-04-12 06:37:41,,,,,0.63,0.8,6.81,100,7.5,7.9,31
2026-04-12 06:37:44,,,,,0.63,0.8,6.53,100,7.25,7.9,31
2026-04-12 06:37:47,,,,,0.63,0.8,10.4,84.2,8.5,7.91,31
2026-04-12 06:37:50,,,,,0.64,0.8,15.49,69.13,12.5,7.91,31
2026-04-12 06:37:53,,,,,0.64,0.8,16.95,64.47,15.5,7.92,31
2026-04-12 06:37:56,,,,,0.64,0.8,15.47,69.72,17,7.92,31
2026-04-12 06:37:59,,,,,0.63,0.8,17.26,63.83,18.25,7.93,31
2026-04-12 06:38:02,,,,,0.63,0.8,14.74,74.42,19,7.94,31
2026-04-12 06:38:05,,,,,0.63,0.8,16.07,63.19,20,7.94,31
2026-04-12 06:38:08,,,,,0.64,0.8,17.57,61.24,22.75,7.94,31
2026-04-12 06:38:11,,,,,0.63,0.81,17.3,60.99,25,7.95,31
2026-04-12 06:38:14,,,,,0.63,0.81,17.81,57.74,27.5,7.96,31
2026-04-12 06:38:17,,,,,0.63,0.8,18.28,55.93,29.75,7.95,31
2026-04-12 06:38:20,,,,,0.63,0.81,18.99,56.29,31,7.97,31
2026-04-12 06:38:23,,,,,0.63,0.79,19.87,52.81,32.75,7.96,31
2026-04-12 06:38:26,,,,,0.63,0.8,20.33,56.85,34.25,7.97,31
2026-04-12 06:38:29,,,,,0.63,0.8,20.54,48.6,34.5,7.94,31
2026-04-12 06:38:32,,,,,0.64,0.8,21.59,45.32,36.75,7.95,31
2026-04-12 06:38:35,,,,,0.64,0.8,22.28,45.64,35.5,7.96,31
2026-04-12 06:38:38,,,,,0.64,0.8,21.98,48.72,32.75,7.97,31
2026-04-12 06:38:41,,,,,0.64,0.8,21.58,47.5,31.25,7.96,31
2026-04-12 06:38:44,,,,,0.64,0.8,20.42,48.75,29,7.95,31
2026-04-12 06:38:47,,,,,0.64,0.8,18.8,55.4,23.25,7.96,31
2026-04-12 06:38:50,,,,,0.63,0.8,17.82,54.15,20.75,7.96,31
2026-04-12 06:38:53,,,,,0.63,0.8,17.09,55.73,19,7.95,31
2026-04-12 06:38:56,,,,,0.64,0.8,15.01,69.88,17.75,7.95,31
2026-04-12 06:38:59,,,,,0.64,0.8,13.65,75.28,16,7.93,31
2026-04-12 06:39:02,,,,,0.64,0.8,12.15,79.58,14.75,7.94,31
2026-04-12 06:39:05,,,,,0.64,0.8,11.83,85.08,13.5,7.93,31
2026-04-12 06:39:08,,,,,0.64,0.78,10.99,85.96,12.5,7.93,31
2026-04-12 06:39:11,,,,,0.64,0.78,10.32,85.66,12,7.92,31
2026-04-12 06:39:14,,,,,0.64,0.78,9.74,89.65,11.25,7.92,31
2026-04-12 06:39:17,,,,,0.63,0.78,9.44,92.89,10.75,7.92,31
2026-04-12 06:39:20,,,,,0.63,0.78,8.83,92.78,10.25,7.92,31
2026-04-12 06:39:23,,,,,0.63,0.78,10.33,94.23,10,7.93,31
2026-04-12 06:39:26,,,,,0.63,0.79,8.85,96.78,9.75,7.91,31
2026-04-12 06:39:29,,,,,0.64,0.79,8.14,94.95,9.5,7.92,31
2026-04-12 06:39:32,,,,,0.64,0.79,7.76,96.37,9,7.91,31
2026-04-12 06:39:35,,,,,0.64,0.79,7.85,96.59,9,7.92,31
2026-04-12 06:39:38,,,,,0.64,0.79,7.25,98.31,8.5,7.92,31
2026-04-12 06:39:41,,,,,0.64,0.79,7.1,98.96,8.5,7.92,31
2026-04-12 06:39:44,,,,,0.64,0.79,6.69,99.21,8.25,7.91,31
2026-04-12 06:39:47,,,,,0.64,0.79,6.99,100,7.75,7.9,31
2026-04-12 06:39:50,,,,,0.64,0.79,6.54,100,7.5,7.91,31
2026-04-12 06:39:53,,,,,0.64,0.79,6.8,100,7.25,7.9,31
2026-04-12 06:39:56,,,,,0.64,0.79,6.91,100,7.5,7.9,31
2026-04-12 06:39:59,,,,,0.63,0.79,6.61,100,7.5,7.91,31
2026-04-12 06:40:02,,,,,0.63,0.79,6.67,100,7.5,7.91,31
2026-04-12 06:40:05,,,,,0.63,0.8,6.82,100,7.75,7.91,31
2026-04-12 06:40:08,,,,,0.64,0.8,7.19,100,8,7.9,31
2026-04-12 06:40:11,,,,,0.63,0.8,7.76,100,8.75,7.9,31
2026-04-12 06:40:14,,,,,0.63,0.8,9.07,99.98,9.5,7.91,31
2026-04-12 06:40:17,,,,,0.63,0.79,9.98,96.31,10.5,7.9,31
2026-04-12 06:40:20,,,,,0.64,0.79,11.33,89.01,12,7.91,31
2026-04-12 06:40:23,,,,,0.64,0.8,15.55,73.77,14.75,7.93,31
2026-04-12 06:40:26,,,,,0.64,0.8,16.21,63.22,18.5,7.93,31
2026-04-12 06:40:29,,,,,0.64,0.8,15.6,65.97,20.5,7.93,31
2026-04-12 06:40:32,,,,,0.64,0.8,15.57,63.62,20.75,7.94,31
2026-04-12 06:40:35,,,,,0.64,0.8,16.98,61.3,24,7.94,31
2026-04-12 06:40:38,,,,,0.64,0.81,16.31,67.66,27,7.94,31
2026-04-12 06:40:41,,,,,0.64,0.81,17.55,63.87,27.75,7.95,31
2026-04-12 06:40:44,,,,,0.63,0.81,18.73,59.03,28.75,7.94,31
2026-04-12 06:40:47,,,,,0.63,0.81,19.23,55.86,30.75,7.96,31
2026-04-12 06:40:50,,,,,0.64,0.81,19.99,58.54,32.25,7.97,31
2026-04-12 06:40:53,,,,,0.64,0.81,20.44,50.96,33.25,7.96,31
2026-04-12 06:40:56,,,,,0.64,0.81,20.94,45.42,33.75,7.97,31
2026-04-12 06:40:59,,,,,0.64,0.81,20.94,59.54,32.75,7.98,31
2026-04-12 06:41:02,,,,,0.64,0.81,21.01,58.33,33.5,7.97,31
2026-04-12 06:41:05,,,,,0.64,0.81,21.35,54.27,32.25,7.97,31
2026-04-12 06:41:08,,,,,0.64,0.81,20.44,50.51,30.25,7.97,31
2026-04-12 06:41:11,,,,,0.64,0.81,17.85,60.26,24.5,7.96,31
2026-04-12 06:41:14,,,,,0.63,0.81,16.46,70.2,20.5,7.95,31
2026-04-12 06:41:17,,,,,0.63,0.81,17.35,61.95,18.75,7.94,31
2026-04-12 06:41:20,,,,,0.64,0.81,15.7,73.02,18,7.95,31
2026-04-12 06:41:23,,,,,0.63,0.81,14.85,73.51,17,7.93,31
2026-04-12 06:41:26,,,,,0.64,0.8,12.69,78.57,15.75,7.93,31
2026-04-12 06:41:29,,,,,0.63,0.8,11.97,81.42,14.25,7.94,31
2026-04-12 06:41:32,,,,,0.63,0.8,10.99,86.2,13,7.93,31
2026-04-12 06:41:35,,,,,0.64,0.8,10.81,85.59,12.25,7.93,31
2026-04-12 06:41:38,,,,,0.63,0.8,10.79,85.63,11.75,7.93,31
2026-04-12 06:41:41,,,,,0.64,0.8,9.44,90.8,11.25,7.92,31
2026-04-12 06:41:44,,,,,0.64,0.8,8.86,91.32,10.5,7.92,31
2026-04-12 06:41:47,,,,,0.63,0.8,8.76,91.27,10,7.92,31
2026-04-12 06:41:50,,,,,0.64,0.8,9.46,91.9,9.5,7.91,31
2026-04-12 06:41:53,,,,,0.64,0.8,7.89,95.33,9.25,7.91,31
2026-04-12 06:41:56,,,,,0.63,0.8,7.96,95.38,8.75,7.91,31
2026-04-12 06:41:59,,,,,0.64,0.8,7.57,94.82,8.75,7.91,31
2026-04-12 06:42:02,,,,,0.64,0.8,6.66,97.51,8.25,7.91,31
2026-04-12 06:42:05,,,,,0.63,0.8,6.44,98.47,7.75,7.91,31
2026-04-12 06:42:08,,,,,0.63,0.8,6.2,98.24,7.5,7.91,31
2026-04-12 06:42:11,,,,,0.63,0.8,6.49,99.75,7,7.9,31
2026-04-12 06:42:14,,,,,0.64,0.8,6.07,99.9,7,7.9,31
2026-04-12 06:42:17,,,,,0.64,0.8,5.69,99.64,6.75,7.91,31
2026-04-12 06:42:20,,,,,0.64,0.79,5.23,99.71,6.75,7.9,31
2026-04-12 06:42:23,,,,,0.64,0.8,5.56,100,6.5,7.9,31
2026-04-12 06:42:26,,,,,0.64,0.79,5.39,100,6.5,7.9,31
2026-04-12 06:42:29,,,,,0.64,0.78,6.33,100,6,7.9,31
2026-04-12 06:42:32,,,,,0.63,0.78,7,100,7,7.9,31
2026-04-12 06:42:35,,,,,0.63,0.78,7.1,100,8,7.91,31
2026-04-12 06:42:38,,,,,0.64,0.78,7.23,99.53,8.5,7.9,31
2026-04-12 06:42:41,,,,,0.64,0.78,8.53,98.67,9.5,7.9,31
2026-04-12 06:42:44,,,,,0.64,0.78,9.5,94.77,11,7.91,31
2026-04-12 06:42:47,,,,,0.64,0.78,11.49,91.45,13,7.91,31
2026-04-12 06:42:50,,,,,0.64,0.78,13.6,81.24,15.75,7.92,31
2026-04-12 06:42:53,,,,,0.64,0.78,12.42,81.28,17.5,7.92,31
2026-04-12 06:42:56,,,,,0.64,0.78,14.41,71.08,19.75,7.94,31
2026-04-12 06:42:59,,,,,0.64,0.78,15.25,67.56,22.25,7.93,31
2026-04-12 06:43:02,,,,,0.64,0.79,15.46,68.44,24.25,7.95,31
2026-04-12 06:43:05,,,,,0.64,0.79,16.48,63.87,27,7.95,31
2026-04-12 06:43:08,,,,,0.64,0.79,18.2,60.53,30.75,7.96,31
2026-04-12 06:43:11,,,,,0.64,0.79,18.64,57.89,30.5,7.96,31
2026-04-12 06:43:14,,,,,0.64,0.79,19.35,50.65,33.25,7.96,31
2026-04-12 06:43:17,,,,,0.64,0.8,19.94,51.01,34,7.96,31
2026-04-12 06:43:20,,,,,0.64,0.8,20.36,49.36,33.75,7.97,31
2026-04-12 06:43:23,,,,,0.64,0.8,20.74,54.5,35.5,7.97,31
2026-04-12 06:43:26,,,,,0.64,0.8,20.89,45.38,35.75,7.97,31
2026-04-12 06:43:29,,,,,0.64,0.8,21.15,43.17,36,7.97,31
2026-04-12 06:43:32,,,,,0.64,0.8,20.7,45.73,33.75,7.98,31
2026-04-12 06:43:35,,,,,0.64,0.8,17.68,61.86,27.75,7.95,31
2026-04-12 06:43:38,,,,,0.64,0.8,15.25,66.46,21.5,7.94,31
2026-04-12 06:43:41,,,,,0.64,0.8,14.46,69.17,18.25,7.95,31
2026-04-12 06:43:44,,,,,0.64,0.8,12.78,73.99,15.75,7.94,31
2026-04-12 06:43:47,,,,,0.64,0.8,11.78,78.46,14.25,7.93,31
2026-04-12 06:43:50,,,,,0.64,0.8,11.24,78.99,13,7.92,31
2026-04-12 06:43:53,,,,,0.64,0.79,10.68,81.46,12.25,7.93,31
2026-04-12 06:43:56,,,,,0.64,0.79,9.93,84.85,11.75,7.93,31
2026-04-12 06:43:59,,,,,0.63,0.79,9.76,82.69,11.25,7.93,31
2026-04-12 06:44:02,,,,,0.64,0.79,8.99,86.95,10.75,7.93,31
2026-04-12 06:44:05,,,,,0.64,0.79,8.68,86.41,10,7.92,31
2026-04-12 06:44:08,,,,,0.64,0.79,7.97,89.27,9.5,7.91,31
2026-04-12 06:44:11,,,,,0.64,0.8,8.48,94.77,9,7.92,31
2026-04-12 06:44:14,,,,,0.63,0.8,7.51,92.09,8.75,7.91,31
2026-04-12 06:44:17,,,,,0.64,0.8,7.38,93.78,8.75,7.91,31
2026-04-12 06:44:20,,,,,0.64,0.8,6.72,95.14,8.25,7.91,31
2026-04-12 06:44:23,,,,,0.64,0.8,6.6,95.87,7.75,7.91,31
2026-04-12 06:44:26,,,,,0.64,0.8,6.08,98.22,7.5,7.9,31
2026-04-12 06:44:29,,,,,0.64,0.8,5.89,98.73,7,7.91,31
2026-04-12 06:44:32,,,,,0.64,0.8,5.59,98.91,6.75,7.91,31
2026-04-12 06:44:35,,,,,0.64,0.8,5.47,99.53,6.5,7.9,31
2026-04-12 06:44:38,,,,,0.64,0.8,5.39,100,6.25,7.91,31
2026-04-12 06:44:41,,,,,0.64,0.8,5.6,100,6.25,7.91,31
2026-04-12 06:44:44,,,,,0.64,0.8,4.85,100,6,7.91,31
2026-04-12 06:44:47,,,,,0.64,0.8,4.81,100,5.75,7.9,31
2026-04-12 06:44:50,,,,,0.64,0.81,4.5,100,5.5,7.9,31
2026-04-12 06:44:53,,,,,0.64,0.81,4.52,100,5.5,7.9,31
2026-04-12 06:44:56,,,,,0.64,0.81,4.19,100,5.25,7.9,31
2026-04-12 06:44:59,,,,,0.64,0.81,5.04,100,5.25,7.9,31
2026-04-12 06:45:02,,,,,0.64,0.81,7.47,100,6.75,7.9,31
2026-04-12 06:45:05,,,,,0.64,0.81,8,98.96,8.75,7.9,31
2026-04-12 06:45:08,,,,,0.64,0.81,10.3,92.58,10.5,7.92,31
2026-04-12 06:45:11,,,,,0.64,0.8,14.78,70.91,13.75,7.92,31
2026-04-12 06:45:14,,,,,0.64,0.81,15.91,65.99,16.5,7.92,31
2026-04-12 06:45:17,,,,,0.64,0.81,15.61,64.56,18.25,7.93,31
2026-04-12 06:45:20,,,,,0.64,0.81,16.24,55.83,21.75,7.94,31
2026-04-12 06:45:23,,,,,0.64,0.81,16.3,48.79,23,7.94,31
2026-04-12 06:45:26,,,,,0.64,0.81,18.47,47.54,23.75,7.94,31
2026-04-12 06:45:29,,,,,0.64,0.81,18.58,51.35,26.25,7.95,31
2026-04-12 06:45:32,,,,,0.64,0.82,19.02,48.66,29.75,7.97,31
2026-04-12 06:45:35,,,,,0.64,0.82,20.57,45.64,29,7.96,31
2026-04-12 06:45:38,,,,,0.64,0.82,21.14,42.04,27.5,7.96,31
2026-04-12 06:45:41,,,,,0.65,0.79,21.09,37.19,25.5,7.95,31
2026-04-12 06:45:44,,,,,0.64,0.8,21.6,42,25,7.94,31
2026-04-12 06:45:47,,,,,0.64,0.8,21.06,47.88,24.75,7.96,31
2026-04-12 06:45:50,,,,,0.64,0.79,20.81,42.93,24,7.95,31
2026-04-12 06:45:53,,,,,0.64,0.79,19.5,53.29,23,7.95,31
2026-04-12 06:45:56,,,,,0.65,0.79,18.77,51.62,21.5,7.95,31
2026-04-12 06:45:59,,,,,0.64,0.79,18.08,53.03,20.25,7.94,31
2026-04-12 06:46:02,,,,,0.64,0.79,17.11,62.83,19.25,7.94,31
2026-04-12 06:46:05,,,,,0.64,0.79,15.99,66.28,18.25,7.94,31
2026-04-12 06:46:08,,,,,0.64,0.79,16.56,61.72,17.5,7.93,31
2026-04-12 06:46:11,,,,,0.64,0.79,16.23,60.22,17.5,7.93,31
2026-04-12 06:46:14,,,,,0.64,0.79,16.1,57.27,17.25,7.92,31
2026-04-12 06:46:17,,,,,0.64,0.79,16.05,60.01,17,7.93,31
2026-04-12 06:46:20,,,,,0.64,0.79,15.57,58.04,16.75,7.94,31
2026-04-12 06:46:23,,,,,0.64,0.79,15.57,66.05,16.75,7.93,31
2026-04-12 06:46:26,,,,,0.64,0.79,15,63.18,16.75,7.92,31
2026-04-12 06:46:29,,,,,0.64,0.8,15.74,70.03,16.25,7.92,31
2026-04-12 06:46:32,,,,,0.65,0.78,14.54,68.49,16.25,7.94,31
2026-04-12 06:46:35,,,,,0.64,0.79,15.88,57.68,16.5,7.93,31
2026-04-12 06:46:38,,,,,0.64,0.79,14.84,67.1,16.5,7.92,31
2026-04-12 06:46:41,,,,,0.64,0.79,14.65,61.98,16,7.93,31
2026-04-12 06:46:44,,,,,0.64,0.79,14.55,63.05,15.75,7.92,31
2026-04-12 06:46:47,,,,,0.64,0.79,14.16,68.86,15.25,7.92,31
2026-04-12 06:46:50,,,,,0.65,0.79,14.01,63.51,15.25,7.92,31
2026-04-12 06:46:53,,,,,0.64,0.79,13.42,69.67,14.75,7.93,31
2026-04-12 06:46:56,,,,,0.64,0.8,13.18,73.37,14.5,7.92,31
2026-04-12 06:46:59,,,,,0.65,0.79,12.98,75.2,14.25,7.92,31
2026-04-12 06:47:02,,,,,0.64,0.8,12.91,74.69,14,7.93,31
2026-04-12 06:47:05,,,,,0.64,0.8,12.5,76.81,14,7.92,31
2026-04-12 06:47:08,,,,,0.64,0.8,13.6,73.71,14,7.92,31
2026-04-12 06:47:11,,,,,0.64,0.8,11.36,79.24,13.5,7.91,31
2026-04-12 06:47:14,,,,,0.65,0.8,11.02,80.34,12.75,7.92,31
2026-04-12 06:47:17,,,,,0.64,0.8,9.16,83.55,11.5,7.9,31
2026-04-12 06:47:20,,,,,0.64,0.78,8.68,87.66,10.5,7.9,31
2026-04-12 06:47:23,,,,,0.64,0.78,8.17,88.08,9.75,7.9,31
2026-04-12 06:47:26,,,,,0.65,0.79,16.99,59.08,11,7.9,31
2026-04-12 06:47:29,,,,,0.65,0.79,20.69,49.5,15.5,7.92,31
2026-04-12 06:47:32,,,,,0.64,0.79,17.49,59.71,18.25,7.93,31
2026-04-12 06:47:35,,,,,0.64,0.79,16.95,64.34,18.75,7.93,31
2026-04-12 06:47:38,,,,,0.64,0.79,17.88,56.77,19.25,7.93,31
2026-04-12 06:47:41,,,,,0.65,0.79,17.72,53.84,22,7.94,31
2026-04-12 06:47:44,,,,,0.64,0.79,18.22,54.78,24,7.93,31
2026-04-12 06:47:47,,,,,0.65,0.79,19.81,47.14,27.25,7.95,31
2026-04-12 06:47:50,,,,,0.65,0.8,18.75,52.1,27.75,7.96,31
2026-04-12 06:47:53,,,,,0.64,0.8,19.42,59.27,28.25,7.96,31
2026-04-12 06:47:56,,,,,0.64,0.79,20.13,58.36,29.5,7.95,31
2026-04-12 06:47:59,,,,,0.64,0.79,20.81,55.07,31.5,7.96,31
2026-04-12 06:48:02,,,,,0.64,0.8,21.81,46.56,32.5,7.97,31
2026-04-12 06:48:05,,,,,0.64,0.8,23.6,46.09,33.75,7.97,31
2026-04-12 06:48:08,,,,,0.64,0.8,24.19,38.86,33.5,7.97,31
2026-04-12 06:48:11,,,,,0.65,0.79,23.69,41.9,31.5,7.98,31
2026-04-12 06:48:14,,,,,0.65,0.79,23.73,45.67,30.5,7.97,31
2026-04-12 06:48:17,,,,,0.65,0.79,23.7,42.1,31,7.97,31
2026-04-12 06:48:20,,,,,0.65,0.79,22.16,51.04,28,7.97,31
2026-04-12 06:48:23,,,,,0.65,0.79,21.05,55.08,25,7.96,31
2026-04-12 06:48:26,,,,,0.64,0.79,20.27,58.66,23,7.95,31
2026-04-12 06:48:29,,,,,0.64,0.79,19.9,60.3,21.75,7.95,31
2026-04-12 06:48:32,,,,,0.64,0.79,19.41,60.65,21,7.95,31
2026-04-12 06:48:35,,,,,0.64,0.79,19.06,63.08,20.25,7.94,31
2026-04-12 06:48:38,,,,,0.64,0.79,18.05,72.12,19.75,7.94,31
2026-04-12 06:48:41,,,,,0.64,0.79,16.04,77.2,18.5,7.94,31
2026-04-12 06:48:44,,,,,0.64,0.79,15.1,79.82,17.25,7.94,31
2026-04-12 06:48:47,,,,,0.64,0.8,15.75,77.15,17,7.94,31
2026-04-12 06:48:50,,,,,0.64,0.8,15.44,85.1,16.25,7.93,31
2026-04-12 06:48:53,,,,,0.65,0.8,14.37,83.9,16.25,7.94,31
2026-04-12 06:48:56,,,,,0.64,0.8,14.1,85.9,15.5,7.94,31
2026-04-12 06:48:59,,,,,0.65,0.8,14.23,82.62,15.5,7.93,31
2026-04-12 06:49:02,,,,,0.64,0.8,15.03,84.21,15.5,7.93,31
2026-04-12 06:49:05,,,,,0.64,0.8,14.3,84.7,15.5,7.93,31
2026-04-12 06:49:08,,,,,0.64,0.79,14.09,86.62,15.25,7.92,31
2026-04-12 06:49:11,,,,,0.65,0.78,14.19,86.24,15.25,7.92,31
2026-04-12 06:49:14,,,,,0.65,0.79,13.82,87.18,15.25,7.93,31
2026-04-12 06:49:17,,,,,0.64,0.79,14.31,85.9,15,7.92,31
2026-04-12 06:49:20,,,,,0.64,0.78,13.92,86.8,15,7.93,31
2026-04-12 06:49:23,,,,,0.64,0.79,14.45,85.2,15.25,7.92,31
2026-04-12 06:49:26,,,,,0.64,0.79,13.47,88.56,15,7.93,31
2026-04-12 06:49:29,,,,,0.65,0.79,12.47,90.9,14.5,7.93,31
2026-04-12 06:49:33,,,,,0.64,0.79,12.06,93.75,13.75,7.92,31
2026-04-12 06:49:36,,,,,0.65,0.79,11.21,92.53,13,7.92,31
2026-04-12 06:49:39,,,,,0.65,0.79,10.71,96.71,12.25,7.92,31
2026-04-12 06:49:42,,,,,0.64,0.77,10.6,97.21,11.5,7.91,31
2026-04-12 06:49:45,,,,,0.64,0.78,10.57,97.96,11.5,7.92,31
2026-04-12 06:49:48,,,,,0.65,0.78,10.01,98.72,11.25,7.92,31
2026-04-12 06:49:51,,,,,0.65,0.78,16.16,72.66,11.75,7.91,31
2026-04-12 06:49:54,,,,,0.65,0.78,21.5,59.93,16,7.92,31
2026-04-12 06:49:57,,,,,0.65,0.78,20.31,61.69,18.25,7.93,31
2026-04-12 06:50:00,,,,,0.64,0.78,19.95,63.77,20.75,7.93,31
2026-04-12 06:50:03,,,,,0.64,0.77,16.96,78.45,21.5,7.95,31
2026-04-12 06:50:06,,,,,0.64,0.78,18.27,67.84,22,7.94,31
2026-04-12 06:50:09,,,,,0.64,0.78,18.1,67.68,23.5,7.95,31
2026-04-12 06:50:12,,,,,0.64,0.78,19.41,64.48,25.75,7.95,31
2026-04-12 06:50:15,,,,,0.64,0.78,19.37,70.83,28.5,7.94,31
2026-04-12 06:50:18,,,,,0.64,0.78,19.82,69.51,29.25,7.98,31
2026-04-12 06:50:21,,,,,0.65,0.78,20.55,67.07,31.25,7.96,31
2026-04-12 06:50:24,,,,,0.65,0.79,21.23,68.18,33.5,7.97,31
2026-04-12 06:50:27,,,,,0.64,0.79,21.65,67.72,34.25,7.97,31
2026-04-12 06:50:30,,,,,0.65,0.78,22.32,65.48,36,7.97,31
2026-04-12 06:50:33,,,,,0.65,0.79,22.48,71.26,37.25,7.96,31
2026-04-12 06:50:36,,,,,0.64,0.79,22.73,62.71,36,7.96,31
2026-04-12 06:50:39,,,,,0.65,0.79,23.25,62.93,36.75,7.98,31
2026-04-12 06:50:42,,,,,0.65,0.79,23.37,60.66,38.5,7.97,31
2026-04-12 06:50:45,,,,,0.65,0.79,25.09,49.85,37.5,7.98,31
2026-04-12 06:50:48,,,,,0.64,0.79,23.62,54.44,32.25,7.98,31
2026-04-12 06:50:51,,,,,0.64,0.79,22.47,58.3,26.75,7.96,31
2026-04-12 06:50:54,,,,,0.65,0.79,21.52,62.38,24.25,7.97,31
2026-04-12 06:50:57,,,,,0.65,0.79,18.56,77.93,22,7.96,31
2026-04-12 06:51:00,,,,,0.64,0.78,16.72,80.42,19.75,7.94,31
2026-04-12 06:51:03,,,,,0.64,0.78,15.79,81.82,18.25,7.94,31
2026-04-12 06:51:06,,,,,0.64,0.78,15.06,84.09,17,7.94,31
2026-04-12 06:51:09,,,,,0.64,0.78,14.28,83.77,16.25,7.95,31
2026-04-12 06:51:12,,,,,0.64,0.78,14.08,89.91,15.5,7.94,31
2026-04-12 06:51:15,,,,,0.65,0.78,13.22,90.03,15,7.94,31
2026-04-12 06:51:18,,,,,0.64,0.78,13.18,92.74,14.25,7.94,31
2026-04-12 06:51:21,,,,,0.64,0.78,12.92,92.54,14,7.94,31
2026-04-12 06:51:24,,,,,0.64,0.78,11.97,93.71,13.5,7.94,31
2026-04-12 06:51:27,,,,,0.64,0.79,11.86,92.43,13.25,7.94,31
2026-04-12 06:51:30,,,,,0.64,0.79,11.68,95.63,12.75,7.93,31
2026-04-12 06:51:33,,,,,0.64,0.79,11.41,95.71,12.5,7.93,31
2026-04-12 06:51:36,,,,,0.64,0.79,11.06,96.05,12.5,7.93,31
2026-04-12 06:51:39,,,,,0.64,0.79,10.94,97.41,12,7.94,31
2026-04-12 06:51:42,,,,,0.64,0.79,10.93,98.29,11.75,7.93,31
2026-04-12 06:51:45,,,,,0.64,0.79,10.42,98.15,11.75,7.93,31
2026-04-12 06:51:48,,,,,0.64,0.79,10.22,98.72,11.25,7.92,31
2026-04-12 06:51:51,,,,,0.65,0.79,10.19,99.25,11.25,7.92,31
2026-04-12 06:51:54,,,,,0.64,0.77,9.78,99.58,11,7.92,31
2026-04-12 06:51:57,,,,,0.65,0.78,9.84,99.97,10.75,7.92,31
2026-04-12 06:52:00,,,,,0.64,0.78,9.23,99.52,10.5,7.92,31
2026-04-12 06:52:03,,,,,0.65,0.78,9.83,100,10.75,7.92,31
2026-04-12 06:52:06,,,,,0.64,0.78,9.42,100,10.5,7.92,31
2026-04-12 06:52:09,,,,,0.64,0.78,9.68,100,10.25,7.91,31
2026-04-12 06:52:12,,,,,0.64,0.77,8.86,100,10.25,7.91,31
2026-04-12 06:52:15,,,,,0.65,0.77,13.31,100,10.5,7.92,31
2026-04-12 06:52:18,,,,,0.65,0.77,18.1,66.57,14.25,7.95,31
2026-04-12 06:52:21,,,,,0.65,0.77,22.76,54.57,17.5,7.93,31
2026-04-12 06:52:24,,,,,0.65,0.78,20.52,61.58,20,7.94,31
2026-04-12 06:52:27,,,,,0.64,0.78,17.85,75.72,21.5,7.95,31
2026-04-12 06:52:30,,,,,0.64,0.78,17.41,75.29,22,7.94,31
2026-04-12 06:52:33,,,,,0.64,0.78,18.64,70.65,23.25,7.96,31
2026-04-12 06:52:36,,,,,0.64,0.78,19.08,73.98,24.25,7.94,31
2026-04-12 06:52:39,,,,,0.64,0.78,19.84,70.75,26,7.97,31
2026-04-12 06:52:42,,,,,0.65,0.78,21.12,61.94,28,7.96,31
2026-04-12 06:52:45,,,,,0.64,0.78,21.92,61.48,28.75,7.97,31
2026-04-12 06:52:48,,,,,0.65,0.78,22.47,56.67,30,7.97,31
2026-04-12 06:52:51,,,,,0.65,0.79,22.16,57.65,29.75,7.98,31
2026-04-12 06:52:54,,,,,0.65,0.79,22.43,60.17,29.25,7.97,31
2026-04-12 06:52:57,,,,,0.65,0.79,21.91,60.83,29.25,7.98,31
2026-04-12 06:53:00,,,,,0.65,0.79,21.65,59.71,28.75,7.97,31
2026-04-12 06:53:03,,,,,0.64,0.78,21.16,62.54,28,7.98,31
2026-04-12 06:53:06,,,,,0.65,0.78,20.65,65.12,27.25,7.97,31
2026-04-12 06:53:09,,,,,0.65,0.78,19.76,65.06,26.5,7.96,31
2026-04-12 06:53:12,,,,,0.65,0.78,17.73,71.03,24,7.96,31
2026-04-12 06:53:15,,,,,0.66,0.78,15.67,77.55,19.5,7.94,31
2026-04-12 06:53:18,,,,,0.65,0.78,14.1,83.38,17,7.95,31
2026-04-12 06:53:21,,,,,0.65,0.78,13.89,84.52,15.75,7.94,31
2026-04-12 06:53:24,,,,,0.64,0.78,13.83,85.99,15.25,7.94,31
2026-04-12 06:53:27,,,,,0.65,0.78,13.41,88.71,14.75,7.94,31
2026-04-12 06:53:30,,,,,0.65,0.78,12.67,90.3,14,7.94,31
2026-04-12 06:53:33,,,,,0.64,0.78,12.12,91.61,13.5,7.93,31
2026-04-12 06:53:36,,,,,0.65,0.78,11.63,92.67,13,7.93,31
2026-04-12 06:53:39,,,,,0.65,0.78,11.87,93.87,13,7.94,31
2026-04-12 06:53:42,,,,,0.65,0.78,11.78,92.44,12.75,7.93,31
2026-04-12 06:53:45,,,,,0.65,0.78,11.57,91.3,12.75,7.94,31
2026-04-12 06:53:48,,,,,0.65,0.78,11.9,90.32,12.75,7.93,31
2026-04-12 06:53:51,,,,,0.65,0.78,11.71,90.53,13,7.93,31
2026-04-12 06:53:54,,,,,0.64,0.78,11.87,91.72,13,7.93,31
2026-04-12 06:53:57,,,,,0.65,0.78,12.02,92.13,13,7.94,31
2026-04-12 06:54:00,,,,,0.65,0.78,12.19,92.14,13.25,7.94,31
2026-04-12 06:54:03,,,,,0.65,0.78,11.47,93.15,13,7.94,31
2026-04-12 06:54:06,,,,,0.65,0.78,11.56,92.98,12.75,7.93,31
2026-04-12 06:54:09,,,,,0.65,0.78,11.22,92.54,12.5,7.93,31
2026-04-12 06:54:12,,,,,0.65,0.78,11.09,92.41,12.25,7.92,31
2026-04-12 06:54:15,,,,,0.65,0.78,11.41,93.3,12.5,7.93,31
2026-04-12 06:54:18,,,,,0.65,0.78,11.48,94.12,12.5,7.92,31
2026-04-12 06:54:21,,,,,0.65,0.78,11.47,94.26,12.5,7.92,31
2026-04-12 06:54:24,,,,,0.65,0.78,10.98,93.24,12.5,7.93,31
2026-04-12 06:54:27,,,,,0.65,0.78,10.88,92.93,12,7.92,31
2026-04-12 06:54:30,,,,,0.65,0.78,10.86,92.99,12,7.92,31
2026-04-12 06:54:33,,,,,0.65,0.78,10.77,92.74,12,7.92,31
2026-04-12 06:54:36,,,,,0.65,0.78,10.98,92.74,11.75,7.91,31
2026-04-12 06:54:39,,,,,0.65,0.78,11.25,91.59,11.75,7.92,31
2026-04-12 06:54:42,,,,,0.65,0.78,11.69,92.14,12.25,7.92,31
2026-04-12 06:54:45,,,,,0.65,0.78,11.68,93.66,12.5,7.92,31
2026-04-12 06:54:48,,,,,0.65,0.78,12.91,90.08,13,7.93,31
2026-04-12 06:54:51,,,,,0.65,0.78,13.6,85.47,14.75,7.93,31
2026-04-12 06:54:54,,,,,0.65,0.78,14.22,80.31,16.75,7.93,31
2026-04-12 06:54:57,,,,,0.64,0.78,13.71,83.63,18,7.94,31
2026-04-12 06:55:00,,,,,0.65,0.78,14.3,80.91,17.5,7.94,31
2026-04-12 06:55:03,,,,,0.64,0.78,14.23,80.59,18,7.94,31
2026-04-12 06:55:06,,,,,0.65,0.78,15.25,76.89,18.5,7.94,31
2026-04-12 06:55:09,,,,,0.65,0.78,17.42,69.8,20,7.94,31
2026-04-12 06:55:12,,,,,0.65,0.79,15.51,76.79,21.25,7.94,31
2026-04-12 06:55:15,,,,,0.65,0.79,15.39,81.83,20.75,7.95,31
2026-04-12 06:55:18,,,,,0.65,0.79,17.59,71.59,20.5,7.95,31
2026-04-12 06:55:21,,,,,0.65,0.79,17.78,70.12,24.75,7.95,31
2026-04-12 06:55:25,,,,,0.65,0.79,17.28,70.83,30.5,7.97,31
2026-04-12 06:55:28,,,,,0.66,0.79,16.9,72.41,32.75,7.97,31
2026-04-12 06:55:31,,,,,0.66,0.79,16.81,73.82,33.75,7.97,31
2026-04-12 06:55:34,,,,,0.66,0.79,18.23,68.66,34.75,7.97,31
2026-04-12 06:55:37,,,,,0.65,0.79,17.99,73.02,32.5,7.97,31
2026-04-12 06:55:40,,,,,0.65,0.79,15.32,79.39,23.25,7.96,31
2026-04-12 06:55:43,,,,,0.65,0.79,13.08,87.39,18.5,7.94,31
2026-04-12 06:55:46,,,,,0.65,0.79,12.06,91.14,15.75,7.95,31
2026-04-12 06:55:49,,,,,0.65,0.79,11.42,92.69,14,7.93,31
2026-04-12 06:55:52,,,,,0.65,0.79,11.11,93.88,13.25,7.93,31
2026-04-12 06:55:55,,,,,0.65,0.79,10.84,96.53,12.25,7.93,31
2026-04-12 06:55:58,,,,,0.65,0.79,10.19,96.29,12,7.92,31
2026-04-12 06:56:01,,,,,0.65,0.79,9.7,97.97,11.25,7.92,31
2026-04-12 06:56:04,,,,,0.65,0.79,9.56,98.4,11,7.92,31
2026-04-12 06:56:07,,,,,0.65,0.78,9.26,99.5,10.5,7.93,31
2026-04-12 06:56:10,,,,,0.65,0.78,9.13,99.25,10.5,7.93,31
2026-04-12 06:56:13,,,,,0.65,0.78,8.87,100,10.25,7.92,31
2026-04-12 06:56:16,,,,,0.65,0.79,8.86,100,9.75,7.91,31
2026-04-12 06:56:19,,,,,0.65,0.79,8.26,100,9.75,7.92,31
2026-04-12 06:56:22,,,,,0.65,0.79,7.92,100,9.25,7.92,31
2026-04-12 06:56:25,,,,,0.65,0.79,7.72,100,9,7.92,31
2026-04-12 06:56:28,,,,,0.65,0.79,8.02,100,8.75,7.91,31
2026-04-12 06:56:31,,,,,0.65,0.78,9.11,100,9.5,7.92,31
2026-04-12 06:56:34,,,,,0.65,0.77,8.97,100,10.25,7.92,31
2026-04-12 06:56:37,,,,,0.65,0.77,9.07,100,10.25,7.92,31
2026-04-12 06:56:40,,,,,0.65,0.78,8.89,100,10.25,7.92,31
2026-04-12 06:56:43,,,,,0.65,0.78,9.41,100,10.25,7.91,31
2026-04-12 06:56:46,,,,,0.65,0.78,9.62,100,10.5,7.91,31
2026-04-12 06:56:49,,,,,0.65,0.77,9.41,100,10.75,7.91,31
2026-04-12 06:56:52,,,,,0.65,0.77,8.8,100,10.5,7.92,31
2026-04-12 06:56:55,,,,,0.65,0.77,8.86,100,10.25,7.91,31
2026-04-12 06:56:58,,,,,0.65,0.77,8.48,100,10,7.91,31
2026-04-12 06:57:01,,,,,0.66,0.77,8.51,100,9.75,7.92,31
2026-04-12 06:57:04,,,,,0.65,0.77,8.59,100,9.5,7.91,31
2026-04-12 06:57:07,,,,,0.65,0.77,8.55,100,10,7.92,31
2026-04-12 06:57:10,,,,,0.65,0.77,10.08,100,10.75,7.92,31
2026-04-12 06:57:13,,,,,0.65,0.78,11.87,94.48,12.5,7.93,31
2026-04-12 06:57:16,,,,,0.65,0.78,13.53,87.24,15.5,7.92,31
2026-04-12 06:57:19,,,,,0.65,0.78,13.42,86.65,17.75,7.93,31
2026-04-12 06:57:22,,,,,0.65,0.78,15.68,85.02,19.25,7.93,31
2026-04-12 06:57:25,,,,,0.65,0.78,15.42,79.89,22,7.94,31
2026-04-12 06:57:28,,,,,0.65,0.78,15.7,78.61,23.75,7.95,31
2026-04-12 06:57:31,,,,,0.65,0.78,17.01,72.03,26.75,7.95,31
2026-04-12 06:57:34,,,,,0.65,0.79,17.59,71.43,29.75,7.95,31
2026-04-12 06:57:37,,,,,0.65,0.79,19.14,61.07,32.5,7.96,31
2026-04-12 06:57:40,,,,,0.65,0.79,20.22,53.45,35.25,7.97,31
2026-04-12 06:57:43,,,,,0.65,0.78,21.35,58.13,37,7.96,31
2026-04-12 06:57:46,,,,,0.65,0.78,22.47,61.23,36.75,7.96,31
2026-04-12 06:57:49,,,,,0.65,0.79,22.63,69.19,36.75,7.97,31
2026-04-12 06:57:52,,,,,0.66,0.79,23.44,59.54,38,7.96,31
2026-04-12 06:57:55,,,,,0.65,0.79,23.68,55.6,39.5,7.98,31
2026-04-12 06:57:58,,,,,0.66,0.79,23.43,64.89,39.25,7.95,31
2026-04-12 06:58:01,,,,,0.65,0.78,25.19,42.08,38.25,7.96,31
2026-04-12 06:58:04,,,,,0.65,0.79,23.51,45.78,29.75,7.98,31
2026-04-12 06:58:07,,,,,0.65,0.78,20.62,56.04,25.25,7.96,31
2026-04-12 06:58:10,,,,,0.65,0.78,21.77,48.9,23,7.95,31
2026-04-12 06:58:13,,,,,0.65,0.78,20.48,51.3,22.25,7.95,31
2026-04-12 06:58:16,,,,,0.65,0.78,19.56,60.52,21,7.95,31
2026-04-12 06:58:19,,,,,0.65,0.78,18.02,71.81,20,7.95,31
2026-04-12 06:58:22,,,,,0.65,0.78,16.11,73.44,19,7.94,31
2026-04-12 06:58:25,,,,,0.66,0.78,14.31,76.04,17.5,7.94,31
2026-04-12 06:58:28,,,,,0.65,0.78,13.22,81.6,15.75,7.93,31
2026-04-12 06:58:31,,,,,0.65,0.78,12.25,84.54,14.5,7.94,31
2026-04-12 06:58:34,,,,,0.65,0.78,11.89,85.21,13.5,7.94,31
2026-04-12 06:58:37,,,,,0.65,0.78,11.33,86.96,13,7.93,31
2026-04-12 06:58:40,,,,,0.65,0.78,11.83,92.01,12.75,7.93,31
2026-04-12 06:58:43,,,,,0.65,0.78,10.38,89.45,12.5,7.93,31
2026-04-12 06:58:46,,,,,0.65,0.78,10.12,91.05,11.75,7.92,31
2026-04-12 06:58:49,,,,,0.65,0.78,9.86,92.19,11.25,7.92,31
2026-04-12 06:58:52,,,,,0.65,0.78,9.26,91.26,11,7.92,31
2026-04-12 06:58:55,,,,,0.65,0.78,9.42,93.18,10.5,7.92,31
2026-04-12 06:58:58,,,,,0.65,0.78,9.86,95.72,10.25,7.92,31
2026-04-12 06:59:01,,,,,0.65,0.78,9.5,97.33,10,7.91,31
2026-04-12 06:59:04,,,,,0.65,0.79,8.92,93.61,10.25,7.92,31
2026-04-12 06:59:07,,,,,0.65,0.77,8.53,96.14,9.75,7.9,31
2026-04-12 06:59:10,,,,,0.65,0.77,7.93,95.47,9.75,7.91,31
2026-04-12 06:59:13,,,,,0.65,0.77,7.77,95.83,9.25,7.91,31
2026-04-12 06:59:16,,,,,0.65,0.77,7.56,97.23,9,7.91,31
2026-04-12 06:59:19,,,,,0.65,0.77,7.63,97.18,8.75,7.91,31
2026-04-12 06:59:22,,,,,0.66,0.77,7.73,99.25,8.75,7.91,31
2026-04-12 06:59:25,,,,,0.65,0.77,7.02,98.36,8.5,7.91,31
2026-04-12 06:59:28,,,,,0.66,0.77,6.95,97.89,8.25,7.91,31
2026-04-12 06:59:31,,,,,0.66,0.77,13.36,76.54,9.5,7.92,31
2026-04-12 06:59:34,,,,,0.66,0.77,19.06,58.41,13.5,7.92,31
2026-04-12 06:59:37,,,,,0.66,0.77,21.58,53.21,17,7.93,31
2026-04-12 06:59:40,,,,,0.66,0.77,19.38,56.07,19,7.93,31
2026-04-12 06:59:43,,,,,0.65,0.77,18.24,57.23,21.5,7.94,31
2026-04-12 06:59:46,,,,,0.65,0.77,18.28,60.46,23.25,7.94,31
2026-04-12 06:59:49,,,,,0.65,0.77,19.22,55.44,24.5,7.96,31
2026-04-12 06:59:52,,,,,0.65,0.77,18.85,61.06,25.75,7.96,31
2026-04-12 06:59:55,,,,,0.65,0.77,19.49,61.53,28.25,7.96,31
2026-04-12 06:59:58,,,,,0.65,0.78,20.35,60.43,30.5,7.97,31
2026-04-12 07:00:01,,,,,0.65,0.78,21.22,61.77,32.5,7.97,31
2026-04-12 07:00:04,,,,,0.65,0.78,22.08,55.51,34.75,7.98,31
2026-04-12 07:00:07,,,,,0.65,0.78,23.58,52.88,36,7.97,31
2026-04-12 07:00:10,,,,,0.65,0.78,24.62,39,35,7.96,31
2026-04-12 07:00:13,,,,,0.66,0.77,25.29,49.54,36,7.97,31
2026-04-12 07:00:16,,,,,0.66,0.77,25.72,35.42,33.75,7.97,31
2026-04-12 07:00:19,,,,,0.65,0.77,24.1,40.41,29.25,7.97,31
2026-04-12 07:00:22,,,,,0.65,0.77,23.32,37.47,27,7.97,31
2026-04-12 07:00:25,,,,,0.66,0.77,22.71,29.99,27.5,7.96,31
2026-04-12 07:00:28,,,,,0.65,0.77,21.52,39.74,25,7.96,31
2026-04-12 07:00:31,,,,,0.65,0.77,20.58,36.73,22.75,7.96,31
2026-04-12 07:00:35,,,,,0.65,0.77,19.66,35.89,21.75,7.95,31
2026-04-12 07:00:38,,,,,0.65,0.77,18.1,62.31,20.5,7.95,31
2026-04-12 07:00:41,,,,,0.65,0.77,16.68,71.21,18.75,7.93,31
2026-04-12 07:00:44,,,,,0.65,0.77,15.1,66.23,17.5,7.94,31
2026-04-12 07:00:47,,,,,0.65,0.77,14.8,69.37,16.5,7.93,31
2026-04-12 07:00:50,,,,,0.65,0.77,13.83,68.73,16,7.94,31
2026-04-12 07:00:53,,,,,0.66,0.77,14.07,73.26,15.5,7.94,31
2026-04-12 07:00:56,,,,,0.66,0.77,13.26,73.51,14.75,7.93,31
2026-04-12 07:00:59,,,,,0.65,0.77,12.52,75.21,14,7.94,31
2026-04-12 07:01:02,,,,,0.65,0.77,12,74.98,13.25,7.92,31
2026-04-12 07:01:05,,,,,0.65,0.77,11.69,76.62,13,7.93,31
2026-04-12 07:01:08,,,,,0.65,0.77,11.4,76.99,12.25,7.92,31
2026-04-12 07:01:11,,,,,0.65,0.78,11.89,77.72,12,7.94,31
2026-04-12 07:01:14,,,,,0.65,0.78,11.26,79.72,12.25,7.92,31
2026-04-12 07:01:17,,,,,0.65,0.78,10.75,76.84,12,7.92,31
2026-04-12 07:01:20,,,,,0.65,0.78,10.17,78.26,11.25,7.92,31
2026-04-12 07:01:23,,,,,0.65,0.76,10.45,76.71,11.25,7.92,31
2026-04-12 07:01:26,,,,,0.65,0.77,10.99,80.96,11.25,7.91,31
2026-04-12 07:01:29,,,,,0.65,0.76,10.95,80.35,11.5,7.91,31
2026-04-12 07:01:32,,,,,0.65,0.76,10.86,79.74,11.75,7.92,31
2026-04-12 07:01:35,,,,,0.65,0.77,11.03,79.96,11.75,7.92,31
2026-04-12 07:01:38,,,,,0.65,0.76,10.93,81.39,12,7.91,31
2026-04-12 07:01:41,,,,,0.65,0.77,10.91,79.59,11.75,7.92,31
2026-04-12 07:01:44,,,,,0.65,0.77,10.89,79.59,12,7.91,31
2026-04-12 07:01:47,,,,,0.66,0.77,11.08,81.13,12,7.91,31
2026-04-12 07:01:50,,,,,0.66,0.77,10.99,80.19,12,7.92,31
2026-04-12 07:01:53,,,,,0.65,0.77,10.95,81.12,12,7.91,31
2026-04-12 07:01:56,,,,,0.65,0.77,11.31,81.92,12,7.91,31
2026-04-12 07:01:59,,,,,0.65,0.77,12.29,79.84,12.75,7.91,31
2026-04-12 07:02:02,,,,,0.65,0.77,13.42,77.82,14,7.93,31
2026-04-12 07:02:05,,,,,0.65,0.77,15.6,68.98,16,7.92,31
2026-04-12 07:02:08,,,,,0.65,0.77,17.19,60.75,18.75,7.92,31
2026-04-12 07:02:11,,,,,0.66,0.77,17.38,64.66,21,7.94,31
2026-04-12 07:02:14,,,,,0.66,0.77,19.78,50.75,24.5,7.94,31
2026-04-12 07:02:17,,,,,0.65,0.77,19.05,53.65,24.75,7.95,31
2026-04-12 07:02:20,,,,,0.65,0.78,18.87,56.15,23.25,7.95,31
2026-04-12 07:02:23,,,,,0.66,0.78,19.84,52.41,24,7.96,31
2026-04-12 07:02:26,,,,,0.66,0.78,20.31,46.37,25.75,7.95,31
2026-04-12 07:02:29,,,,,0.65,0.78,20.76,50.39,26.75,7.95,31
2026-04-12 07:02:33,,,,,0.65,0.78,20.98,45.26,27.5,7.95,31
2026-04-12 07:02:36,,,,,0.65,0.78,21.02,49.36,28.25,7.97,31
2026-04-12 07:02:39,,,,,0.65,0.79,21.14,52.09,28.5,7.97,31
2026-04-12 07:02:42,,,,,0.66,0.78,21.62,54.19,32.25,7.96,31
2026-04-12 07:02:45,,,,,0.66,0.78,20.65,55.54,34.75,7.97,31
2026-04-12 07:02:48,,,,,0.66,0.78,20.36,58.62,33.75,7.97,31
2026-04-12 07:02:51,,,,,0.66,0.78,19.93,58.66,35,7.95,31
2026-04-12 07:02:54,,,,,0.66,0.78,18.06,60.99,28.25,7.95,31
2026-04-12 07:02:57,,,,,0.65,0.78,16.16,66.01,22.25,7.94,31
2026-04-12 07:03:00,,,,,0.65,0.78,15.49,67.09,18.75,7.95,31
2026-04-12 07:03:03,,,,,0.65,0.78,13.36,68.51,16.5,7.94,31
2026-04-12 07:03:06,,,,,0.65,0.78,12.83,71,15,7.94,31
2026-04-12 07:03:09,,,,,0.65,0.78,12.21,74.13,14,7.92,31
2026-04-12 07:03:12,,,,,0.66,0.78,11.61,75.86,13.25,7.92,31
2026-04-12 07:03:15,,,,,0.65,0.78,11.59,76.64,13,7.93,31
2026-04-12 07:03:18,,,,,0.65,0.78,11.54,75.03,12.5,7.93,31
2026-04-12 07:03:21,,,,,0.65,0.77,11.44,75.9,12.5,7.92,31
2026-04-12 07:03:24,,,,,0.66,0.77,11.39,76.66,12.5,7.92,31
2026-04-12 07:03:27,,,,,0.65,0.77,11.04,78.68,12.25,7.93,31
2026-04-12 07:03:30,,,,,0.65,0.77,10.71,80,11.75,7.93,31
2026-04-12 07:03:33,,,,,0.65,0.77,10.39,81.76,11.5,7.94,31
2026-04-12 07:03:36,,,,,0.65,0.77,10.6,79.99,11.5,7.92,31
2026-04-12 07:03:39,,,,,0.65,0.77,12,80.14,11.75,7.91,31
2026-04-12 07:03:42,,,,,0.65,0.77,11.46,81.33,12.25,7.91,31
2026-04-12 07:03:45,,,,,0.66,0.78,11.37,82.46,12.25,7.91,31
2026-04-12 07:03:48,,,,,0.66,0.78,10.98,82.23,12.25,7.93,31
2026-04-12 07:03:51,,,,,0.66,0.78,11.14,83.41,12.25,7.92,31
2026-04-12 07:03:54,,,,,0.65,0.78,10.25,84.25,12,7.92,31
2026-04-12 07:03:57,,,,,0.65,0.78,10.22,83.61,11.5,7.92,31
2026-04-12 07:04:00,,,,,0.66,0.78,10.79,83.69,11.5,7.92,31
2026-04-12 07:04:03,,,,,0.66,0.78,11.7,82.88,12.5,7.92,31
2026-04-12 07:04:06,,,,,0.65,0.77,10.71,85.99,12.5,7.92,31
2026-04-12 07:04:09,,,,,0.66,0.77,10.91,86.4,12.25,7.93,31
2026-04-12 07:04:12,,,,,0.66,0.77,11.55,84.83,12.25,7.92,31
2026-04-12 07:04:15,,,,,0.66,0.77,11.16,84.98,12.25,7.92,31
2026-04-12 07:04:18,,,,,0.65,0.77,11.48,83.47,12.25,7.92,31
2026-04-12 07:04:21,,,,,0.66,0.77,11.26,82.8,12.25,7.91,31
2026-04-12 07:04:24,,,,,0.65,0.78,12.99,81.33,13,7.92,31
2026-04-12 07:04:27,,,,,0.66,0.78,13.41,79.88,14.25,7.92,31
2026-04-12 07:04:30,,,,,0.65,0.78,14.52,76.4,15.5,7.92,31
2026-04-12 07:04:33,,,,,0.66,0.78,16.17,71.15,17.5,7.93,31
2026-04-12 07:04:36,,,,,0.65,0.79,16.27,71.73,19.25,7.92,31
2026-04-12 07:04:39,,,,,0.66,0.79,17.56,62.69,20.25,7.93,31
2026-04-12 07:04:42,,,,,0.66,0.77,21.21,45.89,23.25,7.94,31
2026-04-12 07:04:45,,,,,0.66,0.77,21.07,47.63,28.5,7.95,31
2026-04-12 07:04:48,,,,,0.66,0.77,20.89,47.53,28.25,7.94,31
2026-04-12 07:04:51,,,,,0.66,0.77,20.49,55.46,27.5,7.96,31
2026-04-12 07:04:54,,,,,0.65,0.78,22.45,42.84,26.25,7.97,31
2026-04-12 07:04:57,,,,,0.65,0.78,22.05,43.96,25.25,7.96,31
2026-04-12 07:05:00,,,,,0.65,0.78,21.82,46.32,25,7.96,31
2026-04-12 07:05:03,,,,,0.66,0.78,21.72,47.36,24.75,7.96,31
2026-04-12 07:05:06,,,,,0.66,0.78,21.47,48.05,24,7.96,31
2026-04-12 07:05:09,,,,,0.66,0.77,20.71,57.25,23.25,7.95,31
2026-04-12 07:05:12,,,,,0.66,0.77,19.94,56.81,22.5,7.94,31
2026-04-12 07:05:15,,,,,0.67,0.77,18.94,61.46,21.5,7.94,31
2026-04-12 07:05:18,,,,,0.66,0.77,17.87,66.12,20.25,7.95,31
2026-04-12 07:05:21,,,,,0.66,0.77,16.79,67.12,19,7.94,31
2026-04-12 07:05:24,,,,,0.66,0.77,16.05,70.17,18,7.94,31
2026-04-12 07:05:27,,,,,0.67,0.77,15.43,71.63,17.25,7.94,31
2026-04-12 07:05:30,,,,,0.66,0.77,15.6,71.24,16.75,7.93,31
2026-04-12 07:05:33,,,,,0.65,0.77,15.24,73.79,16.5,7.93,31
2026-04-12 07:05:36,,,,,0.65,0.77,15.05,73.97,16.25,7.92,31
2026-04-12 07:05:39,,,,,0.65,0.77,14.74,75.91,16,7.93,31
2026-04-12 07:05:42,,,,,0.65,0.77,13.91,78.76,15.75,7.93,31
2026-04-12 07:05:45,,,,,0.65,0.77,14.05,82.48,15.25,7.91,31
2026-04-12 07:05:48,,,,,0.66,0.77,13,82.7,14.75,7.94,31
2026-04-12 07:05:51,,,,,0.66,0.77,12.39,86.4,14,7.92,31
2026-04-12 07:05:54,,,,,0.66,0.77,11.72,86.79,13.5,7.92,31
2026-04-12 07:05:57,,,,,0.66,0.77,11.53,90.42,13,7.92,31
2026-04-12 07:06:00,,,,,0.66,0.77,11.05,90.17,12.5,7.91,31
2026-04-12 07:06:03,,,,,0.65,0.78,10.77,90.15,12.25,7.92,31
2026-04-12 07:06:06,,,,,0.66,0.78,10.19,93.12,11.5,7.92,31
2026-04-12 07:06:09,,,,,0.66,0.78,9.29,94.59,11,7.92,31
2026-04-12 07:06:12,,,,,0.65,0.78,8.69,95.89,10.25,7.91,31
2026-04-12 07:06:15,,,,,0.65,0.78,8.36,97.34,9.75,7.92,31
2026-04-12 07:06:18,,,,,0.65,0.78,7.96,97.88,9.25,7.91,31
2026-04-12 07:06:21,,,,,0.66,0.78,7.81,98.51,9.25,7.91,31
2026-04-12 07:06:24,,,,,0.66,0.78,7.6,99.11,9,7.91,31
2026-04-12 07:06:27,,,,,0.65,0.78,7.93,100,8.75,7.91,31
2026-04-12 07:06:30,,,,,0.65,0.78,7.53,100,8.5,7.91,31
2026-04-12 07:06:33,,,,,0.66,0.78,8.22,100,9,7.9,31
2026-04-12 07:06:36,,,,,0.66,0.78,7.66,99.69,9,7.9,31
2026-04-12 07:06:39,,,,,0.66,0.78,7.71,100,8.75,7.9,31
2026-04-12 07:06:42,,,,,0.66,0.78,8.51,100,8.75,7.9,31
2026-04-12 07:06:45,,,,,0.66,0.77,9.25,100,9.25,7.9,31
2026-04-12 07:06:48,,,,,0.67,0.77,18.5,63.66,12.5,7.91,31
2026-04-12 07:06:51,,,,,0.67,0.77,19.81,59.65,16,7.92,31
2026-04-12 07:06:54,,,,,0.66,0.77,13.85,84.9,17.75,7.93,31
2026-04-12 07:06:57,,,,,0.65,0.78,13,92.23,16.75,7.92,31
2026-04-12 07:07:00,,,,,0.66,0.77,12.8,94.54,15.25,7.91,31
2026-04-12 07:07:03,,,,,0.66,0.78,12.84,95.58,14.75,7.92,31
2026-04-12 07:07:06,,,,,0.65,0.78,12.78,97.87,14.75,7.91,31
2026-04-12 07:07:09,,,,,0.64,0.78,13.66,99.53,14.5,7.92,31
2026-04-12 07:07:12,,,,,0.65,0.78,14.17,99.84,15.25,7.92,31
2026-04-12 07:07:15,,,,,0.65,0.79,13.59,99.77,15.25,7.92,31
2026-04-12 07:07:18,,,,,0.65,0.78,13.91,100,15.25,7.9,31
2026-04-12 07:07:21,,,,,0.64,0.79,14.79,98.14,16,7.93,31
2026-04-12 07:07:24,,,,,0.64,0.79,14.12,99.48,16,7.92,31
2026-04-12 07:07:27,,,,,0.64,0.79,14.42,100,16.25,7.92,31
2026-04-12 07:07:30,,,,,0.64,0.79,14.11,100,16.25,7.91,31
2026-04-12 07:07:33,,,,,0.63,0.8,14.38,100,16,7.92,31
2026-04-12 07:07:36,,,,,0.64,0.79,14.4,99.52,16.5,7.92,31
2026-04-12 07:07:39,,,,,0.64,0.79,14.06,99.27,16.25,7.92,31
2026-04-12 07:07:42,,,,,0.63,0.8,13.75,98.86,16.25,7.92,31
2026-04-12 07:07:45,,,,,0.63,0.79,13.86,97.94,15.75,7.92,31
2026-04-12 07:07:48,,,,,0.64,0.79,13.02,98.11,15.25,7.91,31
2026-04-12 07:07:51,,,,,0.64,0.79,12.81,98.71,14.75,7.91,31
2026-04-12 07:07:54,,,,,0.64,0.79,12.74,98.36,14.25,7.91,31
2026-04-12 07:07:57,,,,,0.64,0.79,12.9,95.33,14.25,7.91,31
2026-04-12 07:08:00,,,,,0.65,0.78,13.04,88.35,14,7.9,31
2026-04-12 07:08:03,,,,,0.64,0.78,12.82,87.78,13.75,7.92,31
2026-04-12 07:08:06,,,,,0.64,0.79,12.63,88.52,13.75,7.91,31
2026-04-12 07:08:09,,,,,0.64,0.79,12.6,88.73,13.5,7.92,31
2026-04-12 07:08:12,,,,,0.64,0.79,12.58,88.31,13.5,7.9,31
2026-04-12 07:08:15,,,,,0.63,0.79,12.68,88.81,13.5,7.91,31
2026-04-12 07:08:18,,,,,0.64,0.78,12.74,88.83,13.5,7.91,31
2026-04-12 07:08:21,,,,,0.64,0.78,12.39,89.23,13.5,7.9,31
2026-04-12 07:08:24,,,,,0.64,0.78,11.9,89.35,13.25,7.91,31
2026-04-12 07:08:27,,,,,0.64,0.78,11.74,89.36,12.75,7.9,31
2026-04-12 07:08:30,,,,,0.63,0.78,11.61,90.29,12.75,7.9,31
2026-04-12 07:08:33,,,,,0.64,0.78,11.4,95.93,12.5,7.89,31
2026-04-12 07:08:36,,,,,0.64,0.78,11.68,93.57,12.5,7.89,31
2026-04-12 07:08:39,,,,,0.64,0.78,11.34,95.35,12.5,7.9,31
2026-04-12 07:08:42,,,,,0.64,0.78,11.57,93.77,12.5,7.89,31
2026-04-12 07:08:45,,,,,0.63,0.78,11.16,94.91,12.25,7.9,31
2026-04-12 07:08:48,,,,,0.64,0.78,11.27,94.72,12.25,7.9,31
2026-04-12 07:08:51,,,,,0.64,0.78,11.08,94.84,12.25,7.9,31
2026-04-12 07:08:54,,,,,0.64,0.78,11.14,94.86,12.25,7.9,31
2026-04-12 07:08:57,,,,,0.64,0.78,11.24,93.8,12.25,7.89,31
2026-04-12 07:09:00,,,,,0.64,0.78,11.09,93.64,12,7.9,31
2026-04-12 07:09:03,,,,,0.64,0.78,10.99,94.74,12,7.89,31
2026-04-12 07:09:06,,,,,0.64,0.78,10.7,93.19,12,7.9,31
2026-04-12 07:09:09,,,,,0.63,0.78,10.54,94.09,11.75,7.89,31
2026-04-12 07:09:12,,,,,0.64,0.78,12.15,86.27,12,7.9,31
2026-04-12 07:09:15,,,,,0.64,0.78,16.43,70.43,13.75,7.9,31
2026-04-12 07:09:18,,,,,0.64,0.78,13.65,81.42,16,7.9,31
2026-04-12 07:09:21,,,,,0.64,0.78,17.11,64.95,18,7.91,31
2026-04-12 07:09:24,,,,,0.64,0.78,13.77,77.96,19,7.92,31
2026-04-12 07:09:28,,,,,0.64,0.78,14.78,71.16,19.75,7.92,31
2026-04-12 07:09:31,,,,,0.64,0.78,15.85,66,22.5,7.92,31
2026-04-12 07:09:34,,,,,0.64,0.78,17.19,62.26,26,7.94,31
2026-04-12 07:09:37,,,,,0.64,0.78,15.85,63.77,29.25,7.94,31
2026-04-12 07:09:40,,,,,0.64,0.78,15.13,61.11,28.75,7.94,31
2026-04-12 07:09:43,,,,,0.64,0.78,15.54,60.44,27,7.96,31
2026-04-12 07:09:46,,,,,0.64,0.78,15.94,60.98,27.5,7.94,31
2026-04-12 07:09:49,,,,,0.64,0.78,16.37,58.34,30,7.97,31
2026-04-12 07:09:52,,,,,0.64,0.78,16.54,57.75,31,7.96,31
2026-04-12 07:09:55,,,,,0.64,0.78,16.83,55.13,30.75,7.97,31
2026-04-12 07:09:58,,,,,0.64,0.79,17.13,57.72,31,7.96,31
2026-04-12 07:10:01,,,,,0.64,0.78,17.44,58.61,30.75,7.95,31
2026-04-12 07:10:04,,,,,0.64,0.78,17.74,58.17,29.5,7.94,31
2026-04-12 07:10:07,,,,,0.64,0.78,17.13,66.75,23.5,7.95,31
2026-04-12 07:10:10,,,,,0.64,0.78,16.34,65.85,20,7.94,31
2026-04-12 07:10:13,,,,,0.64,0.78,15.71,67.28,18.25,7.94,31
2026-04-12 07:10:16,,,,,0.64,0.78,15.05,71.26,17.25,7.93,31
2026-04-12 07:10:19,,,,,0.64,0.78,14.87,71.18,16.5,7.94,31
2026-04-12 07:10:22,,,,,0.64,0.78,14.41,74.82,16.25,7.92,31
2026-04-12 07:10:25,,,,,0.64,0.78,13.64,81.9,15.5,7.92,31
2026-04-12 07:10:28,,,,,0.64,0.78,13.58,81.72,15,7.93,31
2026-04-12 07:10:31,,,,,0.64,0.78,13.76,83.06,14.5,7.92,31
2026-04-12 07:10:34,,,,,0.64,0.78,13.45,80.05,14.5,7.93,31
2026-04-12 07:10:37,,,,,0.64,0.78,13.09,85.68,14.5,7.93,31
2026-04-12 07:10:40,,,,,0.64,0.78,13.9,77.57,14.25,7.93,31
2026-04-12 07:10:43,,,,,0.64,0.78,12.71,80.76,14.25,7.93,31
2026-04-12 07:10:46,,,,,0.64,0.78,12.5,82.97,13.75,7.92,31
2026-04-12 07:10:49,,,,,0.64,0.78,11.57,85.98,13.25,7.92,31
2026-04-12 07:10:52,,,,,0.64,0.78,10.07,92.69,12.25,7.92,31
2026-04-12 07:10:55,,,,,0.64,0.78,10.75,88.11,11.25,7.92,31
2026-04-12 07:10:58,,,,,0.64,0.78,8.9,97.27,10.75,7.91,31
2026-04-12 07:11:01,,,,,0.64,0.78,8.45,95.52,10.25,7.91,31
2026-04-12 07:11:04,,,,,0.64,0.78,8.01,98.86,9.5,7.91,31
2026-04-12 07:11:07,,,,,0.64,0.78,7.22,98.18,9,7.91,31
2026-04-12 07:11:10,,,,,0.64,0.79,7.38,99.93,8.75,7.91,31
2026-04-12 07:11:13,,,,,0.63,0.79,6.84,100,8,7.9,31
2026-04-12 07:11:16,,,,,0.63,0.79,6.79,100,8,7.89,31
2026-04-12 07:11:19,,,,,0.64,0.79,6.12,99.98,8,7.9,31
2026-04-12 07:11:22,,,,,0.64,0.78,6.23,100,7.25,7.9,31
2026-04-12 07:11:25,,,,,0.64,0.79,6.52,100,7.25,7.9,31
2026-04-12 07:11:28,,,,,0.64,0.79,5.45,100,7,7.9,31
2026-04-12 07:11:31,,,,,0.64,0.79,7.48,100,7.25,7.9,31
2026-04-12 07:11:34,,,,,0.64,0.79,7.89,100,8,7.9,31
2026-04-12 07:11:37,,,,,0.64,0.79,8.05,99.56,9,7.9,31
2026-04-12 07:11:40,,,,,0.65,0.79,8.63,97.46,9.5,7.89,31
2026-04-12 07:11:43,,,,,0.65,0.79,9.72,93.05,10.25,7.89,31
2026-04-12 07:11:46,,,,,0.64,0.79,9.98,90.48,10.75,7.91,31
2026-04-12 07:11:49,,,,,0.64,0.79,11.38,85.41,12.5,7.91,31
2026-04-12 07:11:52,,,,,0.64,0.79,11.26,87.98,16.5,7.91,31
2026-04-12 07:11:55,,,,,0.64,0.79,13.67,76.47,17.5,7.92,31
2026-04-12 07:11:58,,,,,0.64,0.8,13.62,76.6,19.5,7.94,31
2026-04-12 07:12:01,,,,,0.65,0.8,13.99,74.28,21.25,7.94,31
2026-04-12 07:12:04,,,,,0.65,0.8,14.66,71.33,26.25,7.95,31
2026-04-12 07:12:07,,,,,0.64,0.8,15.63,67.83,28.25,7.94,31
2026-04-12 07:12:10,,,,,0.64,0.81,16.19,59.84,29.25,7.95,31
2026-04-12 07:12:13,,,,,0.64,0.81,17.12,43.32,30.75,7.95,31
2026-04-12 07:12:16,,,,,0.65,0.81,17.58,50.26,33,7.96,31
2026-04-12 07:12:19,,,,,0.65,0.81,17.9,50.74,34.5,7.96,31
2026-04-12 07:12:22,,,,,0.64,0.81,18.16,52.52,32.5,7.96,31
2026-04-12 07:12:25,,,,,0.65,0.82,18.33,48.4,31.5,7.97,31
2026-04-12 07:12:28,,,,,0.65,0.79,18.8,48.65,31.25,7.96,31
2026-04-12 07:12:31,,,,,0.64,0.8,18.53,50.44,29.25,7.96,31
2026-04-12 07:12:34,,,,,0.64,0.79,16.43,56.72,22.25,7.94,31
2026-04-12 07:12:37,,,,,0.64,0.79,15.02,63.2,18.5,7.94,31
2026-04-12 07:12:40,,,,,0.64,0.79,12.83,70.17,16.5,7.93,31
2026-04-12 07:12:43,,,,,0.64,0.79,12.22,77.47,14.75,7.93,31
2026-04-12 07:12:46,,,,,0.64,0.79,10.7,84.98,13.5,7.92,31
2026-04-12 07:12:49,,,,,0.64,0.79,10.36,85.25,12.25,7.91,31
2026-04-12 07:12:52,,,,,0.64,0.79,9.53,87.2,11.25,7.92,31
2026-04-12 07:12:55,,,,,0.64,0.79,8.89,91.24,10.5,7.92,31
2026-04-12 07:12:58,,,,,0.64,0.79,8.88,93.09,10,7.92,31
2026-04-12 07:13:01,,,,,0.65,0.79,8.64,93.48,9.75,7.91,31
2026-04-12 07:13:04,,,,,0.65,0.79,8.05,94.54,9.25,7.91,31
2026-04-12 07:13:07,,,,,0.64,0.79,7.39,94.6,9,7.91,31
2026-04-12 07:13:10,,,,,0.64,0.8,7.65,98.51,8.75,7.9,31
2026-04-12 07:13:13,,,,,0.64,0.8,6.93,97.16,8.25,7.91,31
2026-04-12 07:13:16,,,,,0.64,0.8,6.92,99.4,8,7.9,31
2026-04-12 07:13:19,,,,,0.64,0.8,6.64,98.9,7.5,7.91,31
2026-04-12 07:13:22,,,,,0.64,0.8,6.37,98.44,7.75,7.9,31
2026-04-12 07:13:25,,,,,0.64,0.8,6.13,100,7.25,7.9,31
2026-04-12 07:13:28,,,,,0.64,0.79,5.87,100,7.25,7.9,31
2026-04-12 07:13:31,,,,,0.64,0.8,5.35,100,6.75,7.9,31
2026-04-12 07:13:34,,,,,0.65,0.8,5.54,99.91,6.75,7.9,31
2026-04-12 07:13:37,,,,,0.64,0.8,5.38,100,6.5,7.9,31
2026-04-12 07:13:40,,,,,0.64,0.8,5.22,100,6.25,7.9,31
2026-04-12 07:13:43,,,,,0.64,0.79,4.67,100,6.25,7.9,31
2026-04-12 07:13:46,,,,,0.64,0.79,5.17,100,6.25,7.89,31
2026-04-12 07:13:49,,,,,0.65,0.79,4.55,100,5.75,7.9,31
2026-04-12 07:13:52,,,,,0.64,0.79,4.77,100,5.5,7.89,31
2026-04-12 07:13:55,,,,,0.64,0.79,4.24,100,5.5,7.89,31
2026-04-12 07:13:58,,,,,0.64,0.79,5.42,100,5.5,7.89,31
2026-04-12 07:14:01,,,,,0.65,0.79,5.54,100,6.25,7.89,31
2026-04-12 07:14:04,,,,,0.65,0.79,7.52,100,7.25,7.9,31
2026-04-12 07:14:07,,,,,0.65,0.79,7.61,100,8.5,7.9,31
2026-04-12 07:14:10,,,,,0.64,0.79,9.29,92.1,10,7.91,31
2026-04-12 07:14:13,,,,,0.64,0.79,10.4,86.38,12,7.92,31
2026-04-12 07:14:16,,,,,0.64,0.79,11.08,85.9,15.25,7.92,31
2026-04-12 07:14:19,,,,,0.64,0.8,11.79,79.48,17.75,7.92,31
2026-04-12 07:14:22,,,,,0.64,0.8,13.2,74.03,19.5,7.92,31
2026-04-12 07:14:25,,,,,0.64,0.8,12.93,68.1,23.25,7.93,31
2026-04-12 07:14:28,,,,,0.65,0.79,14,70.48,25.75,7.93,31
2026-04-12 07:14:31,,,,,0.64,0.8,14.75,69.96,27.75,7.95,31
2026-04-12 07:14:34,,,,,0.64,0.78,15.96,59.32,31.25,7.96,31
2026-04-12 07:14:37,,,,,0.65,0.78,17.31,57.31,32.75,7.96,31
2026-04-12 07:14:40,,,,,0.65,0.78,17.96,52.19,34.5,7.95,31
2026-04-12 07:14:43,,,,,0.65,0.78,18.58,55.6,36,7.96,31
2026-04-12 07:14:46,,,,,0.65,0.78,19.27,50.48,36,7.96,31
2026-04-12 07:14:49,,,,,0.65,0.78,20.44,48.93,37.5,7.94,31
2026-04-12 07:14:52,,,,,0.65,0.78,20,55.18,35.25,7.96,31
2026-04-12 07:14:55,,,,,0.65,0.78,19.41,61.55,34.25,7.96,31
2026-04-12 07:14:58,,,,,0.65,0.78,16.05,72.77,25.5,7.95,31
2026-04-12 07:15:01,,,,,0.64,0.78,14.13,76.84,19.75,7.94,31
2026-04-12 07:15:04,,,,,0.64,0.78,12.39,85.95,16.25,7.94,31
2026-04-12 07:15:07,,,,,0.64,0.78,11.84,89.92,14.25,7.93,31
2026-04-12 07:15:10,,,,,0.64,0.78,10.78,89.92,13,7.93,31
2026-04-12 07:15:13,,,,,0.64,0.78,9.88,91.47,11.75,7.91,31
2026-04-12 07:15:16,,,,,0.64,0.78,9.59,94.34,11,7.92,31
2026-04-12 07:15:19,,,,,0.64,0.78,8.72,96.56,10.5,7.92,31
2026-04-12 07:15:22,,,,,0.64,0.78,8.5,96.41,10,7.91,31
2026-04-12 07:15:25,,,,,0.64,0.78,7.89,97.2,9.5,7.92,31
2026-04-12 07:15:28,,,,,0.65,0.78,7.6,98.42,9,7.91,31
2026-04-12 07:15:31,,,,,0.64,0.78,7.83,99.33,8.75,7.91,31
2026-04-12 07:15:34,,,,,0.64,0.78,6.86,99.48,8.25,7.91,31
2026-04-12 07:15:37,,,,,0.64,0.78,6.47,99.28,8,7.91,31
2026-04-12 07:15:40,,,,,0.64,0.78,6.47,100,7.75,7.91,31
2026-04-12 07:15:43,,,,,0.64,0.78,6.52,100,7.5,7.91,31
2026-04-12 07:15:46,,,,,0.64,0.78,6.14,100,7.25,7.9,31
2026-04-12 07:15:49,,,,,0.64,0.78,5.61,100,7,7.9,31
2026-04-12 07:15:52,,,,,0.64,0.78,5.18,100,6.5,7.91,31
2026-04-12 07:15:55,,,,,0.64,0.78,5.59,100,6.5,7.9,31
2026-04-12 07:15:58,,,,,0.64,0.78,5.11,100,6.25,7.9,31
2026-04-12 07:16:01,,,,,0.64,0.78,4.5,100,6,7.9,31
2026-04-12 07:16:04,,,,,0.65,0.78,4.67,100,5.75,7.91,31
2026-04-12 07:16:07,,,,,0.65,0.78,4.25,100,5.5,7.89,31
2026-04-12 07:16:10,,,,,0.64,0.78,4.04,100,5.25,7.89,31
2026-04-12 07:16:13,,,,,0.64,0.78,4.25,100,5,7.89,31
2026-04-12 07:16:16,,,,,0.64,0.79,3.93,100,5,7.89,31
2026-04-12 07:16:19,,,,,0.64,0.77,4.01,100,5,7.9,31
2026-04-12 07:16:22,,,,,0.64,0.77,4.49,100,5.25,7.89,31
2026-04-12 07:16:25,,,,,0.64,0.77,5.44,100,5.75,7.89,31
2026-04-12 07:16:28,,,,,0.65,0.77,6.5,100,6.5,7.89,31
2026-04-12 07:16:31,,,,,0.65,0.77,8.74,95.54,9,7.9,31
2026-04-12 07:16:34,,,,,0.65,0.77,15.96,78.34,12.75,7.9,31
2026-04-12 07:16:37,,,,,0.65,0.77,15.3,69.13,15.75,7.93,31
2026-04-12 07:16:40,,,,,0.64,0.77,14.36,63.91,18,7.92,31
2026-04-12 07:16:43,,,,,0.64,0.78,15.05,65.42,19.5,7.94,31
2026-04-12 07:16:46,,,,,0.64,0.78,16.66,53.69,22.5,7.93,31
2026-04-12 07:16:49,,,,,0.64,0.78,17.25,51.37,26,7.94,31
2026-04-12 07:16:52,,,,,0.64,0.78,17.66,56.9,28.75,7.94,31
2026-04-12 07:16:55,,,,,0.65,0.78,18.61,67.79,31.75,7.95,31
2026-04-12 07:16:58,,,,,0.65,0.78,19.6,62.3,34.25,7.95,31
2026-04-12 07:17:01,,,,,0.65,0.78,21.1,57.99,36.75,7.96,31
2026-04-12 07:17:04,,,,,0.65,0.79,21.67,53.56,39.75,7.96,31
2026-04-12 07:17:07,,,,,0.65,0.79,23.01,55.89,40.5,7.97,31
2026-04-12 07:17:10,,,,,0.65,0.79,24.24,36.9,41,7.96,31
2026-04-12 07:17:13,,,,,0.65,0.79,25.79,42.92,44.25,7.95,31
2026-04-12 07:17:16,,,,,0.65,0.79,24.13,50.1,43.75,7.98,31
2026-04-12 07:17:19,,,,,0.65,0.79,22.95,47.64,43.25,7.96,31
2026-04-12 07:17:22,,,,,0.65,0.79,18.9,65.51,33,7.98,31
2026-04-12 07:17:25,,,,,0.65,0.79,15.82,69.96,24.25,7.97,31
2026-04-12 07:17:28,,,,,0.65,0.79,14.31,75.43,19.5,7.95,31
2026-04-12 07:17:31,,,,,0.65,0.79,13.23,74.79,16.75,7.95,31
2026-04-12 07:17:34,,,,,0.65,0.79,12.23,77.51,15,7.92,31
2026-04-12 07:17:37,,,,,0.65,0.79,11.51,79.55,13.5,7.92,31
2026-04-12 07:17:40,,,,,0.65,0.79,10.75,79.55,12.75,7.92,31
2026-04-12 07:17:43,,,,,0.65,0.79,10.48,84.21,11.75,7.93,31
2026-04-12 07:17:46,,,,,0.64,0.78,9.6,84.14,11.25,7.92,31
2026-04-12 07:17:49,,,,,0.65,0.78,9.23,85.39,10.75,7.92,31
2026-04-12 07:17:52,,,,,0.65,0.78,8.57,88.04,10,7.92,31
2026-04-12 07:17:55,,,,,0.65,0.79,8.89,89.71,9.75,7.91,31
2026-04-12 07:17:58,,,,,0.64,0.79,8.09,89.61,9.25,7.91,31
2026-04-12 07:18:01,,,,,0.65,0.79,7.43,90.02,8.75,7.91,31
2026-04-12 07:18:04,,,,,0.64,0.79,7.08,88.73,8.5,7.92,31
2026-04-12 07:18:07,,,,,0.65,0.79,6.63,93.2,8,7.9,31
2026-04-12 07:18:10,,,,,0.64,0.79,6.32,92.52,7.75,7.91,31
2026-04-12 07:18:13,,,,,0.64,0.79,6.2,94.01,7.25,7.9,31
2026-04-12 07:18:16,,,,,0.64,0.79,5.97,93.09,7,7.91,31
2026-04-12 07:18:19,,,,,0.64,0.79,6.06,96.88,6.75,7.9,31
2026-04-12 07:18:22,,,,,0.65,0.79,5.5,95.64,6.75,7.9,31
2026-04-12 07:18:25,,,,,0.64,0.79,5.67,97.29,6.5,7.9,31
2026-04-12 07:18:28,,,,,0.64,0.79,5,96.45,6.5,7.9,31
2026-04-12 07:18:31,,,,,0.64,0.79,5.45,96.05,6.25,7.91,31
2026-04-12 07:18:34,,,,,0.64,0.79,4.6,97.38,6,7.91,31
2026-04-12 07:18:37,,,,,0.64,0.79,4.73,98.13,6,7.89,31
2026-04-12 07:18:40,,,,,0.64,0.79,4.72,97.13,5.5,7.9,31
2026-04-12 07:18:43,,,,,0.65,0.79,4.32,97.46,5.75,7.9,31
2026-04-12 07:18:46,,,,,0.65,0.79,4.57,97.87,5.25,7.89,31
2026-04-12 07:18:49,,,,,0.64,0.79,4.99,99.13,5.5,7.89,31
2026-04-12 07:18:52,,,,,0.65,0.79,15.98,59.5,8.75,7.92,31
2026-04-12 07:18:55,,,,,0.65,0.79,17.97,54.98,13.25,7.91,31
2026-04-12 07:18:58,,,,,0.64,0.79,17.1,58.42,16.25,7.92,31
2026-04-12 07:19:01,,,,,0.65,0.79,17.04,58.23,18.25,7.93,31
2026-04-12 07:19:04,,,,,0.64,0.79,16.68,60.7,20.5,7.93,31
2026-04-12 07:19:07,,,,,0.64,0.79,17.93,51.71,23.25,7.95,31
2026-04-12 07:19:10,,,,,0.64,0.79,16.82,66.46,24,7.94,31
2026-04-12 07:19:13,,,,,0.65,0.79,18.17,54.45,27.75,7.95,31
2026-04-12 07:19:16,,,,,0.65,0.79,18.5,61.1,29,7.97,31
2026-04-12 07:19:19,,,,,0.65,0.8,19.86,65.45,30.75,7.96,31
2026-04-12 07:19:22,,,,,0.65,0.8,21.09,47.68,35.75,7.96,31
2026-04-12 07:19:25,,,,,0.65,0.8,22.44,53.7,35.75,7.96,31
2026-04-12 07:19:28,,,,,0.65,0.78,22.39,46.51,36.25,7.97,31
2026-04-12 07:19:31,,,,,0.65,0.79,22.77,53.54,37.5,7.97,31
2026-04-12 07:19:34,,,,,0.65,0.79,23.93,43.19,38.75,7.96,31
2026-04-12 07:19:37,,,,,0.65,0.79,24.51,46.27,38.25,7.97,31
2026-04-12 07:19:40,,,,,0.65,0.79,23.23,40.26,37,7.97,31
2026-04-12 07:19:43,,,,,0.65,0.79,22.52,42.22,37.25,7.97,31
2026-04-12 07:19:46,,,,,0.65,0.79,20.2,59.12,31.5,7.97,31
2026-04-12 07:19:49,,,,,0.65,0.79,18.87,66.75,24.5,7.96,31
2026-04-12 07:19:52,,,,,0.64,0.79,16.83,69.63,20.75,7.95,31
2026-04-12 07:19:55,,,,,0.65,0.78,15.68,71.8,18.75,7.95,31
2026-04-12 07:19:58,,,,,0.65,0.78,13.75,83.49,16.5,7.94,31
2026-04-12 07:20:01,,,,,0.64,0.78,13.34,79.26,15,7.93,31
2026-04-12 07:20:04,,,,,0.65,0.78,10.79,87.24,13.5,7.93,31
2026-04-12 07:20:07,,,,,0.65,0.78,10.59,89.96,12.5,7.93,31
2026-04-12 07:20:10,,,,,0.64,0.78,10.55,87.37,11.75,7.92,31
2026-04-12 07:20:13,,,,,0.65,0.78,9.78,90.93,11.75,7.93,31
2026-04-12 07:20:16,,,,,0.65,0.78,8.86,96.26,10.75,7.93,31
2026-04-12 07:20:19,,,,,0.64,0.78,8.59,98.68,10.25,7.93,31
2026-04-12 07:20:22,,,,,0.65,0.78,8.71,100,9.75,7.93,31
2026-04-12 07:20:25,,,,,0.65,0.78,7.87,100,9.75,7.92,31
2026-04-12 07:20:28,,,,,0.65,0.78,8.4,100,9.5,7.92,31
2026-04-12 07:20:31,,,,,0.65,0.78,9.08,100,9.75,7.92,31
2026-04-12 07:20:34,,,,,0.65,0.78,9,99.93,9.75,7.92,31
2026-04-12 07:20:37,,,,,0.64,0.78,8.68,99.14,10,7.9,31
2026-04-12 07:20:40,,,,,0.65,0.78,8.87,98.38,10,7.92,31
2026-04-12 07:20:43,,,,,0.64,0.78,8.9,98.61,10,7.92,31
2026-04-12 07:20:46,,,,,0.64,0.79,8.9,99.26,10,7.92,31
2026-04-12 07:20:49,,,,,0.64,0.79,9.22,97.97,10,7.91,31
2026-04-12 07:20:52,,,,,0.65,0.79,9.03,95.72,10,7.91,31
2026-04-12 07:20:55,,,,,0.65,0.79,8.67,96.18,10,7.92,31
2026-04-12 07:20:58,,,,,0.64,0.79,8.64,97.46,9.75,7.91,31
2026-04-12 07:21:01,,,,,0.65,0.79,8.49,97.37,9.75,7.91,31
2026-04-12 07:21:04,,,,,0.64,0.79,8.78,98.4,9.75,7.92,31
2026-04-12 07:21:07,,,,,0.64,0.79,8.45,98.93,9.5,7.9,31
2026-04-12 07:21:10,,,,,0.64,0.79,8.56,97.64,9.5,7.9,31
2026-04-12 07:21:13,,,,,0.64,0.79,8.4,99.47,9.5,7.91,31
2026-04-12 07:21:16,,,,,0.64,0.79,8.2,98.82,9.75,7.92,31
2026-04-12 07:21:19,,,,,0.64,0.79,8.29,99.61,9.75,7.91,31
2026-04-12 07:21:22,,,,,0.65,0.79,8.78,98,10,7.91,31
2026-04-12 07:21:25,,,,,0.65,0.79,9.26,94.39,10.25,7.9,31
2026-04-12 07:21:28,,,,,0.65,0.78,9.59,92.5,10.75,7.91,31
2026-04-12 07:21:31,,,,,0.65,0.78,10.48,89.17,11.75,7.92,31
2026-04-12 07:21:34,,,,,0.65,0.78,10.57,88.26,13,7.92,31
2026-04-12 07:21:37,,,,,0.65,0.79,10.89,86.1,13.75,7.91,31
2026-04-12 07:21:40,,,,,0.65,0.79,12.11,82.56,14.25,7.92,31
2026-04-12 07:21:43,,,,,0.65,0.79,11.94,82.92,15.25,7.91,31
2026-04-12 07:21:46,,,,,0.65,0.79,12.15,83.69,17.25,7.93,31
2026-04-12 07:21:49,,,,,0.65,0.79,11.49,87.81,18.5,7.93,31
2026-04-12 07:21:52,,,,,0.65,0.79,11.2,88.61,21.75,7.93,31
2026-04-12 07:21:55,,,,,0.65,0.79,12.6,84.47,25.5,7.94,31
2026-04-12 07:21:58,,,,,0.65,0.79,14.33,80.07,28.75,7.95,31
2026-04-12 07:22:01,,,,,0.65,0.79,15.01,73.79,27,7.95,31
2026-04-12 07:22:04,,,,,0.65,0.79,14.21,79.04,24.25,7.95,31
2026-04-12 07:22:07,,,,,0.65,0.79,12.86,79.42,22.25,7.95,31
2026-04-12 07:22:10,,,,,0.65,0.79,12.18,82.81,19,7.94,31
2026-04-12 07:22:13,,,,,0.64,0.79,10.84,87.76,15.25,7.93,31
2026-04-12 07:22:16,,,,,0.65,0.79,10.19,92.47,13,7.92,31
2026-04-12 07:22:20,,,,,0.65,0.79,9.65,93.69,11.5,7.92,31
2026-04-12 07:22:23,,,,,0.65,0.79,9.57,97.11,10.75,7.92,31
2026-04-12 07:22:26,,,,,0.65,0.79,9.73,94.08,10.75,7.91,31
2026-04-12 07:22:29,,,,,0.65,0.79,10.08,93.41,11,7.92,31
2026-04-12 07:22:32,,,,,0.64,0.79,9.94,95.44,11,7.92,31
2026-04-12 07:22:35,,,,,0.65,0.79,10.11,95.06,11.25,7.92,31
2026-04-12 07:22:38,,,,,0.65,0.79,10,96.51,11.25,7.93,31
2026-04-12 07:22:41,,,,,0.65,0.79,10.09,94.3,11.25,7.91,31
2026-04-12 07:22:44,,,,,0.65,0.78,9.96,95.76,11,7.91,31
2026-04-12 07:22:47,,,,,0.65,0.79,9.65,97.02,11,7.92,31
2026-04-12 07:22:50,,,,,0.65,0.79,9.27,98.9,10.75,7.91,31
2026-04-12 07:22:53,,,,,0.65,0.79,8.9,99.88,10.5,7.9,31
2026-04-12 07:22:56,,,,,0.64,0.79,9.22,99.61,10.25,7.9,31
2026-04-12 07:22:59,,,,,0.65,0.79,9.14,99.68,10.25,7.91,31
2026-04-12 07:23:02,,,,,0.65,0.79,9.12,99.77,10.25,7.91,31
2026-04-12 07:23:05,,,,,0.65,0.79,8.89,99.25,10,7.91,31
2026-04-12 07:23:08,,,,,0.65,0.79,8.68,97.92,9.75,7.91,31
2026-04-12 07:23:11,,,,,0.65,0.79,8.51,99.92,9.75,7.91,31
2026-04-12 07:23:14,,,,,0.65,0.79,8.68,99.42,9.75,7.91,31
2026-04-12 07:23:17,,,,,0.65,0.79,8.59,97.97,9.5,7.9,31
2026-04-12 07:23:20,,,,,0.65,0.79,8.35,96.42,9.25,7.9,31
2026-04-12 07:23:23,,,,,0.64,0.79,8.53,95.97,9.25,7.89,31
2026-04-12 07:23:26,,,,,0.65,0.79,8.31,98.44,9.5,7.91,31
2026-04-12 07:23:29,,,,,0.65,0.79,8.34,97.83,9.5,7.9,31
2026-04-12 07:23:32,,,,,0.65,0.79,8.41,98.09,9.25,7.9,31
2026-04-12 07:23:35,,,,,0.65,0.79,8.01,99.35,9.25,7.9,31
2026-04-12 07:23:38,,,,,0.65,0.79,8.13,98.42,9.25,7.9,31
2026-04-12 07:23:41,,,,,0.65,0.79,8.1,99.74,9.5,7.9,31
2026-04-12 07:23:44,,,,,0.65,0.79,8.05,100,9.5,7.9,31
2026-04-12 07:23:47,,,,,0.65,0.79,8.65,97.21,9.75,7.9,31
2026-04-12 07:23:50,,,,,0.65,0.79,9.69,92.95,10.5,7.91,31
2026-04-12 07:23:53,,,,,0.65,0.79,10.47,88.77,12,7.91,31
2026-04-12 07:23:56,,,,,0.65,0.79,11.11,83.58,13.5,7.92,31
2026-04-12 07:24:00,,,,,0.65,0.79,11.15,85.05,14.25,7.91,31
2026-04-12 07:24:03,,,,,0.65,0.79,11.59,85.24,16.25,7.91,31
2026-04-12 07:24:06,,,,,0.65,0.79,11.7,85.02,17.25,7.91,31
2026-04-12 07:24:09,,,,,0.65,0.78,12.73,81.12,19.5,7.92,31
2026-04-12 07:24:12,,,,,0.65,0.77,12.52,82.98,20.25,7.93,31
2026-04-12 07:24:15,,,,,0.65,0.77,14.13,79.35,24.25,7.94,31
2026-04-12 07:24:18,,,,,0.65,0.77,16.19,69.88,23,7.94,31
2026-04-12 07:24:21,,,,,0.65,0.77,17.41,67.79,22.75,7.93,31
2026-04-12 07:24:24,,,,,0.65,0.77,17.22,68.11,21.75,7.94,31
2026-04-12 07:24:27,,,,,0.65,0.77,16.87,71.39,22.25,7.94,31
2026-04-12 07:24:30,,,,,0.65,0.77,16.17,72.48,20.75,7.93,31
2026-04-12 07:24:33,,,,,0.65,0.78,16.3,75.24,19.5,7.93,31
2026-04-12 07:24:36,,,,,0.64,0.78,15.5,76.99,18,7.93,31
2026-04-12 07:24:39,,,,,0.65,0.77,14.74,78.21,17,7.93,31
2026-04-12 07:24:42,,,,,0.65,0.78,14.4,77.41,16.25,7.92,31
2026-04-12 07:24:45,,,,,0.64,0.78,14.07,83.04,15.5,7.92,31
2026-04-12 07:24:48,,,,,0.64,0.78,13.04,87.09,14.75,7.93,31
2026-04-12 07:24:51,,,,,0.65,0.77,12.94,87.16,14.25,7.92,31
2026-04-12 07:24:54,,,,,0.65,0.77,12.68,87.39,14.25,7.92,31
2026-04-12 07:24:57,,,,,0.65,0.77,12.42,89.63,13.75,7.92,31
2026-04-12 07:25:00,,,,,0.65,0.77,12.37,89.36,13.75,7.92,31
2026-04-12 07:25:03,,,,,0.65,0.77,12.16,89.26,13.25,7.91,31
2026-04-12 07:25:06,,,,,0.65,0.77,11.81,89.49,13,7.91,31
2026-04-12 07:25:09,,,,,0.65,0.77,11.07,93.78,12.5,7.91,31
2026-04-12 07:25:12,,,,,0.65,0.77,11.88,90.72,12.5,7.9,31
2026-04-12 07:25:15,,,,,0.65,0.77,10.39,95.25,12,7.91,31
2026-04-12 07:25:18,,,,,0.65,0.78,10.06,97.52,11.75,7.91,31
2026-04-12 07:25:21,,,,,0.65,0.77,9.83,98.09,11.25,7.91,31
2026-04-12 07:25:24,,,,,0.65,0.77,9.73,97.52,10.75,7.91,31
2026-04-12 07:25:27,,,,,0.65,0.77,9.92,97.01,10.75,7.91,31
2026-04-12 07:25:30,,,,,0.65,0.77,9.74,97.68,11,7.9,31
2026-04-12 07:25:33,,,,,0.65,0.77,9.74,98.37,11,7.91,31
2026-04-12 07:25:36,,,,,0.65,0.78,9.69,99.73,10.75,7.9,31
2026-04-12 07:25:39,,,,,0.65,0.78,9.52,99.29,10.75,7.9,31
2026-04-12 07:25:42,,,,,0.65,0.78,9.6,99.28,10.75,7.9,31
2026-04-12 07:25:45,,,,,0.65,0.78,9.89,99.34,10.75,7.9,31
2026-04-12 07:25:48,,,,,0.65,0.78,9.63,99.79,10.75,7.91,31
2026-04-12 07:25:51,,,,,0.65,0.78,9.34,99.9,10.5,7.89,31
2026-04-12 07:25:54,,,,,0.65,0.78,9.4,100,10.5,7.91,31
2026-04-12 07:25:57,,,,,0.65,0.78,9.57,100,10.5,7.9,31
2026-04-12 07:26:00,,,,,0.65,0.78,9.08,100,10.25,7.91,31
2026-04-12 07:26:03,,,,,0.65,0.78,9.14,100,10.25,7.9,31
2026-04-12 07:26:06,,,,,0.65,0.78,9.75,100,10.25,7.9,31
2026-04-12 07:26:09,,,,,0.65,0.78,10.49,98.56,10.75,7.9,31
2026-04-12 07:26:12,,,,,0.65,0.78,11.89,92.69,12,7.9,31
2026-04-12 07:26:15,,,,,0.65,0.78,14.14,84.04,13.75,7.9,31
2026-04-12 07:26:18,,,,,0.65,0.78,16.21,76.9,15.5,7.92,31
2026-04-12 07:26:21,,,,,0.65,0.78,16.5,75.41,18.5,7.92,31
2026-04-12 07:26:24,,,,,0.65,0.78,16.4,73.94,20.5,7.92,31
2026-04-12 07:26:27,,,,,0.65,0.78,17.02,67.22,22.25,7.93,31
2026-04-12 07:26:30,,,,,0.65,0.78,17.35,66.48,25,7.92,31
2026-04-12 07:26:33,,,,,0.65,0.78,16.57,72.5,27.5,7.95,31
2026-04-12 07:26:36,,,,,0.65,0.79,17.22,71.33,28.5,7.96,31
2026-04-12 07:26:39,,,,,0.65,0.79,18.87,56.3,29.75,7.96,31
2026-04-12 07:26:42,,,,,0.65,0.79,18.61,63.48,30,7.97,31
2026-04-12 07:26:45,,,,,0.65,0.79,19.3,53,31.25,7.95,31
2026-04-12 07:26:48,,,,,0.66,0.79,20.37,49.74,37,7.95,31
2026-04-12 07:26:51,,,,,0.66,0.79,19.99,55.97,37.5,7.96,31
2026-04-12 07:26:54,,,,,0.66,0.79,20.08,69.2,34,7.96,31
2026-04-12 07:26:57,,,,,0.66,0.79,21.17,48.62,33.25,7.94,31
2026-04-12 07:27:00,,,,,0.65,0.79,20.41,52.99,27.5,7.95,31
2026-04-12 07:27:03,,,,,0.65,0.79,18.05,67.68,23,7.95,31
2026-04-12 07:27:06,,,,,0.65,0.79,16.16,75.6,20,7.94,31
2026-04-12 07:27:09,,,,,0.65,0.79,13.65,80.24,17.75,7.93,31
2026-04-12 07:27:12,,,,,0.65,0.79,13.09,80.64,15.75,7.93,31
2026-04-12 07:27:15,,,,,0.65,0.79,12.18,81.62,14.25,7.93,31
2026-04-12 07:27:18,,,,,0.65,0.79,11.9,83.34,13.5,7.92,31
2026-04-12 07:27:21,,,,,0.65,0.78,11.15,86.43,13,7.92,31
2026-04-12 07:27:24,,,,,0.65,0.78,11.14,89.45,12.25,7.92,31
2026-04-12 07:27:27,,,,,0.65,0.78,10.4,89.82,11.75,7.91,31
2026-04-12 07:27:30,,,,,0.65,0.78,10.64,94.86,11.25,7.93,31
2026-04-12 07:27:33,,,,,0.65,0.78,9.64,90.92,11,7.92,31
2026-04-12 07:27:36,,,,,0.65,0.78,9.07,93.6,10.5,7.92,31
2026-04-12 07:27:39,,,,,0.65,0.78,9.12,93.62,10,7.91,31
2026-04-12 07:27:42,,,,,0.65,0.78,8.99,95.24,10,7.91,31
2026-04-12 07:27:45,,,,,0.65,0.78,8.49,94.19,9.75,7.91,31
2026-04-12 07:27:48,,,,,0.65,0.78,8.26,95.84,9.75,7.9,31
2026-04-12 07:27:51,,,,,0.65,0.78,8.5,97.8,9.5,7.9,31
2026-04-12 07:27:54,,,,,0.65,0.78,8.76,96.88,9.5,7.91,31
2026-04-12 07:27:57,,,,,0.65,0.78,8.64,96.88,9.5,7.91,31
2026-04-12 07:28:00,,,,,0.65,0.79,9.08,95.81,9.75,7.91,31
2026-04-12 07:28:03,,,,,0.65,0.77,8.86,98.03,10,7.9,31
2026-04-12 07:28:06,,,,,0.65,0.77,8.88,97.13,9.75,7.9,31
2026-04-12 07:28:09,,,,,0.65,0.77,9.14,94.4,10,7.91,31
2026-04-12 07:28:12,,,,,0.65,0.77,9.13,95.38,10.25,7.9,31
2026-04-12 07:28:15,,,,,0.65,0.77,9.27,96.65,10,7.9,31
2026-04-12 07:28:18,,,,,0.66,0.77,9.56,95.3,10.5,7.91,31
2026-04-12 07:28:21,,,,,0.65,0.77,10.26,94.06,10.75,7.89,31
2026-04-12 07:28:24,,,,,0.65,0.77,10.08,96.34,11,7.9,31
2026-04-12 07:28:27,,,,,0.65,0.77,10.72,92.26,11.25,7.9,31
2026-04-12 07:28:30,,,,,0.64,0.77,10.63,93.75,11.5,7.9,31
2026-04-12 07:28:33,,,,,0.64,0.78,12.13,89.27,12.25,7.9,31
2026-04-12 07:28:36,,,,,0.65,0.77,12.28,88.57,13,7.91,31
2026-04-12 07:28:39,,,,,0.65,0.77,13.77,83.39,14.5,7.92,31
2026-04-12 07:28:42,,,,,0.65,0.77,14.84,77.31,16,7.92,31
2026-04-12 07:28:45,,,,,0.65,0.77,16.24,72.7,17.5,7.92,31
2026-04-12 07:28:48,,,,,0.66,0.77,15.87,70.77,19.25,7.93,31
2026-04-12 07:28:51,,,,,0.65,0.78,16.95,67.99,20,7.92,31
2026-04-12 07:28:54,,,,,0.64,0.78,16.93,62.07,19.75,7.93,31
2026-04-12 07:28:57,,,,,0.65,0.78,18.19,58.89,20.75,7.94,31
2026-04-12 07:29:00,,,,,0.65,0.78,17.37,69.52,21.5,7.94,31
2026-04-12 07:29:03,,,,,0.65,0.78,18.28,61.31,23.75,7.93,31
2026-04-12 07:29:06,,,,,0.65,0.78,18.56,56.36,32.25,7.94,31
2026-04-12 07:29:09,,,,,0.65,0.78,18.07,61.61,33.75,7.96,31
2026-04-12 07:29:12,,,,,0.65,0.78,18.84,49.82,33.25,7.95,31
2026-04-12 07:29:15,,,,,0.66,0.78,18.75,59.04,33.25,7.96,31
2026-04-12 07:29:18,,,,,0.65,0.79,18.79,56.9,32.5,7.97,31
2026-04-12 07:29:21,,,,,0.66,0.79,18.84,63.6,32,7.96,31
2026-04-12 07:29:24,,,,,0.66,0.78,18.79,53.22,30.25,7.95,31
2026-04-12 07:29:27,,,,,0.65,0.78,17.61,63.88,24,7.95,31
2026-04-12 07:29:30,,,,,0.64,0.78,16.6,66.43,20,7.94,31
2026-04-12 07:29:33,,,,,0.66,0.78,15.68,74.83,18,7.93,31
2026-04-12 07:29:36,,,,,0.65,0.77,14.8,78.55,17,7.94,31
2026-04-12 07:29:39,,,,,0.64,0.77,14.85,77.22,16,7.94,31
2026-04-12 07:29:42,,,,,0.65,0.77,13.65,82.69,15.75,7.92,31
2026-04-12 07:29:45,,,,,0.65,0.77,12.67,83.62,14.75,7.93,31
2026-04-12 07:29:48,,,,,0.65,0.77,12.31,84.41,13.75,7.92,31
2026-04-12 07:29:51,,,,,0.65,0.77,11.53,85.21,13.25,7.93,31
2026-04-12 07:29:54,,,,,0.65,0.77,10.73,88.06,12.75,7.93,31
2026-04-12 07:29:57,,,,,0.65,0.77,10.28,91.53,11.75,7.92,31
2026-04-12 07:30:00,,,,,0.65,0.77,9.61,90.68,11.5,7.9,31
2026-04-12 07:30:03,,,,,0.65,0.77,9.11,92.11,10.75,7.92,31
2026-04-12 07:30:06,,,,,0.65,0.77,8.92,93.16,10.25,7.9,31
2026-04-12 07:30:09,,,,,0.65,0.77,8.65,93.67,9.75,7.91,31
2026-04-12 07:30:12,,,,,0.65,0.77,8.26,92.88,9.5,7.91,31
2026-04-12 07:30:15,,,,,0.65,0.78,8.22,96.68,9,7.91,31
2026-04-12 07:30:18,,,,,0.65,0.78,7.76,97.11,9.25,7.91,31
2026-04-12 07:30:21,,,,,0.65,0.77,8.22,99.25,8.75,7.91,31
2026-04-12 07:30:24,,,,,0.65,0.77,6.85,98.54,8.25,7.91,31
2026-04-12 07:30:27,,,,,0.65,0.78,7.07,100,8,7.9,31
2026-04-12 07:30:30,,,,,0.65,0.78,6.79,100,7.75,7.9,31
2026-04-12 07:30:33,,,,,0.66,0.77,6.41,99.89,8,7.9,31
2026-04-12 07:30:36,,,,,0.65,0.78,6.37,100,7.5,7.9,31
2026-04-12 07:30:39,,,,,0.65,0.78,6.04,100,7.25,7.9,31
2026-04-12 07:30:42,,,,,0.65,0.77,5.83,100,7,7.9,31
2026-04-12 07:30:45,,,,,0.65,0.77,5.68,100,6.5,7.9,31
2026-04-12 07:30:48,,,,,0.65,0.77,5.01,100,6.5,7.89,31
2026-04-12 07:30:51,,,,,0.64,0.78,5.55,100,6.25,7.9,31
2026-04-12 07:30:54,,,,,0.65,0.78,5.92,100,6.5,7.89,31
2026-04-12 07:30:57,,,,,0.65,0.78,7.76,100,7.5,7.89,31
2026-04-12 07:31:00,,,,,0.65,0.78,8.58,98.03,9,7.9,31
2026-04-12 07:31:03,,,,,0.65,0.78,8.45,96.9,9.75,7.9,31
2026-04-12 07:31:06,,,,,0.66,0.77,12.82,78.11,12,7.9,31
2026-04-12 07:31:09,,,,,0.66,0.78,13.07,76.73,15,7.91,31
2026-04-12 07:31:12,,,,,0.66,0.78,12.26,80.07,16.75,7.92,31
2026-04-12 07:31:15,,,,,0.65,0.78,13.74,74.48,19.5,7.92,31
2026-04-12 07:31:18,,,,,0.65,0.78,12.08,81.59,21.5,7.93,31
2026-04-12 07:31:21,,,,,0.65,0.78,13.6,71.72,23.75,7.93,31
2026-04-12 07:31:24,,,,,0.65,0.79,15.03,67.9,28.5,7.95,31
2026-04-12 07:31:27,,,,,0.65,0.78,15.45,66.96,28.25,7.94,31
2026-04-12 07:31:30,,,,,0.65,0.78,16.36,65.69,28.25,7.96,31
2026-04-12 07:31:33,,,,,0.65,0.78,16.94,65.26,29.25,7.95,31
2026-04-12 07:31:36,,,,,0.66,0.78,17.69,56.62,31.25,7.96,31
2026-04-12 07:31:39,,,,,0.66,0.78,17.94,63.15,31.75,7.96,31
2026-04-12 07:31:42,,,,,0.66,0.78,19.04,51.88,31.25,7.97,31
2026-04-12 07:31:45,,,,,0.65,0.78,18.76,53.34,29.25,7.96,31
2026-04-12 07:31:48,,,,,0.65,0.78,18.01,55.1,27.75,7.96,31
2026-04-12 07:31:51,,,,,0.65,0.78,16.2,64.76,21.75,7.95,31
2026-04-12 07:31:54,,,,,0.65,0.78,14.66,68.15,18.25,7.93,31
2026-04-12 07:31:57,,,,,0.65,0.78,12.69,78.42,16.25,7.94,31
2026-04-12 07:32:00,,,,,0.65,0.78,10.5,81.91,14,7.93,31
2026-04-12 07:32:03,,,,,0.66,0.78,9.57,83.91,12.25,7.92,31
2026-04-12 07:32:06,,,,,0.65,0.78,8.72,90.26,11,7.91,31
2026-04-12 07:32:09,,,,,0.66,0.78,9.43,87.13,9.75,7.93,31
2026-04-12 07:32:12,,,,,0.65,0.77,10.33,87.32,10.25,7.92,31
2026-04-12 07:32:15,,,,,0.66,0.78,8.2,87.78,10.5,7.92,31
2026-04-12 07:32:18,,,,,0.65,0.78,7.39,94.01,9.25,7.91,31
2026-04-12 07:32:21,,,,,0.66,0.78,6.9,94.42,8.5,7.92,31
2026-04-12 07:32:24,,,,,0.65,0.77,6.39,97.76,7.75,7.91,31
2026-04-12 07:32:27,,,,,0.65,0.77,6.41,98.2,7.5,7.9,31
2026-04-12 07:32:30,,,,,0.65,0.77,6.11,98.43,7.25,7.91,31
2026-04-12 07:32:33,,,,,0.66,0.77,5.54,99.25,7,7.89,31
2026-04-12 07:32:36,,,,,0.65,0.77,5.51,99.56,6.5,7.9,31
2026-04-12 07:32:39,,,,,0.65,0.78,4.97,99.94,6,7.9,31
2026-04-12 07:32:42,,,,,0.65,0.78,4.79,98.87,6.75,7.9,31
2026-04-12 07:32:45,,,,,0.66,0.78,4.75,100,6,7.9,31
2026-04-12 07:32:48,,,,,0.64,0.78,4.66,100,5.75,7.9,31
2026-04-12 07:32:51,,,,,0.65,0.78,4.63,100,5.25,7.9,31
2026-04-12 07:32:54,,,,,0.66,0.78,4.1,100,5,7.89,31
2026-04-12 07:32:57,,,,,0.65,0.78,3.39,100,4.75,7.89,31
2026-04-12 07:33:00,,,,,0.65,0.78,3.5,100,4.5,7.89,31
2026-04-12 07:33:03,,,,,0.65,0.78,3.71,100,4.5,7.89,31
2026-04-12 07:33:06,,,,,0.65,0.78,4.01,100,5,7.9,31
2026-04-12 07:33:09,,,,,0.65,0.78,5.48,100,5.75,7.89,31
2026-04-12 07:33:12,,,,,0.66,0.78,5.1,100,6.25,7.9,31
2026-04-12 07:33:15,,,,,0.66,0.78,4.84,100,6.25,7.9,31
2026-04-12 07:33:18,,,,,0.65,0.77,4.57,100,5.75,7.89,31
2026-04-12 07:33:21,,,,,0.65,0.77,5.21,100,6,7.89,31
2026-04-12 07:33:24,,,,,0.65,0.77,6.53,100,6.5,7.89,31
2026-04-12 07:33:27,,,,,0.66,0.77,11.3,85.2,8.75,7.91,31
2026-04-12 07:33:30,,,,,0.65,0.78,12.35,77.26,13,7.91,31
2026-04-12 07:33:33,,,,,0.65,0.78,10.07,88.42,14.5,7.92,31
2026-04-12 07:33:36,,,,,0.65,0.78,14.01,74.49,17,7.92,31
2026-04-12 07:33:39,,,,,0.66,0.78,12.82,69.88,19.75,7.92,31
2026-04-12 07:33:42,,,,,0.66,0.78,13.83,63.69,23.25,7.94,31
2026-04-12 07:33:45,,,,,0.66,0.78,14.37,63.91,25.5,7.95,31
2026-04-12 07:33:48,,,,,0.66,0.78,16.13,56.94,27.5,7.95,31
2026-04-12 07:33:51,,,,,0.66,0.78,16.51,55.66,31,7.96,31
2026-04-12 07:33:54,,,,,0.66,0.78,17.67,51.8,33.25,7.96,31
2026-04-12 07:33:57,,,,,0.66,0.78,19.52,52.39,34.25,7.97,31
2026-04-12 07:34:00,,,,,0.65,0.78,19.8,52.94,34.75,7.96,31
2026-04-12 07:34:03,,,,,0.66,0.78,19.98,48.82,35.5,7.97,31
2026-04-12 07:34:06,,,,,0.66,0.78,20.65,40.51,37,7.97,31
2026-04-12 07:34:09,,,,,0.65,0.78,21.93,37.89,35.25,7.96,31
2026-04-12 07:34:12,,,,,0.65,0.78,21.23,42.47,33.5,7.96,31
2026-04-12 07:34:15,,,,,0.65,0.78,17.23,58.16,26.5,7.96,31
2026-04-12 07:34:18,,,,,0.65,0.78,14.53,74.86,20.75,7.93,31
2026-04-12 07:34:21,,,,,0.65,0.78,12.3,77.18,17,7.94,31
2026-04-12 07:34:24,,,,,0.65,0.78,10.76,76.83,14.25,7.94,31
2026-04-12 07:34:27,,,,,0.65,0.78,10.35,81.47,12.75,7.92,31
2026-04-12 07:34:30,,,,,0.65,0.77,8.77,84.57,11.5,7.93,31
2026-04-12 07:34:33,,,,,0.65,0.77,8.18,87.15,10.25,7.92,31
2026-04-12 07:34:36,,,,,0.66,0.77,7.66,87.11,9.25,7.91,31
2026-04-12 07:34:39,,,,,0.66,0.77,7.17,87.05,8.75,7.92,31
2026-04-12 07:34:42,,,,,0.66,0.77,6.56,90.18,8,7.91,31
2026-04-12 07:34:45,,,,,0.66,0.77,6.33,93.95,7.5,7.91,31
2026-04-12 07:34:48,,,,,0.65,0.77,5.62,92.41,7.25,7.91,31
2026-04-12 07:34:51,,,,,0.65,0.77,5.21,92.4,6.75,7.91,31
2026-04-12 07:34:54,,,,,0.65,0.77,5.22,94.83,6.5,7.9,31
2026-04-12 07:34:57,,,,,0.65,0.77,4.94,97.47,6,7.9,31
2026-04-12 07:35:00,,,,,0.66,0.77,4.46,96.63,5.5,7.9,31
2026-04-12 07:35:03,,,,,0.66,0.77,3.83,96.59,5.25,7.9,31
2026-04-12 07:35:06,,,,,0.66,0.77,3.9,97.98,5,7.9,31
2026-04-12 07:35:09,,,,,0.66,0.77,3.52,98.26,5,7.9,31
2026-04-12 07:35:12,,,,,0.66,0.77,3.74,99.36,4.75,7.89,31
2026-04-12 07:35:15,,,,,0.66,0.78,2.77,97.73,4.25,7.9,31
2026-04-12 07:35:18,,,,,0.65,0.78,2.86,97.84,4,7.89,31
2026-04-12 07:35:21,,,,,0.65,0.78,2.83,97.96,3.75,7.9,31
2026-04-12 07:35:24,,,,,0.66,0.78,2.75,98,3.5,7.9,31
2026-04-12 07:35:27,,,,,0.66,0.78,2.75,98.98,3.5,7.89,31
2026-04-12 07:35:30,,,,,0.65,0.78,2.06,98.48,3.5,7.9,31
2026-04-12 07:35:33,,,,,0.65,0.78,2.31,99.5,3,7.9,31
2026-04-12 07:35:36,,,,,0.65,0.78,2.23,100,3,7.89,31
2026-04-12 07:35:39,,,,,0.65,0.78,1.87,100,3,7.89,31
2026-04-12 07:35:42,,,,,0.66,0.78,1.88,100,2.75,7.89,31
2026-04-12 07:35:45,,,,,0.66,0.78,8.42,75.43,3.5,7.89,31
2026-04-12 07:35:48,,,,,0.66,0.78,14.61,58.1,8.5,7.9,31
2026-04-12 07:35:51,,,,,0.65,0.78,15.4,59.15,12.5,7.91,31
2026-04-12 07:35:54,,,,,0.65,0.78,13.25,66.76,14.5,7.92,31
2026-04-12 07:35:57,,,,,0.66,0.78,16.28,56.74,17.5,7.92,31
2026-04-12 07:36:00,,,,,0.66,0.78,13.43,55.52,18.75,7.93,31
2026-04-12 07:36:03,,,,,0.66,0.78,16.07,42.13,21.25,7.94,31
2026-04-12 07:36:06,,,,,0.66,0.78,14.57,53.02,24,7.94,31
2026-04-12 07:36:09,,,,,0.66,0.78,15.69,45.17,26.5,7.95,31
2026-04-12 07:36:12,,,,,0.67,0.77,16.1,57.33,30.5,7.96,31
2026-04-12 07:36:15,,,,,0.66,0.78,17.48,59.42,32.25,7.97,31
2026-04-12 07:36:18,,,,,0.66,0.78,18,62.39,33.75,7.96,31
2026-04-12 07:36:21,,,,,0.66,0.78,18.98,67.12,34.25,7.97,31
2026-04-12 07:36:24,,,,,0.66,0.78,20.28,37.59,37.75,7.95,31
2026-04-12 07:36:27,,,,,0.66,0.78,20.83,43.34,40,7.96,31
2026-04-12 07:36:30,,,,,0.66,0.78,24.1,30.63,38.5,7.96,31
2026-04-12 07:36:33,,,,,0.66,0.78,23.56,34.48,35,7.98,31
2026-04-12 07:36:36,,,,,0.66,0.78,22.74,33.02,33.25,7.98,31
2026-04-12 07:36:39,,,,,0.66,0.78,20.59,35.33,28,7.97,31
2026-04-12 07:36:42,,,,,0.65,0.78,18.98,38.98,23,7.95,31
2026-04-12 07:36:45,,,,,0.66,0.78,14.98,60.62,19.5,7.93,31
2026-04-12 07:36:48,,,,,0.66,0.78,11.78,67.67,16.5,7.94,31
2026-04-12 07:36:51,,,,,0.66,0.78,9.96,71.07,13.75,7.93,31
2026-04-12 07:36:54,,,,,0.66,0.78,9.13,78.15,12,7.94,31
2026-04-12 07:36:57,,,,,0.66,0.78,8.29,77.25,10.5,7.94,31
2026-04-12 07:37:00,,,,,0.65,0.78,7.85,82.36,9.5,7.93,31
2026-04-12 07:37:03,,,,,0.66,0.77,6.82,80.34,8.75,7.93,31
2026-04-12 07:37:06,,,,,0.66,0.77,6.62,83.93,8,7.92,31
2026-04-12 07:37:09,,,,,0.66,0.77,5.97,85.89,7.25,7.91,31
2026-04-12 07:37:12,,,,,0.66,0.78,5.52,86.3,6.75,7.92,31
2026-04-12 07:37:15,,,,,0.66,0.77,5.04,86.84,6.5,7.91,31
2026-04-12 07:37:18,,,,,0.65,0.77,5.26,87.1,6,7.91,31
2026-04-12 07:37:21,,,,,0.65,0.77,4.75,88.45,6,7.91,31
2026-04-12 07:37:24,,,,,0.65,0.78,4.33,88.35,5.5,7.91,31
2026-04-12 07:37:27,,,,,0.66,0.78,3.98,91,5,7.91,31
2026-04-12 07:37:30,,,,,0.66,0.78,3.82,91.88,4.75,7.9,31
2026-04-12 07:37:33,,,,,0.65,0.78,3.62,95.05,4.5,7.91,31
2026-04-12 07:37:36,,,,,0.65,0.78,3.19,92.65,4.25,7.9,31
2026-04-12 07:37:39,,,,,0.65,0.78,2.89,93.15,4,7.91,31
2026-04-12 07:37:42,,,,,0.65,0.78,2.65,96.07,3.75,7.9,31
2026-04-12 07:37:45,,,,,0.66,0.78,2.21,95.16,3.5,7.9,31
2026-04-12 07:37:48,,,,,0.65,0.78,2.37,95.41,3.25,7.9,31
2026-04-12 07:37:51,,,,,0.65,0.78,2.66,97.73,3.25,7.89,31
2026-04-12 07:37:54,,,,,0.65,0.78,2.01,95.87,3,7.9,31
2026-04-12 07:37:57,,,,,0.65,0.78,1.72,97.09,2.75,7.89,31
2026-04-12 07:38:00,,,,,0.65,0.78,1.44,97.5,2.5,7.89,31
2026-04-12 07:38:03,,,,,0.66,0.78,1.26,97.88,2.5,7.89,31
2026-04-12 07:38:06,,,,,0.65,0.78,1.4,98.32,2.25,7.9,31
2026-04-12 07:38:09,,,,,0.66,0.78,6.9,91.71,2.75,7.89,31
2026-04-12 07:38:12,,,,,0.66,0.78,15.62,52.89,7.5,7.9,31
2026-04-12 07:38:15,,,,,0.66,0.78,16.9,51.23,12.5,7.92,31
2026-04-12 07:38:18,,,,,0.66,0.78,10.99,73.66,14.75,7.92,31
2026-04-12 07:38:21,,,,,0.66,0.78,13.85,63.68,16,7.93,31
2026-04-12 07:38:24,,,,,0.66,0.78,14.23,58.35,18.25,7.93,31
2026-04-12 07:38:27,,,,,0.66,0.78,14.06,50.54,20.75,7.95,31
2026-04-12 07:38:30,,,,,0.66,0.78,14.03,58.3,22.5,7.94,31
2026-04-12 07:38:33,,,,,0.66,0.78,15.04,61.57,24.5,7.96,31
2026-04-12 07:38:36,,,,,0.66,0.79,15.71,56.62,27.75,7.96,31
2026-04-12 07:38:39,,,,,0.66,0.78,16.33,53.33,29.5,7.97,31
2026-04-12 07:38:42,,,,,0.66,0.78,16.92,62.64,30.25,7.97,31
2026-04-12 07:38:45,,,,,0.66,0.79,17.85,52.4,31.25,7.97,31
2026-04-12 07:38:48,,,,,0.66,0.78,18.62,42.59,31.5,7.97,31
2026-04-12 07:38:51,,,,,0.66,0.77,19.58,47.59,33,7.96,31
2026-04-12 07:38:55,,,,,0.66,0.78,20.93,35.88,36,7.97,31
2026-04-12 07:38:58,,,,,0.66,0.78,21.7,36.39,32.75,7.98,31
2026-04-12 07:39:01,,,,,0.66,0.78,21.35,36,33.75,7.97,31
2026-04-12 07:39:04,,,,,0.67,0.78,18.62,53.86,30.25,7.98,31
2026-04-12 07:39:07,,,,,0.66,0.78,17.17,68.77,23,7.96,31
2026-04-12 07:39:10,,,,,0.65,0.77,13.43,73.48,19,7.94,31
2026-04-12 07:39:13,,,,,0.65,0.77,11.34,73.69,15.5,7.94,31
2026-04-12 07:39:16,,,,,0.65,0.77,9.97,80.27,13.25,7.94,31
2026-04-12 07:39:19,,,,,0.65,0.77,9.8,83.17,11.75,7.92,31
2026-04-12 07:39:22,,,,,0.66,0.77,8.57,80.55,10.5,7.92,31
2026-04-12 07:39:25,,,,,0.66,0.77,7.7,85.18,9.5,7.92,31
2026-04-12 07:39:28,,,,,0.66,0.77,7.59,85.07,8.75,7.91,31
2026-04-12 07:39:31,,,,,0.66,0.77,6.51,90.22,8.25,7.92,31
2026-04-12 07:39:34,,,,,0.66,0.77,6.11,92.13,7.5,7.92,31
2026-04-12 07:39:37,,,,,0.65,0.77,5.76,91.94,7.25,7.91,31
2026-04-12 07:39:40,,,,,0.66,0.77,5.47,94.19,7,7.92,31
2026-04-12 07:39:43,,,,,0.66,0.77,5.23,96.84,6.5,7.91,31
2026-04-12 07:39:46,,,,,0.65,0.77,4.92,98.65,6.25,7.91,31
2026-04-12 07:39:49,,,,,0.66,0.77,4.89,98.88,5.75,7.91,31
2026-04-12 07:39:52,,,,,0.66,0.77,4.22,99.12,5.5,7.91,31
2026-04-12 07:39:55,,,,,0.66,0.77,3.93,98.98,5.25,7.91,31
2026-04-12 07:39:58,,,,,0.66,0.77,3.9,99.96,5,7.9,31
2026-04-12 07:40:01,,,,,0.66,0.78,3.94,100,5,7.91,31
2026-04-12 07:40:04,,,,,0.65,0.78,5.78,100,5.5,7.91,31
2026-04-12 07:40:07,,,,,0.65,0.77,4.92,100,6.25,7.91,31
2026-04-12 07:40:10,,,,,0.66,0.77,5.09,100,6.25,7.91,31
2026-04-12 07:40:12,,,,,0.65,0.77,5.04,100,6.5,7.91,31
2026-04-12 07:40:15,,,,,0.66,0.77,5.04,100,6.5,7.91,31
2026-04-12 07:40:18,,,,,0.66,0.77,5.1,100,6.25,7.91,31
2026-04-12 07:40:21,,,,,0.66,0.77,4.57,100,6,7.9,31
2026-04-12 07:40:24,,,,,0.66,0.77,4.63,100,6,7.9,31
2026-04-12 07:40:27,,,,,0.66,0.77,4.2,100,5.75,7.9,31
2026-04-12 07:40:30,,,,,0.65,0.77,3.97,100,5.75,7.9,31
2026-04-12 07:40:33,,,,,0.65,0.77,3.77,100,5.25,7.9,31
2026-04-12 07:40:36,,,,,0.66,0.77,3.89,100,5.25,7.9,31
2026-04-12 07:40:39,,,,,0.66,0.77,4.64,100,5.75,7.9,31
2026-04-12 07:40:42,,,,,0.66,0.77,5.57,100,6.5,7.89,31
2026-04-12 07:40:45,,,,,0.66,0.77,5.62,100,7.25,7.9,31
2026-04-12 07:40:48,,,,,0.66,0.77,6.72,100,8.25,7.9,31
2026-04-12 07:40:51,,,,,0.66,0.77,7.89,100,10.25,7.91,31
2026-04-12 07:40:54,,,,,0.66,0.77,7.41,99.41,11,7.92,31
2026-04-12 07:40:57,,,,,0.66,0.77,8.29,97.52,14.75,7.92,31
2026-04-12 07:41:00,,,,,0.66,0.78,8.45,94.4,16.5,7.91,31
2026-04-12 07:41:03,,,,,0.66,0.78,9.61,91.56,19,7.93,31
2026-04-12 07:41:06,,,,,0.66,0.78,10.98,84.79,18.75,7.93,31
2026-04-12 07:41:09,,,,,0.66,0.77,11.78,76.69,21,7.94,31
2026-04-12 07:41:12,,,,,0.66,0.78,12.9,74.71,22.75,7.96,31
2026-04-12 07:41:15,,,,,0.66,0.78,13.52,69.95,22.75,7.95,31
2026-04-12 07:41:18,,,,,0.66,0.78,13.8,70.46,22.5,7.94,31
2026-04-12 07:41:21,,,,,0.66,0.78,13.65,76.49,23.5,7.95,31
2026-04-12 07:41:24,,,,,0.65,0.78,11.61,81.36,17.75,7.92,31
2026-04-12 07:41:27,,,,,0.66,0.78,10.54,86.74,14.25,7.93,31
2026-04-12 07:41:30,,,,,0.66,0.77,9.35,91.18,12.25,7.94,31
2026-04-12 07:41:33,,,,,0.66,0.77,8.93,91.59,11,7.92,31
2026-04-12 07:41:36,,,,,0.66,0.77,7.71,95.01,10,7.91,31
2026-04-12 07:41:39,,,,,0.67,0.77,7.18,99.48,9,7.92,31
2026-04-12 07:41:42,,,,,0.65,0.77,7.01,100,8.5,7.91,31
2026-04-12 07:41:45,,,,,0.65,0.77,7.27,98.06,8.25,7.92,31
2026-04-12 07:41:48,,,,,0.66,0.77,7.5,95.58,8.5,7.91,31
2026-04-12 07:41:51,,,,,0.66,0.77,7.77,96.99,8.75,7.9,31
2026-04-12 07:41:54,,,,,0.66,0.77,7.88,93.52,8.75,7.91,31
2026-04-12 07:41:57,,,,,0.66,0.77,7.76,95.7,8.75,7.91,31
2026-04-12 07:42:00,,,,,0.66,0.77,7.71,94.62,8.75,7.91,31
2026-04-12 07:42:03,,,,,0.66,0.77,7.75,93.93,8.75,7.91,31
2026-04-12 07:42:06,,,,,0.66,0.77,7.55,96.45,8.75,7.91,31
2026-04-12 07:42:09,,,,,0.66,0.77,7.58,94.25,8.75,7.9,31
2026-04-12 07:42:12,,,,,0.66,0.77,7.17,94.15,8.5,7.9,31
2026-04-12 07:42:15,,,,,0.66,0.76,7,93.6,8.5,7.91,31
2026-04-12 07:42:18,,,,,0.66,0.77,6.94,92.29,8.25,7.9,31
2026-04-12 07:42:21,,,,,0.66,0.76,6.99,94.31,8.25,7.9,31
2026-04-12 07:42:24,,,,,0.66,0.76,6.82,95.37,8,7.91,31
2026-04-12 07:42:27,,,,,0.67,0.76,6.7,95.4,8,7.9,31
2026-04-12 07:42:30,,,,,0.66,0.76,6.72,94.81,7.75,7.89,31
2026-04-12 07:42:33,,,,,0.66,0.76,6.84,95.89,7.75,7.9,31
2026-04-12 07:42:36,,,,,0.66,0.76,6.96,94.81,8,7.9,31
2026-04-12 07:42:39,,,,,0.66,0.76,6.53,94.15,7.75,7.9,31
2026-04-12 07:42:42,,,,,0.66,0.76,6.69,95.27,7.75,7.91,31
2026-04-12 07:42:45,,,,,0.66,0.76,6.63,93.9,8,7.89,31
2026-04-12 07:42:48,,,,,0.66,0.76,6.7,93.64,8,7.9,31
2026-04-12 07:42:51,,,,,0.66,0.76,6.61,93.18,8,7.9,31
2026-04-12 07:42:54,,,,,0.66,0.76,6.67,91.89,8,7.9,31
2026-04-12 07:42:57,,,,,0.66,0.76,6.78,92.73,8,7.9,31
2026-04-12 07:43:00,,,,,0.66,0.76,6.79,92.32,8,7.89,31
2026-04-12 07:43:03,,,,,0.66,0.76,6.75,92.76,8,7.9,31
2026-04-12 07:43:06,,,,,0.66,0.76,7.07,91.06,8.5,7.9,31
2026-04-12 07:43:09,,,,,0.66,0.76,7.57,88.94,8.75,7.89,31
2026-04-12 07:43:12,,,,,0.66,0.76,7.92,87.37,9,7.89,31
2026-04-12 07:43:15,,,,,0.66,0.76,8.63,82.9,9.75,7.9,31
2026-04-12 07:43:18,,,,,0.66,0.76,8.63,83.17,10.25,7.9,31
2026-04-12 07:43:21,,,,,0.66,0.76,8.69,85.11,10.75,7.91,31
2026-04-12 07:43:24,,,,,0.66,0.76,9.99,78.91,11.75,7.9,31
2026-04-12 07:43:27,,,,,0.66,0.76,9.1,84.74,12,7.91,31
2026-04-12 07:43:30,,,,,0.66,0.76,10,80.51,12.75,7.91,31
2026-04-12 07:43:33,,,,,0.66,0.76,10.17,78.34,14,7.91,31
2026-04-12 07:43:36,,,,,0.66,0.76,9.88,79.61,14,7.9,31
2026-04-12 07:43:39,,,,,0.66,0.76,10.44,77.89,13.75,7.92,31
2026-04-12 07:43:42,,,,,0.66,0.76,10.06,80.82,13.5,7.91,31
2026-04-12 07:43:45,,,,,0.65,0.76,10,81.76,12.75,7.91,31
2026-04-12 07:43:48,,,,,0.66,0.76,9.9,82.53,12,7.91,31
2026-04-12 07:43:51,,,,,0.66,0.76,9.53,82.22,11.5,7.91,31
2026-04-12 07:43:54,,,,,0.66,0.76,9.45,84.42,11,7.9,31
2026-04-12 07:43:57,,,,,0.66,0.76,9.29,84.73,10.75,7.89,31
2026-04-12 07:44:00,,,,,0.66,0.76,8.95,85.76,10.5,7.9,31
2026-04-12 07:44:03,,,,,0.66,0.76,8.83,87.36,10.25,7.9,31
2026-04-12 07:44:06,,,,,0.66,0.76,8.79,87.55,10,7.9,31
2026-04-12 07:44:09,,,,,0.66,0.76,8.71,87,9.75,7.9,31
2026-04-12 07:44:12,,,,,0.65,0.76,8.67,87.65,9.75,7.9,31
2026-04-12 07:44:15,,,,,0.66,0.76,8.58,86.59,9.75,7.9,31
2026-04-12 07:44:18,,,,,0.66,0.76,8.26,88.2,9.75,7.9,31
2026-04-12 07:44:21,,,,,0.66,0.76,8.29,87.39,9.5,7.9,31
2026-04-12 07:44:24,,,,,0.66,0.76,8.11,88.21,9.25,7.89,31
2026-04-12 07:44:27,,,,,0.66,0.76,7.97,88.35,9.25,7.89,31
2026-04-12 07:44:30,,,,,0.66,0.76,7.85,89.17,9,7.89,31
2026-04-12 07:44:33,,,,,0.66,0.76,7.66,90.36,9,7.9,31
2026-04-12 07:44:36,,,,,0.66,0.76,7.63,90.43,9,7.89,31
2026-04-12 07:44:39,,,,,0.66,0.76,7.43,92.64,8.75,7.89,31
2026-04-12 07:44:42,,,,,0.66,0.76,7.19,93.02,8.5,7.89,31
2026-04-12 07:44:45,,,,,0.66,0.76,7.12,92.9,8.25,7.89,31
2026-04-12 07:44:48,,,,,0.66,0.76,6.98,91.94,8.25,7.89,31
2026-04-12 07:44:51,,,,,0.66,0.76,6.58,92.71,8,7.89,31
2026-04-12 07:44:54,,,,,0.66,0.76,6.81,93.95,8,7.89,31
2026-04-12 07:44:57,,,,,0.66,0.76,6.68,93.4,8,7.89,31
2026-04-12 07:45:00,,,,,0.66,0.76,6.44,94.57,8,7.89,31
2026-04-12 07:45:03,,,,,0.66,0.76,6.26,94.43,7.75,7.89,31
2026-04-12 07:45:06,,,,,0.66,0.76,6.22,95.7,7.5,7.89,31
2026-04-12 07:45:09,,,,,0.66,0.76,5.91,97.4,7.25,7.87,31
2026-04-12 07:45:12,,,,,0.66,0.76,5.77,98.35,7.25,7.89,31
2026-04-12 07:45:15,,,,,0.65,0.76,5.72,98.87,7,7.88,31
2026-04-12 07:45:18,,,,,0.66,0.76,5.66,98.82,7,7.87,31
2026-04-12 07:45:21,,,,,0.66,0.76,5.84,98.61,7,7.88,31
2026-04-12 07:45:24,,,,,0.66,0.76,5.92,97.41,7,7.87,31
2026-04-12 07:45:27,,,,,0.66,0.75,5.68,98.68,7,7.87,31
2026-04-12 07:45:30,,,,,0.66,0.75,5.91,98.36,7,7.89,31
2026-04-12 07:45:33,,,,,0.66,0.75,5.59,99.9,7,7.88,31
2026-04-12 07:45:36,,,,,0.66,0.75,6.05,97.21,7.5,7.87,31
2026-04-12 07:45:39,,,,,0.66,0.75,7.11,92.87,8.25,7.89,31
2026-04-12 07:45:42,,,,,0.66,0.75,7.3,88.97,9.5,7.89,31
2026-04-12 07:45:45,,,,,0.66,0.75,8.95,83,10.25,7.88,31
2026-04-12 07:45:48,,,,,0.66,0.76,8.26,87.15,11.75,7.89,31
2026-04-12 07:45:51,,,,,0.66,0.75,9.6,81.44,14.5,7.9,31
2026-04-12 07:45:54,,,,,0.66,0.76,8.24,89.17,20.25,7.91,31
2026-04-12 07:45:57,,,,,0.66,0.76,9.41,83.49,22.5,7.92,31
2026-04-12 07:46:00,,,,,0.66,0.76,10.74,80.77,24.25,7.92,31
2026-04-12 07:46:03,,,,,0.66,0.76,11.06,80.21,26.5,7.93,31
2026-04-12 07:46:06,,,,,0.66,0.76,11.82,81.71,24.5,7.94,31
2026-04-12 07:46:09,,,,,0.66,0.76,12.27,76.31,24,7.93,31
2026-04-12 07:46:12,,,,,0.67,0.76,11.84,77.22,21.75,7.92,31
2026-04-12 07:46:15,,,,,0.66,0.76,11.77,79.51,20.75,7.92,31
2026-04-12 07:46:18,,,,,0.66,0.76,10.74,82.53,16.25,7.92,31
2026-04-12 07:46:21,,,,,0.66,0.76,9.16,86.36,13,7.92,31
2026-04-12 07:46:24,,,,,0.66,0.76,8.95,88.75,11,7.9,31
2026-04-12 07:46:27,,,,,0.66,0.76,8,91.99,10,7.89,31
2026-04-12 07:46:30,,,,,0.66,0.76,7.02,95.56,9,7.9,31
2026-04-12 07:46:33,,,,,0.66,0.76,6,99.73,8,7.89,31
2026-04-12 07:46:36,,,,,0.66,0.75,5.08,99.54,7.5,7.89,31
2026-04-12 07:46:39,,,,,0.66,0.75,5.6,100,7,7.89,31
2026-04-12 07:46:42,,,,,0.67,0.75,6.08,100,7,7.89,31
2026-04-12 07:46:45,,,,,0.66,0.75,6.04,100,7.25,7.89,31
2026-04-12 07:46:48,,,,,0.66,0.75,6.09,100,7.25,7.89,31
2026-04-12 07:46:51,,,,,0.67,0.75,6.18,100,7.25,7.9,31
2026-04-12 07:46:54,,,,,0.67,0.75,6.19,99.9,7.25,7.89,31
2026-04-12 07:46:57,,,,,0.66,0.75,6.23,99.31,7,7.89,31
2026-04-12 07:47:00,,,,,0.66,0.75,6.25,98.22,7.25,7.89,31
2026-04-12 07:47:03,,,,,0.66,0.75,6.25,97.32,7.25,7.89,31
2026-04-12 07:47:06,,,,,0.66,0.75,5.75,98.44,7.25,7.89,31
2026-04-12 07:47:09,,,,,0.67,0.75,5.81,99.3,7.25,7.89,31
2026-04-12 07:47:12,,,,,0.66,0.75,5.67,99.53,7,7.88,31
2026-04-12 07:47:15,,,,,0.66,0.75,5.85,99.87,7,7.89,31
2026-04-12 07:47:18,,,,,0.67,0.75,5.77,98.6,7,7.89,31
2026-04-12 07:47:21,,,,,0.66,0.75,5.53,98.18,7,7.89,31
2026-04-12 07:47:24,,,,,0.67,0.75,5.31,99.99,7,7.89,31
2026-04-12 07:47:27,,,,,0.66,0.75,5.28,100,6.75,7.88,31
2026-04-12 07:47:30,,,,,0.66,0.75,5.62,100,6.75,7.89,31
2026-04-12 07:47:33,,,,,0.67,0.75,5.54,100,6.5,7.88,31
2026-04-12 07:47:36,,,,,0.67,0.75,5.69,98.1,6.75,7.88,31
2026-04-12 07:47:39,,,,,0.66,0.75,5.84,96.51,6.75,7.88,31
2026-04-12 07:47:42,,,,,0.66,0.75,5.94,97.21,6.75,7.87,31
2026-04-12 07:47:45,,,,,0.66,0.75,5.24,100,6.75,7.88,31
2026-04-12 07:47:48,,,,,0.66,0.75,5.07,100,6.5,7.88,31
2026-04-12 07:47:51,,,,,0.66,0.75,5.24,100,6.5,7.86,31
2026-04-12 07:47:54,,,,,0.67,0.75,5.62,97.88,7,7.88,31
2026-04-12 07:47:57,,,,,0.67,0.75,6.64,91.9,7.5,7.88,31
2026-04-12 07:48:00,,,,,0.67,0.75,7,89.9,8.25,7.89,31
2026-04-12 07:48:03,,,,,0.67,0.74,7.08,90.57,8.75,7.88,31
2026-04-12 07:48:06,,,,,0.66,0.75,6.87,91.79,9,7.87,31
2026-04-12 07:48:09,,,,,0.67,0.75,6.87,91.41,8.75,7.87,31
2026-04-12 07:48:12,,,,,0.66,0.75,7.32,88.68,9,7.88,31
2026-04-12 07:48:15,,,,,0.66,0.75,7.38,89.66,9.25,7.88,31
2026-04-12 07:48:18,,,,,0.66,0.75,8.13,84.88,9.75,7.88,31
2026-04-12 07:48:21,,,,,0.66,0.75,8.33,84.11,10.5,7.88,31
2026-04-12 07:48:24,,,,,0.66,0.75,8.2,85.95,10.5,7.88,31
2026-04-12 07:48:27,,,,,0.67,0.75,8.58,84.23,11.5,7.88,31
2026-04-12 07:48:30,,,,,0.67,0.75,8.08,87.67,11,7.88,31
2026-04-12 07:48:33,,,,,0.67,0.75,8.2,85.06,10,7.88,31
2026-04-12 07:48:36,,,,,0.67,0.75,8.25,85.87,10,7.88,31
2026-04-12 07:48:39,,,,,0.67,0.75,8.11,86.62,9.75,7.88,31
2026-04-12 07:48:42,,,,,0.66,0.75,7.94,86.57,9.5,7.87,31
2026-04-12 07:48:45,,,,,0.66,0.75,8.04,87.03,9.25,7.87,31
2026-04-12 07:48:48,,,,,0.67,0.75,8.01,87.61,9.25,7.88,31
2026-04-12 07:48:51,,,,,0.67,0.74,7.86,88.63,9,7.86,31
2026-04-12 07:48:54,,,,,0.67,0.74,7.71,88.06,9,7.86,31
2026-04-12 07:48:57,,,,,0.67,0.74,7.64,87.44,8.75,7.88,31
2026-04-12 07:49:00,,,,,0.67,0.74,7.85,87.84,9,7.87,31
2026-04-12 07:49:03,,,,,0.66,0.74,7.7,87.74,8.75,7.87,31
2026-04-12 07:49:06,,,,,0.66,0.74,7.64,88.26,8.75,7.87,31
2026-04-12 07:49:09,,,,,0.67,0.74,7.62,89.11,8.75,7.86,31
2026-04-12 07:49:12,,,,,0.67,0.74,7.42,89.22,8.5,7.86,31
2026-04-12 07:49:15,,,,,0.67,0.74,7.26,88.93,8.5,7.86,31
2026-04-12 07:49:18,,,,,0.67,0.74,7.08,89.34,8.5,7.86,31
2026-04-12 07:49:21,,,,,0.66,0.74,7.01,88.11,8.25,7.86,31
2026-04-12 07:49:24,,,,,0.66,0.74,6.83,89.35,8,7.85,31
2026-04-12 07:49:27,,,,,0.67,0.74,6.77,89.23,8,7.86,31
2026-04-12 07:49:30,,,,,0.67,0.74,6.82,90.69,7.75,7.86,31
2026-04-12 07:49:33,,,,,0.66,0.74,6.9,89.12,8,7.85,31
2026-04-12 07:49:36,,,,,0.66,0.74,6.4,89.14,7.75,7.86,31
2026-04-12 07:49:39,,,,,0.67,0.74,6.49,89.73,7.75,7.84,31
2026-04-12 07:49:42,,,,,0.66,0.74,6.52,89.47,7.5,7.85,31
2026-04-12 07:49:45,,,,,0.67,0.74,6.3,90.07,7.5,7.84,31
2026-04-12 07:49:48,,,,,0.66,0.74,6.35,89.82,7.5,7.84,31
2026-04-12 07:49:51,,,,,0.66,0.74,6.1,91.34,7.25,7.86,31
2026-04-12 07:49:54,,,,,0.67,0.74,5.88,90.85,7.25,7.85,31
2026-04-12 07:49:57,,,,,0.67,0.74,5.84,92.13,7.25,7.83,31
2026-04-12 07:50:00,,,,,0.67,0.74,5.6,91.7,6.75,7.84,31
2026-04-12 07:50:03,,,,,0.67,0.74,5.52,92.66,6.75,7.84,31
2026-04-12 07:50:06,,,,,0.67,0.74,5.6,91.48,6.75,7.85,31
2026-04-12 07:50:09,,,,,0.66,0.74,5.58,91.49,6.75,7.84,31
2026-04-12 07:50:12,,,,,0.67,0.74,5.47,92.86,6.75,7.84,31
2026-04-12 07:50:15,,,,,0.66,0.74,5.51,92.78,6.75,7.84,31
2026-04-12 07:50:18,,,,,0.66,0.74,5.88,90.34,6.75,7.84,31
2026-04-12 07:50:21,,,,,0.67,0.74,6.01,90.87,7.25,7.84,31
2026-04-12 07:50:24,,,,,0.67,0.74,6.48,88.99,7.5,7.85,31
2026-04-12 07:50:27,,,,,0.67,0.74,6.56,89.34,8.25,7.84,31
2026-04-12 07:50:30,,,,,0.67,0.74,7.86,82.95,9.25,7.85,31
2026-04-12 07:50:33,,,,,0.67,0.74,8.35,81.78,10.5,7.86,31
2026-04-12 07:50:36,,,,,0.67,0.74,8.94,79.56,11.75,7.88,31
2026-04-12 07:50:39,,,,,0.66,0.74,8.45,84.42,12.25,7.88,31
2026-04-12 07:50:42,,,,,0.66,0.74,8.66,80.81,14.75,7.89,31
2026-04-12 07:50:45,,,,,0.67,0.74,10.75,73.52,17,7.88,31
2026-04-12 07:50:48,,,,,0.67,0.74,10.63,73.55,17,7.89,31
2026-04-12 07:50:51,,,,,0.67,0.74,12.02,68.19,16.75,7.89,31
2026-04-12 07:50:54,,,,,0.67,0.74,11.52,71.75,17.75,7.9,31
2026-04-12 07:50:57,,,,,0.67,0.74,11.19,73.32,16.75,7.88,31
2026-04-12 07:51:00,,,,,0.67,0.74,11.62,72.44,17.25,7.89,31
2026-04-12 07:51:03,,,,,0.67,0.74,11.77,70.52,22.25,7.9,31
2026-04-12 07:51:06,,,,,0.67,0.74,10.86,76.35,17,7.87,31
2026-04-12 07:51:09,,,,,0.67,0.74,9.66,83.36,14,7.89,31
2026-04-12 07:51:12,,,,,0.67,0.74,8.35,87.39,11.5,7.88,31
2026-04-12 07:51:15,,,,,0.66,0.74,8.14,88.38,10,7.87,31
2026-04-12 07:51:18,,,,,0.67,0.74,7.16,90.68,9.25,7.87,31
2026-04-12 07:51:21,,,,,0.67,0.73,6.47,92.33,8.5,7.87,31
2026-04-12 07:51:24,,,,,0.67,0.74,5.36,95.56,7.5,7.86,31
2026-04-12 07:51:27,,,,,0.67,0.73,5.83,94.72,6.75,7.86,31
2026-04-12 07:51:30,,,,,0.67,0.74,4.73,95.97,6.25,7.84,31
2026-04-12 07:51:33,,,,,0.67,0.74,4.71,97.66,5.75,7.86,31
2026-04-12 07:51:36,,,,,0.67,0.74,3.75,98.24,5.5,7.86,31
2026-04-12 07:51:39,,,,,0.67,0.74,3.37,99.18,4.75,7.85,31
2026-04-12 07:51:42,,,,,0.67,0.74,3.41,100,4.5,7.85,31
2026-04-12 07:51:45,,,,,0.67,0.74,2.86,100,4,7.84,31
2026-04-12 07:51:48,,,,,0.66,0.74,2.28,100,3.75,7.85,31
2026-04-12 07:51:51,,,,,0.67,0.73,2.01,100,3.25,7.84,31
2026-04-12 07:51:54,,,,,0.66,0.74,2.25,100,3,7.84,31
2026-04-12 07:51:57,,,,,0.67,0.74,1.4,100,2.75,7.83,31
2026-04-12 07:52:00,,,,,0.67,0.74,1.5,100,2.5,7.83,31
2026-04-12 07:52:03,,,,,0.67,0.74,0.92,100,2.25,7.83,31
2026-04-12 07:52:06,,,,,0.67,0.74,1.1,100,2,7.84,31
2026-04-12 07:52:09,,,,,0.67,0.74,1.16,100,2,7.83,31
2026-04-12 07:52:12,,,,,0.67,0.74,1.35,100,1.75,7.83,31
2026-04-12 07:52:15,,,,,0.66,0.74,0.63,100,2,7.83,31
2026-04-12 07:52:18,,,,,0.67,0.74,0.7,100,1.75,7.83,31
2026-04-12 07:52:21,,,,,0.66,0.74,0.87,100,1.5,7.83,31
2026-04-12 07:52:24,,,,,0.67,0.74,0.38,100,1.5,7.83,31
2026-04-12 07:52:27,,,,,0.66,0.74,1.44,100,1.5,7.83,31
2026-04-12 07:52:30,,,,,0.67,0.74,1.41,100,2.25,7.83,31
2026-04-12 07:52:33,,,,,0.67,0.74,1.19,100,2.5,7.83,31
2026-04-12 07:52:36,,,,,0.67,0.74,1.43,100,2.5,7.83,31
2026-04-12 07:52:39,,,,,0.66,0.74,4.02,100,3,7.83,31
2026-04-12 07:52:42,,,,,0.67,0.74,9.74,77.42,7.25,7.84,31
2026-04-12 07:52:45,,,,,0.67,0.74,12.15,76.4,10,7.85,31
2026-04-12 07:52:48,,,,,0.67,0.74,9.67,78.82,13,7.87,31
2026-04-12 07:52:51,,,,,0.67,0.74,12.41,62.44,15.5,7.88,31
2026-04-12 07:52:55,,,,,0.67,0.74,11.61,65.28,18.25,7.9,31
2026-04-12 07:52:58,,,,,0.67,0.74,12.4,60.68,21.5,7.89,31
2026-04-12 07:53:01,,,,,0.67,0.74,11.79,73.05,23.25,7.92,31
2026-04-12 07:53:05,,,,,0.67,0.74,12.8,66.23,23.75,7.92,31
2026-04-12 07:53:08,,,,,0.67,0.74,14.51,65.18,26.5,7.93,31
2026-04-12 07:53:11,,,,,0.67,0.75,15.94,56.66,30,7.94,31
2026-04-12 07:53:14,,,,,0.67,0.75,16.8,41.58,34.5,7.95,31
2026-04-12 07:53:17,,,,,0.67,0.75,17.97,24.42,35,7.95,31
2026-04-12 07:53:20,,,,,0.67,0.75,17.78,22.63,36,7.95,31
2026-04-12 07:53:23,,,,,0.68,0.75,19.02,45.91,36.75,7.94,31
2026-04-12 07:53:26,,,,,0.68,0.75,18.97,23.97,38.5,7.94,31
2026-04-12 07:53:30,,,,,0.67,0.75,18.21,59.49,38.25,7.94,31
2026-04-12 07:53:33,,,,,0.67,0.75,16.34,54.33,32.75,7.95,31
2026-04-12 07:53:36,,,,,0.67,0.75,13.11,65.46,22,7.94,31
2026-04-12 07:53:39,,,,,0.66,0.75,10.6,69.43,16.5,7.92,31
2026-04-12 07:53:42,,,,,0.67,0.74,9.41,71.53,13.5,7.92,31
2026-04-12 07:53:45,,,,,0.67,0.74,8.13,77.92,11.5,7.9,31
2026-04-12 07:53:48,,,,,0.67,0.74,7.85,78.09,10,7.91,31
2026-04-12 07:53:51,,,,,0.67,0.74,7.42,77.91,9,7.91,31
2026-04-12 07:53:54,,,,,0.67,0.74,6.48,81.58,8.25,7.9,31
2026-04-12 07:53:57,,,,,0.66,0.74,5.94,80.78,7.5,7.89,31
2026-04-12 07:54:00,,,,,0.67,0.74,5.61,80.42,6.75,7.9,31
2026-04-12 07:54:03,,,,,0.67,0.74,5.14,84.88,6.5,7.89,31
2026-04-12 07:54:06,,,,,0.66,0.74,5.21,82.33,6,7.89,31
2026-04-12 07:54:09,,,,,0.66,0.74,4.52,84.13,5.75,7.89,31
2026-04-12 07:54:11,,,,,0.67,0.74,4.41,88.45,5.5,7.89,31
2026-04-12 07:54:14,,,,,0.66,0.74,4.49,90.06,5.5,7.89,31
2026-04-12 07:54:17,,,,,0.67,0.74,4.68,87.91,5.5,7.89,31
2026-04-12 07:54:20,,,,,0.66,0.74,4.57,88.68,5.5,7.89,31
2026-04-12 07:54:23,,,,,0.66,0.74,4.41,93.48,5.25,7.89,31
2026-04-12 07:54:26,,,,,0.66,0.74,3.99,90.72,5,7.89,31
2026-04-12 07:54:29,,,,,0.66,0.74,3.25,89.26,4.75,7.88,31
2026-04-12 07:54:32,,,,,0.67,0.74,2.72,90.83,4.25,7.89,31
2026-04-12 07:54:35,,,,,0.66,0.74,2.69,92.5,4,7.87,31
2026-04-12 07:54:38,,,,,0.67,0.74,2.41,91.37,3.75,7.88,31
2026-04-12 07:54:41,,,,,0.67,0.74,2.31,92.71,3.25,7.88,31
2026-04-12 07:54:44,,,,,0.66,0.74,2.34,94.51,3,7.87,31
2026-04-12 07:54:47,,,,,0.66,0.74,1.55,92.78,2.75,7.87,31
2026-04-12 07:54:50,,,,,0.67,0.74,1.52,91.78,2.25,7.87,31
2026-04-12 07:54:53,,,,,0.66,0.74,1.08,93.08,2.25,7.87,31
2026-04-12 07:54:56,,,,,0.67,0.74,1.42,95.11,2.25,7.87,31
2026-04-12 07:54:59,,,,,0.66,0.74,1.06,94.78,2.25,7.87,31
2026-04-12 07:55:02,,,,,0.66,0.74,1.57,95.1,2.25,7.86,31
2026-04-12 07:55:05,,,,,0.67,0.74,12.25,66.21,5,7.88,31
2026-04-12 07:55:08,,,,,0.67,0.74,15.09,52.84,9.75,7.89,31
2026-04-12 07:55:11,,,,,0.67,0.74,16.04,50.52,13.5,7.89,31
2026-04-12 07:55:14,,,,,0.67,0.74,12.29,64.51,15.25,7.9,31
2026-04-12 07:55:17,,,,,0.67,0.74,16.03,51.77,18,7.92,31
2026-04-12 07:55:21,,,,,0.67,0.74,13.22,64.65,20.5,7.91,31
2026-04-12 07:55:24,,,,,0.66,0.74,14.01,59.45,21.25,7.92,31
2026-04-12 07:55:27,,,,,0.67,0.75,13.86,61.49,25.25,7.94,31
2026-04-12 07:55:30,,,,,0.67,0.75,15.53,56.11,27,7.94,31
2026-04-12 07:55:33,,,,,0.67,0.75,17.73,44.64,28.25,7.94,31
2026-04-12 07:55:36,,,,,0.67,0.75,18.82,49.29,30.75,7.95,31
2026-04-12 07:55:39,,,,,0.67,0.75,19.62,39.17,33.25,7.95,31
2026-04-12 07:55:42,,,,,0.67,0.75,21.99,35.85,33.75,7.97,31
2026-04-12 07:55:45,,,,,0.67,0.75,24.24,21.71,34.5,7.98,31
2026-04-12 07:55:48,,,,,0.68,0.75,24.89,16.42,34,7.96,31
2026-04-12 07:55:52,,,,,0.67,0.75,24.49,19.07,34,7.96,31
2026-04-12 07:55:55,,,,,0.68,0.75,23.16,25.86,33.5,7.97,31
2026-04-12 07:55:58,,,,,0.67,0.74,21.69,28.24,31.75,7.96,31
2026-04-12 07:56:01,,,,,0.66,0.74,20.84,31.84,25,7.95,31
2026-04-12 07:56:04,,,,,0.67,0.75,19.74,34.52,22.5,7.95,31
2026-04-12 07:56:07,,,,,0.66,0.75,16.63,51.61,20.5,7.95,31
2026-04-12 07:56:10,,,,,0.67,0.74,13.78,61.67,17.75,7.94,31
2026-04-12 07:56:13,,,,,0.66,0.74,14.47,52.92,15.5,7.92,31
2026-04-12 07:56:16,,,,,0.66,0.74,13.27,67.34,14.75,7.92,31
2026-04-12 07:56:19,,,,,0.66,0.74,11.24,80.86,13.25,7.92,31
2026-04-12 07:56:22,,,,,0.67,0.74,9.34,73.97,12,7.93,31
2026-04-12 07:56:25,,,,,0.67,0.74,7.78,79.95,10.5,7.91,31
2026-04-12 07:56:28,,,,,0.67,0.74,7.13,83.36,9.25,7.91,31
2026-04-12 07:56:31,,,,,0.67,0.74,6.55,80.48,8.5,7.91,31
2026-04-12 07:56:34,,,,,0.67,0.74,6.55,85.49,7.75,7.9,31
2026-04-12 07:56:37,,,,,0.67,0.74,6.17,84.28,7.25,7.91,31
2026-04-12 07:56:40,,,,,0.67,0.74,5.09,86.59,6.75,7.9,31
2026-04-12 07:56:43,,,,,0.67,0.74,5.18,86.38,6.25,7.9,31
2026-04-12 07:56:46,,,,,0.66,0.74,5.43,93.68,6,7.9,31
2026-04-12 07:56:49,,,,,0.66,0.74,8.55,82.1,7.25,7.9,31
2026-04-12 07:56:52,,,,,0.65,0.74,8.57,88.1,8.75,7.9,31
2026-04-12 07:56:55,,,,,0.67,0.73,6.09,96.41,8.5,7.9,31
2026-04-12 07:56:58,,,,,0.67,0.73,5.87,98.94,7.5,7.91,31
2026-04-12 07:57:01,,,,,0.66,0.73,4.29,99.5,6.75,7.89,31
2026-04-12 07:57:04,,,,,0.66,0.74,4.97,100,6.25,7.9,31
2026-04-12 07:57:07,,,,,0.67,0.73,5.52,99.94,6.5,7.89,31
2026-04-12 07:57:10,,,,,0.67,0.73,5.47,100,6.75,7.9,31
2026-04-12 07:57:13,,,,,0.67,0.73,5.45,100,6.75,7.89,31
2026-04-12 07:57:16,,,,,0.67,0.74,5.13,100,6.5,7.9,31
2026-04-12 07:57:19,,,,,0.67,0.74,5,100,6.25,7.9,31
2026-04-12 07:57:22,,,,,0.67,0.73,4.51,100,6,7.9,31
2026-04-12 07:57:25,,,,,0.67,0.73,4.09,100,5.75,7.89,31
2026-04-12 07:57:27,,,,,0.67,0.74,4.39,100,5.5,7.89,31
2026-04-12 07:57:30,,,,,0.67,0.74,4.6,100,5.5,7.89,31
2026-04-12 07:57:33,,,,,0.67,0.74,5.03,99.21,6.25,7.9,31
2026-04-12 07:57:36,,,,,0.67,0.74,7.47,90.14,7.5,7.9,31
2026-04-12 07:57:39,,,,,0.67,0.74,7.65,85.45,11,7.91,31
2026-04-12 07:57:42,,,,,0.66,0.74,8.21,88.15,11.5,7.91,31
2026-04-12 07:57:45,,,,,0.67,0.73,10.63,78.56,13.75,7.92,31
2026-04-12 07:57:48,,,,,0.67,0.74,10.74,78.38,15.5,7.91,31
2026-04-12 07:57:51,,,,,0.67,0.74,10.74,80.23,15.75,7.91,31
2026-04-12 07:57:55,,,,,0.67,0.73,11.34,78.41,18,7.92,31
2026-04-12 07:57:58,,,,,0.67,0.74,11.98,72.23,20.25,7.93,31
2026-04-12 07:58:01,,,,,0.67,0.73,13.63,68.29,19.5,7.93,31
2026-04-12 07:58:04,,,,,0.67,0.73,13.99,70.07,20.25,7.94,31
2026-04-12 07:58:07,,,,,0.66,0.74,13.76,74.09,19,7.94,31
2026-04-12 07:58:10,,,,,0.67,0.73,14.47,74.27,18.75,7.93,31
2026-04-12 07:58:13,,,,,0.67,0.73,15.13,67.62,19,7.93,31
2026-04-12 07:58:16,,,,,0.67,0.73,15.3,65.03,18.5,7.92,31
2026-04-12 07:58:19,,,,,0.67,0.73,14.84,71.21,17.75,7.94,31
2026-04-12 07:58:22,,,,,0.67,0.73,14.21,70.35,16.75,7.94,31
2026-04-12 07:58:25,,,,,0.67,0.73,13.35,73.22,15.75,7.94,31
2026-04-12 07:58:28,,,,,0.67,0.73,12.22,77.58,14.5,7.92,31
2026-04-12 07:58:31,,,,,0.67,0.73,11.33,81.86,13.5,7.92,31
2026-04-12 07:58:34,,,,,0.67,0.73,10.23,86.87,12.25,7.93,31
2026-04-12 07:58:37,,,,,0.67,0.73,9.74,87.84,11.5,7.91,31
2026-04-12 07:58:40,,,,,0.67,0.73,9.49,89.1,11,7.91,31
2026-04-12 07:58:43,,,,,0.67,0.73,8.88,88.48,10.75,7.92,31
2026-04-12 07:58:46,,,,,0.67,0.73,8.83,89.6,10.25,7.92,31
2026-04-12 07:58:49,,,,,0.67,0.73,8.44,90.15,9.75,7.91,31
2026-04-12 07:58:52,,,,,0.67,0.73,8.31,92.08,9.5,7.9,31
2026-04-12 07:58:55,,,,,0.67,0.73,7.76,93.69,9,7.9,31
2026-04-12 07:58:58,,,,,0.67,0.73,7.67,93.78,8.75,7.9,31
2026-04-12 07:59:01,,,,,0.67,0.73,7.54,96.01,8.75,7.9,31
2026-04-12 07:59:04,,,,,0.67,0.73,7.4,96.32,8.5,7.91,31
2026-04-12 07:59:07,,,,,0.67,0.73,7.34,97.03,8.5,7.91,31
2026-04-12 07:59:10,,,,,0.67,0.73,7.67,96.33,8.25,7.9,31
2026-04-12 07:59:13,,,,,0.67,0.73,7.15,97.12,8.25,7.91,31
2026-04-12 07:59:16,,,,,0.67,0.73,7.05,94.79,8.25,7.9,31
2026-04-12 07:59:19,,,,,0.67,0.73,7.21,95.98,8.25,7.9,31
2026-04-12 07:59:22,,,,,0.67,0.73,7.23,96.89,8.25,7.91,31
2026-04-12 07:59:25,,,,,0.67,0.73,7.05,96.29,8.25,7.9,31
2026-04-12 07:59:28,,,,,0.67,0.73,8.29,94.69,8.25,7.89,31
2026-04-12 07:59:31,,,,,0.67,0.73,7.42,96.64,8.5,7.9,31
2026-04-12 07:59:34,,,,,0.67,0.73,7.24,97.08,8.25,7.9,31
2026-04-12 07:59:37,,,,,0.67,0.73,6.79,97.85,8,7.89,31
2026-04-12 07:59:40,,,,,0.67,0.73,6.51,98.25,8,7.9,31
2026-04-12 07:59:43,,,,,0.67,0.73,6.09,98.28,7.5,7.89,31
2026-04-12 07:59:46,,,,,0.67,0.73,6.41,99.03,7.25,7.89,31
2026-04-12 07:59:49,,,,,0.67,0.73,5.67,99.66,7,7.89,31
2026-04-12 07:59:52,,,,,0.67,0.73,6.12,100,6.75,7.89,31
2026-04-12 07:59:55,,,,,0.67,0.73,6.85,98.11,7,7.88,31
2026-04-12 07:59:58,,,,,0.67,0.73,9.68,87.79,9,7.89,31
2026-04-12 08:00:01,,,,,0.67,0.73,9.42,90.49,10.75,7.89,31
2026-04-12 13:09:48,,,,,0,,14.07,100,14.75,7.81,31
2026-04-12 13:10:41,,,,,0,,13.72,100,15.25,7.83,31
2026-04-12 13:12:06,,,,,0,,13.52,100,16.25,7.81,28
