fecha,ph,conductividad_us_cm,temperatura_agua_c,oxigeno_disuelto_mg_l,distancia_agua_m,profundidad_m,temperatura_aire_c,humedad_aire_pct,temperatura_sistema_c,voltaje_v,senal_csq
2026-02-17 15:56:16,,,,,0,0.66,35.75,21.11,38,8.29,31
2026-02-17 16:08:00,,,,,0,0.65,34.89,19.98,35.5,8.28,31
2026-02-17 16:10:06,,,,,0,0.66,34.69,19.82,36,8.28,26
2026-02-17 16:11:27,,,,,0,0.66,33.99,19.92,37,7.98,25
2026-02-17 16:40:56,,,,,0,0,33.2,23,36.5,7.98,25
2026-02-17 17:10:53,,,,,0,1.09,32.9,22.18,37,7.97,25
2026-02-17 17:40:51,,,,,0,1.09,33.32,22.98,38.75,7.98,25
2026-02-17 18:10:53,,,,,0,1.09,33.11,25.05,41.75,7.98,25
2026-02-17 18:40:48,,,,,0,1.09,31.3,29.74,41.25,7.98,25
2026-02-17 19:10:44,,,,,0,1.09,32.06,30.91,41,7.97,25
2026-02-17 19:40:36,,,,,0,1.09,28.82,39.8,37,7.94,25
2026-02-17 20:10:22,,,,,0,1.1,27.63,36.81,32.75,7.96,25
2026-02-17 20:40:10,,,,,0,1.1,25.66,42.27,28.75,7.94,25
2026-02-17 21:10:00,,,,,0,1.1,24.72,46.26,26.5,7.94,25
2026-02-17 21:41:31,,,,,0,1.09,24.38,47.35,25.25,7.94,31
2026-02-17 22:11:25,,,,,0,1.09,24.28,48.29,24.5,7.94,31
2026-02-17 22:41:19,,,,,0,1.1,23.76,47.1,24,7.93,31
2026-02-17 23:11:11,,,,,0,1.1,22.93,49.59,23.5,7.92,31
2026-02-17 23:41:05,,,,,0,1.1,19.74,53.59,22,7.94,31
2026-02-18 00:10:56,,,,,0,1.1,18.68,61.74,20,7.95,31
2026-02-18 00:40:49,,,,,0,1.1,18.8,61.57,19.25,7.92,31
2026-02-18 01:10:42,,,,,0,1.1,18.62,62.69,18.5,7.9,31
2026-02-18 01:40:35,,,,,0,1.1,17.82,67.87,18,7.92,31
2026-02-18 02:10:29,,,,,0,1.1,16.81,66.03,17.25,7.94,31
2026-02-18 02:40:24,,,,,0,1.09,16.54,74.3,16.5,7.94,31
2026-02-18 03:10:16,,,,,0,1.1,14.85,72.89,16,7.92,31
2026-02-18 03:40:09,,,,,0,1.1,14.58,78.12,15.25,7.93,31
2026-02-18 04:10:02,,,,,0,1.1,14.02,79.25,14.75,7.9,31
2026-02-18 04:39:55,,,,,0,1.1,12.88,75.66,13.75,7.9,31
2026-02-18 05:09:49,,,,,0,1.09,13.15,76.98,13.5,7.92,31
2026-02-18 05:39:43,,,,,0,1.09,12.34,75.44,13,7.92,31
2026-02-18 06:09:36,,,,,0,1.09,12.21,75.09,12.5,7.9,31
2026-02-18 06:39:29,,,,,0,1.09,11.54,80.87,12,7.91,31
2026-02-18 07:09:22,,,,,0,1.09,12.39,78.7,11.75,7.91,31
2026-02-18 07:39:17,,,,,0,1.09,12.09,86.36,11.75,7.93,31
2026-02-18 08:09:17,,,,,0,1.09,17.19,71.06,14.25,7.88,31
2026-02-18 08:39:26,,,,,0,1.09,20.95,60.89,20.5,7.92,31
2026-02-18 09:09:34,,,,,0,1.09,23.47,53.41,26,7.94,31
2026-02-18 09:41:50,,,,,0,1.09,26.11,48.25,31,7.94,26
2026-02-18 10:11:51,,,,,0,1.09,26.55,48.28,34,7.94,26
2026-02-18 10:41:48,,,,,0,1.09,24.79,50.71,34.5,7.97,26
2026-02-18 11:11:40,,,,,0,1.09,26.89,45.55,33.25,7.95,26
2026-02-18 11:41:36,,,,,0,1.09,28.5,40.53,33,7.95,26
2026-02-18 12:11:30,,,,,0,1.09,29.11,36.11,32.5,7.94,26
2026-02-18 12:41:26,,,,,0,1.09,30.07,35.02,33.25,7.97,26
2026-02-18 13:11:24,,,,,0,1.09,31.41,35.27,35,7.97,26
2026-02-18 13:41:20,,,,,0,1.09,30.51,36.79,34.25,7.98,26
2026-02-18 14:11:15,,,,,0,1.09,29.67,33.04,34.25,7.98,26
2026-02-18 14:41:13,,,,,0,1.09,30.82,31.23,34.5,7.97,26
2026-02-18 15:11:08,,,,,0,1.09,31.46,33.56,34.5,7.97,26
2026-02-18 15:41:06,,,,,0,1.09,30.68,30.87,35.25,7.98,26
2026-02-18 16:11:05,,,,,0,1.09,31.03,30.84,36.5,7.97,26
2026-02-18 16:41:03,,,,,0,1.09,31.38,34.67,37.25,7.98,26
2026-02-18 17:10:59,,,,,0,1.09,31.96,31.61,36.75,7.98,26
2026-02-18 17:41:00,,,,,0,1.09,31.85,33.9,38.5,7.98,26
2026-02-18 18:10:56,,,,,0,1.09,31.01,34.2,38.5,7.98,26
2026-02-18 18:40:51,,,,,0,1.09,29.46,36.4,38,7.98,26
2026-02-18 19:10:45,,,,,0,1.09,29.59,35.72,37.25,7.97,26
2026-02-18 19:40:38,,,,,0,1.09,28.63,36.2,35.5,7.97,26
2026-02-18 20:10:27,,,,,0,1.09,26,37.78,31.5,7.95,26
2026-02-18 20:40:14,,,,,0,1.09,22.85,42.14,27,7.95,26
2026-02-18 21:10:03,,,,,0,1.08,22.44,45.2,24.25,7.94,26
2026-02-19 09:47:40,,,,,0,1.09,25.06,44.21,28.5,7.94,26
2026-02-19 21:52:01,,,,,0,1.09,23.88,47.44,25.5,7.95,25
2026-02-19 22:21:54,,,,,0,1.09,22.61,46.59,23.75,7.94,25
2026-02-19 22:51:46,,,,,0,1.09,20.49,50.35,22.25,7.95,25
2026-02-19 23:21:39,,,,,0,1.09,20.18,48.78,21.25,7.95,25
2026-02-19 23:51:30,,,,,0,1.09,18.62,59.88,20,7.94,25
2026-02-20 00:21:23,,,,,0,1.09,17.79,54.98,18.75,7.92,25
2026-02-20 00:51:17,,,,,0,1.09,17.01,60.34,18,7.92,25
2026-02-20 01:21:09,,,,,0,1.09,16.63,58.55,17.25,7.93,25
2026-02-20 01:51:03,,,,,0,1.09,16.54,60.54,16.5,7.93,25
2026-02-20 02:20:57,,,,,0,1.09,16.17,64.57,16.25,7.94,25
2026-02-20 02:50:52,,,,,0,1.09,15.14,65.73,16,7.9,25
2026-02-20 03:20:45,,,,,0,1.09,15.84,66.88,15.5,7.92,25
2026-02-20 03:50:41,,,,,0,1.09,15.35,61.81,15.25,7.93,25
2026-02-20 04:20:34,,,,,0,1.09,14.12,63.59,14.75,7.93,25
2026-02-20 04:50:27,,,,,0,1.09,14.77,69.2,14,7.91,25
2026-02-20 05:20:24,,,,,0,1.09,14.45,67.67,14.5,7.9,25
2026-02-20 05:50:18,,,,,0,1.09,14.63,68.83,14.5,7.9,25
2026-02-20 06:20:12,,,,,0,1.09,14.18,67.74,14.5,7.9,25
2026-02-20 06:50:05,,,,,0,1.09,13.56,69.91,14,7.93,25
2026-02-20 07:20:00,,,,,0,1.1,13.7,70.08,13.5,7.9,25
2026-02-20 07:49:55,,,,,0,1.1,13.86,74.58,13.5,7.91,25
2026-02-20 08:19:51,,,,,0,1.1,16.23,65.09,15,7.9,25
2026-02-20 08:49:56,,,,,0,1.1,19.54,57.73,19.5,7.92,25
2026-02-20 09:20:04,,,,,0,1.1,21.5,55.85,24.75,7.91,25
2026-02-20 09:52:45,,,,,0,1.1,21.95,54.6,27.25,7.91,31
2026-02-20 10:22:40,,,,,0,1.1,25.29,42.58,27.75,7.92,31
2026-02-20 10:52:39,,,,,0,1.1,27.45,38.88,29.75,7.95,31
2026-02-20 11:22:38,,,,,0,1.1,26.21,41.75,31.25,7.92,31
2026-02-20 11:52:32,,,,,0,1.1,26,43.89,31.25,7.95,31
2026-02-20 12:22:26,,,,,0,1.1,25.18,41.9,30.75,7.94,31
2026-02-20 12:52:22,,,,,0,1.1,27.48,40.19,31,7.93,31
2026-02-20 13:22:17,,,,,0,1.1,26.36,43.99,30.5,7.93,31
2026-02-20 13:52:11,,,,,0,1.1,26.93,44.03,30.5,7.95,31
2026-02-20 14:22:08,,,,,0,1.1,26.75,44.81,30.5,7.96,31
2026-02-20 14:52:04,,,,,0,1.1,28.29,42.68,31,7.94,31
2026-02-20 15:22:01,,,,,0,1.09,28.9,42.37,32,7.98,31
2026-02-20 15:51:59,,,,,0,1.1,28.15,42.62,33,7.97,31
2026-02-20 16:21:56,,,,,0,1.1,28.6,42.31,34.25,7.96,31
2026-02-20 16:51:53,,,,,0,1.1,28.5,44.93,34.75,7.98,31
2026-02-20 17:21:50,,,,,0,1.1,28.85,41.83,35,7.96,31
2026-02-20 17:51:46,,,,,0,1.1,28.89,41.89,35.25,7.96,31
2026-02-20 18:21:42,,,,,0,1.09,27.92,45.57,35.25,7.98,31
2026-02-20 18:51:37,,,,,0,1.09,27.88,45.19,34.75,7.98,31
2026-02-20 19:21:31,,,,,0,1.1,27.31,45.11,34,7.97,31
2026-02-20 19:51:23,,,,,0,1.09,25.58,49.7,31.75,7.96,31
2026-02-20 20:21:12,,,,,0,1.1,22.16,59.04,28.5,7.96,31
2026-02-20 20:50:58,,,,,0,1.09,20.93,61.37,24,7.95,31
2026-02-20 21:20:49,,,,,0,1.09,20.54,62.44,22,7.96,31
2026-02-20 21:53:01,,,,,0,1.09,19.78,67.28,21,7.96,31
2026-02-20 22:22:54,,,,,0,1.09,19.15,68.78,20,7.95,31
2026-02-20 22:52:48,,,,,0,1.09,17.98,69.97,19,7.95,31
2026-02-20 23:22:42,,,,,0,1.09,17.3,70.8,18.25,7.92,31
2026-02-20 23:52:35,,,,,0,1.09,16.94,77.23,17.25,7.94,31
2026-02-21 00:22:27,,,,,0,1.1,15.95,76.41,16.5,7.93,31
2026-02-21 00:52:21,,,,,0,1.1,15.54,81,16,7.93,31
2026-02-21 01:22:15,,,,,0,1.1,15.21,80.91,15.25,7.9,31
2026-02-21 01:52:09,,,,,0,1.1,13.85,78.49,14.75,7.95,31
2026-02-21 02:22:03,,,,,0,1.1,13.51,86.87,14,7.91,31
2026-02-21 02:51:57,,,,,0,1.1,14.85,85.65,14,7.91,31
2026-02-21 03:21:50,,,,,0,1.1,12.76,86.57,13.5,7.94,31
2026-02-21 03:51:44,,,,,0,1.1,12.61,85.1,12.75,7.91,31
2026-02-21 04:21:38,,,,,0,1.1,13.26,89.92,12.5,7.93,31
2026-02-21 04:51:32,,,,,0,1.1,12.04,89.87,12.5,7.9,31
2026-02-21 05:21:27,,,,,0,1.1,11.63,86.28,12,7.9,31
2026-02-21 05:51:20,,,,,0,1.1,11.55,85.97,11.75,7.9,31
2026-02-21 06:21:15,,,,,0,1.1,12.06,85.34,11.5,7.9,31
2026-02-21 06:51:10,,,,,0,1.1,10.84,88.05,11.25,7.89,31
2026-02-21 07:21:04,,,,,0,1.1,10.92,89.44,11,7.89,31
2026-02-21 07:51:00,,,,,0,1.1,12.93,92.26,11.5,7.9,31
2026-02-21 08:20:58,,,,,0,1.1,14.86,83.37,13.5,7.92,31
2026-02-21 08:51:07,,,,,0,1.1,18.69,71.11,19.75,7.9,31
2026-02-21 09:21:14,,,,,0,1.1,19.85,66.63,25.25,7.94,31
2026-02-21 09:53:40,,,,,0,1.1,20.8,62.39,30.25,7.95,31
2026-02-21 10:23:35,,,,,0,1.1,23.21,56.1,31.5,7.94,31
2026-02-21 10:53:33,,,,,0,1.1,27.03,48.61,33.25,7.95,31
2026-02-21 11:23:28,,,,,0,1.1,28.34,45.44,33.25,7.97,31
2026-02-21 11:53:23,,,,,0,1.1,27.74,46.18,33,7.94,31
2026-02-21 12:23:20,,,,,0,1.1,30.91,42.96,34.5,7.94,31
2026-02-21 12:53:18,,,,,0,1.1,30.41,40.11,35.75,7.97,31
2026-02-21 13:23:14,,,,,0,1.1,32.41,34.65,36,7.96,31
2026-02-21 13:53:12,,,,,0,1.1,33.6,32.29,37.75,7.98,31
2026-02-21 14:23:11,,,,,0,1.1,30.68,38.71,39,7.98,31
2026-02-21 14:53:02,,,,,0,1.1,32.51,33.78,37,7.98,31
2026-02-21 15:22:57,,,,,0,1.1,32.41,34.39,36.5,7.98,31
2026-02-21 15:52:52,,,,,0,1.1,31.85,35.66,37,7.98,31
2026-02-21 16:22:49,,,,,0,1.1,31.81,37.74,37.5,7.98,31
2026-02-21 16:52:46,,,,,0,1.1,31.61,39.4,38,7.98,31
2026-02-21 17:22:42,,,,,0,1.1,31.97,38.42,38,7.98,31
2026-02-21 17:52:39,,,,,0,1.1,31.53,39.97,38,7.98,31
2026-02-21 18:22:33,,,,,0,1.1,29.54,42.83,37.25,7.98,31
2026-02-21 18:52:26,,,,,0,1.1,29.73,42.66,36,7.98,31
2026-02-21 19:22:20,,,,,0,1.1,28.35,47.03,34.75,7.97,31
2026-02-21 19:52:12,,,,,0,1.09,26.54,48.78,32.75,7.96,31
2026-02-21 20:22:01,,,,,0,1.09,23.47,57.37,28.75,7.95,31
2026-02-21 20:51:48,,,,,0,1.09,23.19,56.06,25,7.95,31
2026-02-21 21:21:41,,,,,0,1.09,23.62,55.91,24.25,7.95,31
2026-02-21 21:54:04,,,,,0,1.1,23.76,54.1,24.25,7.95,31
2026-02-21 22:23:57,,,,,0,1.1,21.56,62.3,23.25,7.94,31
2026-02-21 22:53:49,,,,,0,1.1,20.33,64.67,21.75,7.95,31
2026-02-21 23:23:42,,,,,0,1.1,19.35,69.01,20.75,7.95,31
2026-02-21 23:53:34,,,,,0,1.1,18.56,72.21,19.25,7.94,31
2026-02-22 00:23:28,,,,,0,1.1,16.75,71.64,18.25,7.95,31
2026-02-22 00:53:20,,,,,0,1.1,17.37,74.27,17.25,7.91,31
2026-02-22 01:23:15,,,,,0,1.1,15.87,73.89,16.5,7.94,31
2026-02-22 01:53:08,,,,,0,1.1,15.21,75.87,16,7.91,31
2026-02-22 02:23:02,,,,,0,1.1,14.91,75.49,15.5,7.92,31
2026-02-22 02:52:57,,,,,0,1.1,14.15,76.89,14.75,7.94,31
2026-02-22 03:22:51,,,,,0,1.1,14.69,82.51,14.5,7.94,31
2026-02-22 03:52:45,,,,,0,1.1,13.33,80.72,14,7.9,31
2026-02-22 04:22:38,,,,,0,1.1,13.22,82.14,13.5,7.92,31
2026-02-22 04:52:33,,,,,0,1.1,13.16,80.56,13,7.9,31
2026-02-22 05:22:28,,,,,0,1.1,13.43,82.16,12.75,7.93,31
2026-02-22 05:52:23,,,,,0,1.1,12.44,80.84,12.5,7.92,31
2026-02-22 06:22:15,,,,,0,1.1,12.63,82.96,12.25,7.92,31
2026-02-22 06:52:09,,,,,0,1.1,12.15,86.11,12,7.92,31
2026-02-22 07:22:04,,,,,0,1.1,12.24,82.94,12.25,7.9,31
2026-02-22 07:51:58,,,,,0,1.1,12.44,83.21,12.25,7.91,31
2026-02-22 08:21:54,,,,,0,1.1,15.56,74.87,13.75,7.92,31
2026-02-22 08:52:04,,,,,0,1.1,18.99,65.38,20.75,7.93,31
2026-02-22 09:22:13,,,,,0,1.1,24.52,51.02,27.5,7.92,31
2026-02-22 09:54:27,,,,,0,1.1,26.82,46.5,32.5,7.96,31
2026-02-22 10:24:28,,,,,0,1.1,28.27,43.39,36,7.96,31
2026-02-22 10:54:26,,,,,0,1.1,28.72,42.38,37,7.94,31
2026-02-22 11:24:22,,,,,0,1.1,29.65,40.99,37.75,7.97,31
2026-02-22 11:54:19,,,,,0,1.1,32.48,35.62,38.25,7.98,31
2026-02-22 12:24:14,,,,,0,1.1,33.02,36.39,38,7.98,31
2026-02-22 12:54:12,,,,,0,1.11,33.67,35.85,38.75,7.98,31
2026-02-22 13:24:06,,,,,0,1.11,32.28,36.36,37.75,7.98,31
2026-02-22 13:53:58,,,,,0,1.1,31.85,37.03,36.25,7.98,31
2026-02-22 14:23:54,,,,,0,1.1,30.97,38.61,36.25,7.98,31
2026-02-22 14:53:51,,,,,0,1.1,33.85,32.73,37,7.98,31
2026-02-22 15:23:48,,,,,0,1.1,33.34,33.29,37.75,7.98,31
2026-02-22 15:53:45,,,,,0,1.1,32.23,33.97,37.75,7.98,31
2026-02-22 16:23:40,,,,,0,1.11,32.3,34.26,38,7.98,31
2026-02-22 16:53:37,,,,,0,1.1,32.27,37.05,38.5,7.98,31
2026-02-22 17:23:32,,,,,0,1.11,32.11,38.92,38.25,7.97,31
2026-02-22 17:53:28,,,,,0,1.11,31.75,41.49,38,7.98,31
2026-02-22 18:23:22,,,,,0,1.1,29.43,44.19,37.25,7.98,31
2026-02-22 18:53:16,,,,,0,1.1,30.17,43.32,36,7.98,31
2026-02-22 19:23:09,,,,,0,1.1,29.68,43.06,35.25,7.97,31
2026-02-22 19:53:03,,,,,0,1.1,27.66,49.07,33.75,7.93,31
2026-02-22 20:22:51,,,,,0,1.1,25.05,53.77,30,7.94,31
2026-02-22 20:52:40,,,,,0,1.1,24.21,53.86,26.5,7.95,31
2026-02-22 21:22:32,,,,,0,1.1,23.87,51.63,25,7.85,31
2026-02-22 21:54:41,,,,,0,1.1,24.68,49.21,24.5,7.94,31
2026-02-22 22:24:36,,,,,0,1.1,24.07,54.62,24.25,7.94,31
2026-02-22 22:54:29,,,,,0,1.1,21.4,64.41,23.25,7.9,31
2026-02-22 23:24:21,,,,,0,1.1,19.78,66.62,22,7.96,31
2026-02-22 23:54:14,,,,,0,1.1,18.97,71.04,20.25,7.94,31
2026-02-23 00:24:05,,,,,0,1.1,17.77,73.94,19,7.94,31
2026-02-23 00:53:58,,,,,0,1.1,16.94,77.89,18,7.95,31
2026-02-23 01:23:50,,,,,0,1.1,16.63,79.42,17,7.91,31
2026-02-23 01:53:44,,,,,0,1.1,16.18,77.7,16.5,7.94,31
2026-02-23 02:23:38,,,,,0,1.1,15.57,77.8,16,7.94,31
2026-02-23 02:53:43,,,,,0,1.11,15.35,78.21,15.75,7.93,31
2026-02-23 03:23:37,,,,,0,1.11,14.28,79.48,15.25,7.92,31
2026-02-23 03:53:29,,,,,0,1.11,13.86,81.69,14.5,7.94,31
2026-02-23 04:23:23,,,,,0,1.11,14.21,81.48,14.25,7.93,31
2026-02-23 04:53:17,,,,,0,1.11,13.41,81.29,13.75,7.91,31
2026-02-23 05:23:11,,,,,0,1.11,13.69,84.94,13.5,7.92,31
2026-02-23 05:53:04,,,,,0,1.11,13.13,84,13.25,7.91,31
2026-02-23 06:22:59,,,,,0,1.11,13.07,81.51,13,7.9,31
2026-02-23 06:52:52,,,,,0,1.11,13.59,90.25,12.75,7.92,31
2026-02-23 07:22:48,,,,,0,1.11,12.55,84.2,12.75,7.9,31
2026-02-23 07:52:42,,,,,0,1.11,12.62,84.56,12.75,7.92,31
2026-02-23 08:22:41,,,,,0,1.11,16.44,74.76,14.5,7.92,31
2026-02-23 08:52:52,,,,,0,1.11,21.79,61.57,21.5,7.94,31
2026-02-23 09:22:55,,,,,0,1.11,21.87,60.9,25.25,7.94,31
2026-02-23 09:55:15,,,,,0,1.11,24.52,52.98,29,7.94,31
2026-02-23 10:25:15,,,,,0,1.11,27.16,47.69,31.5,7.97,31
2026-02-23 10:55:14,,,,,0,1.11,28.08,46.05,34,7.93,31
2026-02-23 11:25:15,,,,,0,1.11,28.48,44.72,36,7.97,31
2026-02-23 11:55:13,,,,,0,1.11,30.23,43.98,37.75,7.97,31
2026-02-23 12:25:09,,,,,0,1.11,33.29,37.64,37.75,7.98,31
2026-02-23 12:55:05,,,,,0,1.11,34.04,35.35,37.5,7.97,31
2026-02-23 13:24:59,,,,,0,1.11,33.2,39.27,37.25,7.97,31
2026-02-23 14:24:48,,,,,0,1.12,30.33,42.13,35.75,7.98,31
2026-02-23 14:54:42,,,,,0,1.12,32.09,38.82,35.25,7.98,31
2026-02-23 15:24:39,,,,,0,1.12,32.49,37.28,35.75,7.95,31
2026-02-23 15:54:39,,,,,0,1.11,31.63,39.64,37.25,7.98,31
2026-02-23 16:24:36,,,,,0,1.12,31.81,37.71,38,7.98,31
2026-02-23 16:54:33,,,,,0,1.11,32.77,36.68,38.5,7.98,31
2026-02-23 17:24:31,,,,,0,1.11,33.65,34.32,39.5,7.98,31
2026-02-23 17:54:28,,,,,0,1.11,32.6,39.03,39.75,7.97,31
2026-02-23 18:24:22,,,,,0,1.11,30.76,39.91,39.5,7.94,31
2026-02-23 18:54:17,,,,,0,1.11,31.44,37.73,38.5,7.97,31
2026-02-23 19:24:11,,,,,0,1.11,30.33,39.14,37,7.93,31
2026-02-23 19:54:03,,,,,0,1.12,28.48,42.83,34.5,7.94,31
2026-02-23 20:23:52,,,,,0,1.11,25.54,47.35,30,7.94,31
2026-02-23 20:53:41,,,,,0,1.11,25.03,44.05,27,7.96,31
2026-02-23 21:23:34,,,,,0,1.11,24.73,45.12,25.75,7.91,31
2026-02-23 21:56:27,,,,,0,1.11,25,41.26,25.25,7.94,31
2026-02-23 22:26:23,,,,,0,1.11,24.93,41.51,25,7.94,31
2026-02-23 22:56:17,,,,,0,1.11,24.43,47.54,24.75,7.94,31
2026-02-23 23:26:08,,,,,0,1.11,20.56,58.93,23.25,7.89,31
2026-02-23 23:56:00,,,,,0,1.11,19.44,64.42,21.25,7.95,31
2026-02-24 00:25:51,,,,,0,1.11,18.43,66.4,19.75,7.92,31
2026-02-24 00:55:45,,,,,0,1.11,17.03,75.22,18.5,7.95,31
2026-02-24 01:25:38,,,,,0,1.11,16.4,75,17.5,7.94,31
2026-02-24 01:55:32,,,,,0,1.11,15.31,70.82,16.25,7.93,31
2026-02-24 02:25:25,,,,,0,1.11,14.76,74.27,15.5,7.93,31
2026-02-24 02:55:19,,,,,0,1.11,14.83,75.8,15,7.91,31
2026-02-24 03:25:12,,,,,0,1.11,14.36,75.08,14.75,7.91,31
2026-02-24 03:55:06,,,,,0,1.11,13.87,72.4,14.25,7.91,31
2026-02-24 04:25:00,,,,,0,1.11,14.52,79.7,14,7.91,31
2026-02-24 04:54:55,,,,,0,1.11,13.99,82.91,14,7.91,31
2026-02-24 05:24:48,,,,,0,1.1,12.86,80.45,13.5,7.9,31
2026-02-24 05:54:42,,,,,0,1.11,13.18,82.2,13,7.93,31
2026-02-24 06:24:36,,,,,0,1.1,12.76,76.86,12.75,7.92,31
2026-02-24 06:54:31,,,,,0,1.1,13.51,77.78,12.75,7.92,31
2026-02-24 07:24:26,,,,,0,1.1,12.35,83.12,12.5,7.89,31
2026-02-24 07:54:21,,,,,0,1.1,12.88,80.9,12.25,7.89,31
2026-02-24 08:24:20,,,,,0,1.1,16.72,70.4,14.75,7.91,31
2026-02-24 08:54:33,,,,,0,1.1,22.03,56.3,22.5,7.92,31
2026-02-24 09:24:43,,,,,0,1.1,26.4,50.35,28.75,7.95,31
2026-02-24 09:57:05,,,,,0,1.1,25.71,47.99,33.5,7.96,27
2026-02-24 10:27:08,,,,,0,1.1,28.13,40.96,37.25,7.97,27
2026-02-24 10:57:08,,,,,0,1.1,30.5,41.76,38.75,7.97,27
2026-02-24 11:27:04,,,,,0,1.1,31.17,40.15,39.25,7.95,27
2026-02-24 11:56:59,,,,,0,1.1,33.44,37.27,39.25,7.98,27
2026-02-24 12:26:53,,,,,0,1.1,32.49,34.37,39,7.96,27
2026-02-24 12:56:48,,,,,0,1.1,31.83,34.67,38.5,7.98,27
2026-02-24 13:26:43,,,,,0,1.1,34.34,30.59,38.25,7.98,27
2026-02-24 13:56:41,,,,,0,1.1,33.75,30.82,38.75,7.98,27
2026-02-24 14:26:35,,,,,0,1.1,31.95,34.28,37.5,7.98,27
2026-02-24 14:56:29,,,,,0,1.1,33.55,32.99,37.75,7.96,27
2026-02-24 15:26:24,,,,,0,1.1,33.28,34.89,37.75,7.98,27
2026-02-24 15:56:20,,,,,0,1.1,32.12,36.9,37.75,7.98,27
2026-02-24 16:26:16,,,,,0,1.1,32.43,37.05,38.25,7.98,27
2026-02-24 16:56:14,,,,,0,1.1,32.25,37.97,39,7.98,27
2026-02-24 17:26:11,,,,,0,1.1,31.86,37.3,39,7.98,27
2026-02-24 17:56:07,,,,,0,1.09,31.92,39.02,38.75,7.98,27
2026-02-24 18:26:03,,,,,0,1.09,30.1,39.89,38,7.98,27
2026-02-24 18:55:56,,,,,0,1.1,30.37,38.71,36.75,7.98,27
2026-02-24 19:25:49,,,,,0,1.1,29.09,39.64,34.75,7.98,27
2026-02-24 19:55:40,,,,,0,1.1,28.07,41.26,32.25,7.98,27
2026-02-24 20:25:30,,,,,0,1.09,24.31,47,29.25,7.92,27
2026-02-24 20:55:20,,,,,0,1.09,24.14,45,26,7.92,27
2026-02-24 21:25:12,,,,,0,1.09,24.17,43.81,24.75,7.94,27
2026-02-24 21:57:15,,,,,0,1.09,23.18,54.37,24.25,7.95,31
2026-02-24 22:27:07,,,,,0,1.09,21.89,50.98,23,7.92,31
2026-02-24 22:56:59,,,,,0,1.09,22.35,48.66,22.25,7.92,31
2026-02-24 23:26:53,,,,,0,1.09,21.55,46.27,22,7.92,31
2026-02-24 23:56:48,,,,,0,1.09,20.31,51.17,21.25,7.93,31
2026-02-25 00:26:40,,,,,0,1.09,18.95,59.95,20.25,7.91,31
2026-02-25 00:56:33,,,,,0,1.09,17.98,60.54,19.25,7.94,31
2026-02-25 01:26:27,,,,,0,1.1,17.31,60.6,18,7.94,31
2026-02-25 01:56:19,,,,,0,1.1,15.62,64.47,17,7.94,31
2026-02-25 02:26:13,,,,,0,1.1,15.24,64.57,16.5,7.93,31
2026-02-25 02:56:07,,,,,0,1.1,15.78,69.04,15.75,7.91,31
2026-02-25 03:26:00,,,,,0,1.1,14.62,73.1,15.25,7.93,31
2026-02-25 03:55:54,,,,,0,1.1,13.86,70.91,14.75,7.91,31
2026-02-25 04:25:46,,,,,0,1.1,13.53,70.49,14,7.9,31
2026-02-25 04:55:40,,,,,0,1.1,13.21,72.02,13.5,7.94,31
2026-02-25 05:25:35,,,,,0,1.1,12.87,74.74,13.25,7.89,31
2026-02-25 05:55:29,,,,,0,1.1,13.9,78.31,13,7.9,31
2026-02-25 06:25:24,,,,,0,1.1,12.14,74.21,12.75,7.9,31
2026-02-25 06:55:18,,,,,0,1.1,11.9,74.89,12.5,7.93,31
2026-02-25 07:25:13,,,,,0,1.1,11.9,77.44,12.5,7.9,31
2026-02-25 07:55:07,,,,,0,1.1,12.1,77.5,12.25,7.91,31
2026-02-25 08:25:04,,,,,0,1.1,16.75,70.98,14,7.9,31
2026-02-25 08:55:16,,,,,0,1.1,19.34,60.17,21.25,7.93,31
2026-02-25 09:25:24,,,,,0,1.1,20.5,53.49,27.25,7.94,31
2026-02-25 09:57:41,,,,,0,1.1,27.25,41.36,32.75,7.96,31
2026-02-25 10:27:44,,,,,0,1.1,26.72,39.92,36.5,7.97,31
2026-02-25 10:57:44,,,,,0,1.1,28.19,36.03,38.5,7.98,31
2026-02-25 11:27:41,,,,,0,1.1,30.53,36.69,38.75,7.94,31
2026-02-25 11:57:37,,,,,0,1.1,30.97,33.15,38.75,7.94,31
2026-02-25 12:27:32,,,,,0,1.1,30.28,35.09,38.25,7.98,31
2026-02-25 12:57:24,,,,,0,1.1,30.39,32.47,37,7.98,31
2026-02-25 13:27:14,,,,,0,1.1,29.88,37.36,34.25,7.98,31
2026-02-25 13:57:08,,,,,0,1.1,30.06,34.54,33.5,7.98,31
2026-02-25 14:27:04,,,,,0,1.1,29.45,36.19,33.75,7.96,31
2026-02-25 14:57:01,,,,,0,1.09,30.81,34.19,34.25,7.97,31
2026-02-25 15:26:57,,,,,0,1.1,30.66,34.89,34.25,7.98,31
2026-02-25 15:56:55,,,,,0,1.1,29.27,35.2,34.5,7.98,31
2026-02-25 16:26:51,,,,,0,1.09,29.13,34.03,35,7.98,31
2026-02-25 16:56:48,,,,,0,1.09,29.94,31.22,35.5,7.98,31
2026-02-25 17:26:45,,,,,0,1.09,30.02,30.35,36,7.98,31
2026-02-25 17:56:40,,,,,0,1.09,30.02,30.24,36,7.96,31
2026-02-25 18:26:36,,,,,0,1.09,28.75,29.52,36,7.98,31
2026-02-25 18:56:32,,,,,0,1.09,29.72,28.01,36,7.98,31
2026-02-25 19:26:25,,,,,0,1.09,25.09,32.89,33.5,7.97,31
2026-02-25 19:56:14,,,,,0,1.09,27.2,30.44,31,7.96,31
2026-02-25 20:26:06,,,,,0,1.09,23.64,32.18,28,7.95,31
2026-02-25 20:55:55,,,,,0,1.09,23.07,31.69,25,7.95,31
2026-02-25 21:25:48,,,,,0,1.09,22.7,34.36,23.75,7.94,31
2026-02-25 21:57:49,,,,,0,1.09,21.09,34.17,22.75,7.95,31
2026-02-25 22:27:41,,,,,0,1.09,21.13,35.38,21.5,7.95,31
2026-02-25 22:57:34,,,,,0,1.09,20.19,34.6,20.75,7.94,31
2026-02-25 23:27:27,,,,,0,1.09,19.7,33.57,20,7.93,31
2026-02-25 23:57:20,,,,,0,1.09,17.17,37.15,19,7.95,31
2026-02-26 00:27:12,,,,,0,1.09,16.11,40.77,17.5,7.92,31
2026-02-26 00:57:04,,,,,0,1.09,15.29,42.7,16.5,7.94,31
2026-02-26 01:26:56,,,,,0,1.09,14.4,43.96,15.25,7.91,31
2026-02-26 01:56:50,,,,,0,1.09,13.73,49.57,14.5,7.91,31
2026-02-26 02:26:44,,,,,0,1.09,13.51,53.25,14,7.91,31
2026-02-26 02:56:37,,,,,0,1.09,12.79,54.73,13.25,7.92,31
2026-02-26 03:26:31,,,,,0,1.09,12.21,54.12,12.75,7.9,31
2026-02-26 03:56:25,,,,,0,1.09,12.37,52.99,12.25,7.93,31
2026-02-26 04:26:20,,,,,0,1.09,11.97,58.63,12,7.94,31
2026-02-26 04:56:12,,,,,0,1.09,11.32,55.09,12,7.9,31
2026-02-26 05:26:06,,,,,0,1.09,11.11,55.9,11.75,7.9,31
2026-02-26 05:55:59,,,,,0,1.09,10.89,58.51,11.25,7.92,31
2026-02-26 06:25:53,,,,,0,1.09,10.55,56.5,10.75,7.92,31
2026-02-26 06:55:47,,,,,0,1.09,11.05,75.98,10.5,7.93,31
2026-02-26 07:25:42,,,,,0,1.08,9.84,65.37,10.5,7.92,31
2026-02-26 07:53:33,,,,,0,1.08,10.84,69.7,10.25,7.93,31
2026-02-26 07:53:37,,,,,0,1.08,15.16,56.9,12.75,7.89,31
2026-02-26 07:53:47,,,,,0,1.08,18.55,48.67,20.75,7.93,31
2026-02-26 07:53:55,,,,,0,1.08,22.57,38.24,27.25,7.95,31
2026-02-26 07:54:10,,,,,0,1.08,24.08,32.3,31.5,7.96,31
2026-02-26 07:54:14,,,,,0,1.08,25.06,28.77,33.25,7.97,31
2026-02-26 07:54:24,,,,,0,1.08,26.63,28.57,33.75,7.96,31
2026-02-26 07:54:28,,,,,0,1.08,27.8,24.98,34.75,7.97,31
2026-02-26 07:54:31,,,,,0,1.08,27.36,27.82,36.25,7.98,31
2026-02-26 07:54:35,,,,,0,1.08,30.83,28.91,36,7.95,31
2026-02-26 07:54:43,,,,,0,1.08,30.67,26.82,36,7.98,31
2026-02-26 07:54:47,,,,,0,1.08,30.69,22.77,34.75,7.98,31
2026-02-26 07:54:51,,,,,0,1.09,29.96,22.49,34.75,7.95,31
2026-02-26 07:54:55,,,,,0,1.08,31.18,22.79,34.5,7.98,31
2026-02-26 07:54:59,,,,,0,1.08,31.47,22.66,35,7.98,31
2026-02-26 07:55:02,,,,,0,1.08,30.65,25.85,36,7.98,31
2026-02-26 07:55:06,,,,,0,1.08,30.46,29.44,36.75,7.96,31
2026-02-26 07:55:10,,,,,0,1.08,30.67,28.87,37,7.98,31
2026-02-26 07:55:14,,,,,0,1.08,30.85,29.69,37,7.98,31
2026-02-26 07:55:18,,,,,0,1.08,30.79,27.24,37.5,7.98,31
2026-02-26 07:55:22,,,,,0,1.08,29.97,24.05,37.5,7.98,31
2026-02-26 07:55:26,,,,,0,1.08,30.74,21.22,37.5,7.98,31
2026-02-26 07:55:30,,,,,0,1.08,29.1,25.46,36,7.97,31
2026-02-26 07:55:33,,,,,0,1.08,25.92,26.55,31.75,7.97,31
2026-02-26 07:55:37,,,,,0,1.07,23.3,33.97,27.25,7.97,31
2026-02-26 07:55:41,,,,,0,1.08,22.35,31.87,24.25,7.95,31
2026-02-26 07:55:45,,,,,0,1.08,22.19,31.93,23.25,7.89,31
2026-02-26 07:55:49,,,,,0,1.07,21.92,29.48,22.25,7.96,31
2026-02-26 07:55:53,,,,,0,1.07,22.21,28.63,22,7.95,31
2026-02-26 07:55:57,,,,,0,1.07,22.82,29.95,22.25,7.95,31
2026-02-26 07:56:00,,,,,0,1.07,20.36,33.8,22,7.94,31
2026-02-26 07:56:04,,,,,0,1.07,19.43,39.33,20.25,7.94,31
2026-02-26 07:56:08,,,,,0,1.07,15.64,38.37,18.25,7.94,31
2026-02-26 07:56:12,,,,,0,1.07,15.29,50.39,16.5,7.94,31
2026-02-26 07:56:16,,,,,0,1.07,14.44,47.97,15,7.91,31
2026-02-26 07:56:20,,,,,0,1.07,13.78,49.33,14.25,7.94,31
2026-02-26 07:56:24,,,,,0,1.07,11.94,47.31,13.25,7.94,31
2026-02-26 07:56:28,,,,,0,1.07,12.45,58.68,12.25,7.91,31
2026-02-26 07:56:31,,,,,0,1.07,11.08,48.26,12,7.9,31
2026-02-26 07:56:35,,,,,0,1.07,11.02,47.58,11.25,7.93,31
2026-02-26 07:56:39,,,,,0,1.07,11.04,55.3,11,7.9,31
2026-02-26 07:56:43,,,,,0,1.07,10.19,55.7,10.75,7.92,31
2026-02-26 07:56:47,,,,,0,1.07,10.21,61,10.25,7.9,31
2026-02-26 07:56:51,,,,,0,1.07,10.58,57.19,10.25,7.9,31
2026-02-26 07:56:55,,,,,0,1.07,9.98,58.29,10.25,7.92,31
2026-02-26 07:56:58,,,,,0,1.07,10.96,59.04,10.5,7.92,31
2026-02-26 07:57:02,,,,,0,1.08,11.42,64.45,10.75,7.92,31
2026-02-26 07:57:06,,,,,0,1.08,11.29,60.23,11,7.92,31
2026-02-26 07:57:10,,,,,0,1.08,13.09,60.58,11.75,7.91,31
2026-02-26 07:57:14,,,,,0,1.08,16.66,46.43,15,7.92,31
2026-02-26 07:57:18,,,,,0,1.08,17.28,45.39,18,7.93,31
2026-02-26 07:57:22,,,,,0,1.08,23.5,33.16,24,7.95,31
2026-02-26 07:57:25,,,,,0,1.08,23.58,29.01,27,7.94,31
2026-02-26 07:57:29,,,,,0,1.08,25.84,27.13,28.5,7.96,31
2026-02-26 07:57:33,,,,,0,1.08,27.89,24.49,31.5,7.93,31
2026-02-26 07:57:37,,,,,0,1.08,30.99,21.41,35.75,7.94,31
2026-02-26 07:57:41,,,,,0,1.08,30.04,22.18,35.75,7.95,31
2026-02-26 07:57:45,,,,,0,1.08,29.11,27.89,34.75,7.98,31
2026-02-26 07:57:49,,,,,0,1.08,28.48,28.76,33,7.96,31
2026-02-26 07:57:53,,,,,0,1.08,29.5,27.21,33,7.95,31
2026-02-26 07:57:56,,,,,0,1.08,28.71,29.03,33.5,7.97,31
2026-02-26 07:58:00,,,,,0,1.08,29.59,28.94,34.25,7.97,31
2026-02-26 07:58:04,,,,,0,1.08,30.36,26.62,33.75,7.97,31
2026-02-26 07:58:08,,,,,0,1.07,30.11,29.81,35.25,7.98,31
2026-02-26 07:58:12,,,,,0,1.08,29.29,28.97,35.75,7.96,31
2026-02-26 07:58:16,,,,,0,1.08,30.4,26.53,36,7.95,31
2026-02-26 07:58:20,,,,,0,1.07,30.94,26.77,37,7.96,31
2026-02-26 07:58:24,,,,,0,1.08,31.04,26.37,37.25,7.98,31
2026-02-26 07:58:27,,,,,0,1.08,28.53,31.64,36.75,7.98,31
2026-02-26 07:58:31,,,,,0,1.08,28.81,34.3,35,7.97,31
2026-02-26 07:58:35,,,,,0,1.07,27.5,37.05,34.5,7.97,31
2026-02-26 07:58:39,,,,,0,1.07,25.21,43.28,31.5,7.92,31
2026-02-26 07:58:43,,,,,0,1.07,22.26,49.81,27.25,7.95,31
2026-02-26 07:58:47,,,,,0,1.07,21.69,49.06,24,7.95,31
2026-02-26 07:58:51,,,,,0,1.07,21.35,51.93,22.25,7.95,31
2026-02-26 07:58:54,,,,,0,1.07,20.11,58.78,21.5,7.93,31
2026-02-26 07:58:58,,,,,0,1.07,18.66,68.26,20.25,7.95,31
2026-02-26 07:59:02,,,,,0,1.07,18.12,71.43,19.25,7.92,31
2026-02-26 07:59:06,,,,,0,1.07,18.44,71.66,18.75,7.94,31
2026-02-26 07:59:10,,,,,0,1.07,18.23,75.12,18.5,7.92,31
2026-02-26 07:59:14,,,,,0,1.07,17.04,74.78,18,7.91,31
2026-02-26 07:59:18,,,,,0,1.07,16.54,75.71,17.25,7.94,31
2026-02-26 07:59:22,,,,,0,1.07,15.86,81.79,16.5,7.91,31
2026-02-26 07:59:25,,,,,0,1.07,14.78,88.28,15.5,7.92,31
2026-02-26 07:59:29,,,,,0,1.07,14.35,85,14.75,7.91,31
2026-02-26 07:59:33,,,,,0,1.07,12.47,85.78,13.75,7.94,31
2026-02-26 07:59:37,,,,,0,1.07,12.26,89.24,13,7.9,31
2026-02-26 07:59:41,,,,,0,1.07,12.82,89.62,12.25,7.92,31
2026-02-26 07:59:45,,,,,0,1.07,11.29,85.5,12,7.93,31
2026-02-26 07:59:49,,,,,0,1.07,11.32,89.59,11.5,7.92,31
2026-02-26 07:59:52,,,,,0,1.07,11.11,89,11.25,7.93,31
2026-02-26 07:59:56,,,,,0,1.07,11.12,88.52,11,7.91,31
2026-02-26 08:00:00,,,,,0,1.07,10.32,88.67,10.75,7.9,31
2026-02-26 08:00:04,,,,,0,1.07,10.37,88.87,10.25,7.9,31
2026-02-26 08:00:08,,,,,0,1.07,9.45,91.29,10,7.92,31
2026-02-26 08:00:12,,,,,0,1.07,9.67,91.66,9.5,7.91,31
2026-02-26 08:00:16,,,,,0,1.07,12.06,84.99,10.25,7.89,31
2026-02-26 08:00:19,,,,,0,1.07,17.81,71.29,17.5,7.93,31
2026-02-26 08:00:23,,,,,0,1.07,22.27,58.15,25,7.92,31
2026-02-26 08:00:27,,,,,0,1.07,24.2,56.04,30.5,7.94,31
2026-02-26 08:00:31,,,,,0,1.07,23.6,53.42,31.75,7.93,31
2026-02-26 08:00:35,,,,,0,1.07,25.83,45.89,32.25,7.96,31
2026-02-26 08:00:39,,,,,0,1.08,27.42,41.27,33,7.97,31
2026-02-26 08:00:43,,,,,0,1.08,27.93,38.67,35.25,7.92,31
2026-02-26 08:00:47,,,,,0,1.08,29.47,35.99,36.75,7.97,31
2026-02-26 08:00:50,,,,,0,1.08,31.87,35.12,37,7.98,31
2026-02-26 08:00:54,,,,,0,1.08,33.2,32.01,36.75,7.98,31
2026-02-26 08:00:58,,,,,0,1.08,34.98,28.28,37.75,7.97,31
2026-02-26 08:01:02,,,,,0,1.08,34.11,30.23,38.75,7.97,31
2026-02-26 08:01:06,,,,,0,1.08,32.94,32.23,40,7.98,31
2026-02-26 08:01:10,,,,,0,1.08,33.07,30.64,38.25,7.98,31
2026-02-26 08:01:14,,,,,0,1.08,32.11,32.22,37.75,7.97,31
2026-02-26 08:01:17,,,,,0,1.08,32.04,31.94,38,7.98,31
2026-02-26 08:01:21,,,,,0,1.08,32.48,32.86,38.75,7.98,31
2026-02-26 08:01:25,,,,,0,1.08,32.99,31.39,39.5,7.98,31
2026-02-26 08:01:29,,,,,0,1.08,33.58,32.7,40,7.98,31
2026-02-26 08:01:33,,,,,0,1.08,31.87,37.06,40.25,7.99,31
2026-02-26 08:01:37,,,,,0,1.08,32.4,37.63,39.5,7.97,31
2026-02-26 08:01:41,,,,,0,1.08,32.25,35.59,38.5,7.97,31
2026-02-26 08:01:45,,,,,0,1.08,29.59,38.6,36,7.97,31
2026-02-26 08:01:48,,,,,0,1.08,25.85,41.49,31.75,7.96,31
2026-02-26 08:01:52,,,,,0,1.08,24.66,46.14,27.5,7.95,31
2026-02-26 08:01:56,,,,,0,1.08,24.11,46.65,25.5,7.94,31
2026-02-26 08:02:00,,,,,0,1.08,23.8,44.73,24.75,7.92,31
2026-02-26 08:02:04,,,,,0,1.08,23.68,45.98,24,7.94,31
2026-02-26 08:02:08,,,,,0,1.08,22.47,46.85,23.25,7.96,31
2026-02-26 08:02:12,,,,,0,1.08,22.43,45.68,22.5,7.95,31
2026-02-26 08:02:15,,,,,0,1.09,22.16,44.97,22.25,7.96,31
2026-02-26 08:02:19,,,,,0,1.09,21.88,47.47,22.25,7.96,31
2026-02-26 08:02:23,,,,,0,1.09,20.34,50.15,21.5,7.96,31
2026-02-26 08:02:27,,,,,0,1.09,19.07,58.22,20.25,7.96,31
2026-02-26 08:02:31,,,,,0,1.09,17.51,63.93,18.75,7.93,31
2026-02-26 08:02:35,,,,,0,1.09,15.65,63.9,17.5,7.92,31
2026-02-26 08:02:39,,,,,0,1.09,15.18,62.06,16.25,7.91,31
2026-02-26 08:02:43,,,,,0,1.09,14.49,63.82,15.25,7.91,31
2026-02-26 08:02:46,,,,,0,1.09,14.66,72.22,14.75,7.91,31
2026-02-26 08:02:50,,,,,0,1.09,14.53,71.83,14.5,7.93,31
2026-02-26 08:02:54,,,,,0,1.09,13.24,71.63,13.75,7.9,31
2026-02-26 08:02:58,,,,,0,1.09,12.71,71.96,13.25,7.93,31
2026-02-26 08:03:02,,,,,0,1.09,13.51,74.05,13,7.9,31
2026-02-26 08:03:06,,,,,0,1.09,12.39,73.75,12.5,7.92,31
2026-02-26 08:03:10,,,,,0,1.09,11.98,73.39,12.25,7.9,31
2026-02-26 08:03:13,,,,,0,1.09,11.33,77.43,11.75,7.92,31
2026-02-26 08:03:17,,,,,0,1.09,11.46,77.08,11.75,7.92,31
2026-02-26 08:03:21,,,,,0,1.09,13.25,80.16,12,7.92,31
2026-02-26 08:03:25,,,,,0,1.1,18.48,61.5,18,7.92,31
2026-02-26 08:03:29,,,,,0,1.1,20.43,55.25,25.5,7.94,31
2026-02-26 08:03:33,,,,,0,1.1,24.88,47.09,30.75,7.95,31
2026-02-26 08:03:37,,,,,0,1.1,25.39,44.42,33.75,7.92,31
2026-02-26 08:03:41,,,,,0,1.1,26.6,41.2,35.5,7.96,31
2026-02-26 08:03:44,,,,,0,1.1,30.03,36.11,36.5,7.97,31
2026-02-26 08:03:48,,,,,0,1.1,28.78,37.99,37.75,7.97,31
2026-02-26 08:03:52,,,,,0,1.1,28.54,40.72,37.25,7.98,31
2026-02-26 08:03:56,,,,,0,1.1,32.69,33.92,36.5,7.98,31
2026-02-26 08:04:00,,,,,0,1.1,31.78,36.63,36.5,7.97,31
2026-02-26 08:04:04,,,,,0,1.1,32.61,38.49,37,7.97,31
2026-02-26 08:04:08,,,,,0,1.1,30.33,36.43,36,7.95,31
2026-02-26 08:04:11,,,,,0,1.1,30.74,35.63,35.75,7.98,31
2026-02-26 08:04:15,,,,,0,1.1,32.44,33.83,36,7.95,31
2026-02-26 08:04:19,,,,,0,1.1,31.67,31.91,36.5,7.98,31
2026-02-26 08:04:23,,,,,0,1.1,31.87,33.14,37.5,7.98,31
2026-02-26 08:04:27,,,,,0,1.1,32.29,33.5,38.5,7.98,31
2026-02-26 08:04:31,,,,,0,1.1,31.98,35.63,38.25,7.98,31
2026-02-26 08:04:35,,,,,0,1.1,32.34,33.78,38.25,7.96,31
2026-02-26 08:04:39,,,,,0,1.1,29.77,35.6,38.25,7.98,31
2026-02-26 08:04:42,,,,,0,1.1,30.42,35.51,37.5,7.97,31
2026-02-26 08:04:46,,,,,0,1.1,28.58,44.72,35.25,7.96,31
2026-02-26 08:04:50,,,,,0,1.1,26.04,48.13,32,7.96,31
2026-02-26 08:04:54,,,,,0,1.1,22.35,60.86,27.75,7.96,31
2026-02-26 08:04:58,,,,,0,1.11,21.17,64.16,24,7.96,31
2026-02-26 08:05:02,,,,,0,1.11,20.47,66.86,22.25,7.97,31
2026-02-26 08:05:06,,,,,0,1.1,19.97,68.41,21,7.97,31
2026-02-26 08:05:09,,,,,0,1.1,20.29,63.68,20.5,7.94,31
2026-02-26 08:05:13,,,,,0,1.1,20.79,63.26,20.5,7.92,31
2026-02-26 08:05:17,,,,,0,1.1,20.7,61.84,20.5,7.96,31
2026-02-26 08:05:21,,,,,0,1.1,20.41,64.81,20.75,7.95,31
2026-02-26 08:05:25,,,,,0,1.1,19.39,68.77,20.25,7.93,31
2026-02-26 08:05:29,,,,,0,1.1,19.05,69.06,19.5,7.92,31
2026-02-26 08:05:33,,,,,0,1.1,17.78,74.13,18.75,7.95,31
2026-02-26 08:05:37,,,,,0,1.1,16.11,74.1,17.75,7.94,31
2026-02-26 08:05:40,,,,,0,1.1,15.55,77.67,16.5,7.91,31
2026-02-26 08:05:44,,,,,0,1.1,15.97,81.3,15.75,7.91,31
2026-02-26 08:05:48,,,,,0,1.1,18.16,75.01,16.75,7.92,31
2026-02-26 08:05:52,,,,,0,1.1,17.74,76.86,17.5,7.92,31
2026-02-26 08:05:56,,,,,0,1.1,18.03,76.46,17.75,7.93,31
2026-02-26 08:06:00,,,,,0,1.1,16.27,83.45,17.25,7.93,31
2026-02-26 08:06:04,,,,,0,1.1,15.12,88.5,16.25,7.92,31
2026-02-26 08:06:07,,,,,0,1.1,14.55,91.67,15.5,7.93,31
2026-02-26 08:06:11,,,,,0,1.1,13.99,92.24,14.75,7.93,31
2026-02-26 08:06:15,,,,,0,1.1,12.83,92.77,13.75,7.94,31
2026-02-26 08:06:19,,,,,0,1.1,13.89,95.66,13.25,7.93,31
2026-02-26 08:06:23,,,,,0,1.1,13.26,93.12,13.25,7.93,31
2026-02-26 08:06:27,,,,,0,1.1,14.28,92.01,13.5,7.92,31
2026-02-26 08:06:31,,,,,0,1.1,18.77,76.57,18,7.92,31
2026-02-26 08:06:35,,,,,0,1.1,23.42,63.31,24,7.89,31
2026-02-26 08:06:38,,,,,0,1.1,24.56,58.57,27.75,7.92,31
2026-02-26 08:06:42,,,,,0,1.1,24.05,59.86,30.5,7.93,31
2026-02-26 08:06:46,,,,,0,1.1,26.06,53.46,32.5,7.96,31
2026-02-26 08:06:50,,,,,0,1.1,25.88,56.22,33.25,7.94,31
2026-02-26 08:06:54,,,,,0,1.11,25.68,56.87,33.25,7.97,31
2026-02-26 08:06:58,,,,,0,1.11,27.49,52.07,33,7.95,31
2026-02-26 08:07:02,,,,,0,1.11,26.92,53.42,31.25,7.95,31
2026-02-26 08:07:09,,,,,0,1.11,27.91,51.19,31.75,7.94,31
2026-02-26 08:07:13,,,,,0,1.11,28.02,50.77,32.25,7.94,31
2026-02-26 08:07:17,,,,,0,1.11,27.56,50.52,33.5,7.97,31
2026-02-26 08:07:21,,,,,0,1.11,31.22,44.51,35.5,7.95,31
2026-02-26 08:07:25,,,,,0,1.11,28.97,49.61,35.25,7.97,31
2026-02-26 08:07:29,,,,,0,1.1,28.65,50.36,34.5,7.98,31
2026-02-26 08:07:33,,,,,0,1.11,28.77,49.74,34.5,7.98,31
2026-02-26 08:07:36,,,,,0,1.1,29.14,46.91,34.5,7.95,31
2026-02-26 08:07:40,,,,,0,1.1,28.72,49.91,35,7.98,31
2026-02-26 08:07:44,,,,,0,1.1,27.2,51.37,35.25,7.98,31
2026-02-26 08:07:48,,,,,0,1.1,28.47,48.53,34.75,7.97,31
2026-02-26 08:07:52,,,,,0,1.1,27.53,50.75,33.5,7.95,31
2026-02-26 08:07:56,,,,,0,1.1,25.66,55.57,31.25,7.94,31
2026-02-26 08:08:00,,,,,0,1.1,22.12,63.91,27.25,7.96,31
2026-02-26 08:08:04,,,,,0,1.1,21.33,63.92,23.75,7.96,31
2026-02-26 08:08:07,,,,,0,1.1,20.78,65.74,22.25,7.95,31
2026-02-26 08:08:11,,,,,0,1.1,20.74,65.03,21.5,7.94,31
2026-02-26 08:08:15,,,,,0,1.1,20.51,66.52,21.25,7.96,31
2026-02-26 08:08:19,,,,,0,1.09,19.99,67.43,21,7.94,31
2026-02-26 08:08:23,,,,,0,1.1,19.25,68.98,20.25,7.95,31
2026-02-26 08:08:27,,,,,0,1.1,18.86,71.62,19.5,7.94,31
2026-02-26 08:08:31,,,,,0,1.1,18.85,72.43,19.25,7.92,31
2026-02-26 08:08:34,,,,,0,1.1,18.79,72.08,19,7.95,31
2026-02-26 08:08:38,,,,,0,1.09,18.99,71.06,18.75,7.94,31
2026-02-26 08:08:42,,,,,0,1.09,18.27,72.65,18.75,7.91,31
2026-02-26 08:08:46,,,,,0,1.09,18,73.62,18.25,7.93,31
2026-02-26 08:08:50,,,,,0,1.09,16.59,77.72,17.5,7.93,31
2026-02-26 08:08:54,,,,,0,1.1,15.92,79.67,16.75,7.93,31
2026-02-26 08:08:58,,,,,0,1.1,14.71,79.39,16,7.91,31
2026-02-26 08:09:02,,,,,0,1.1,14.22,83.24,15,7.91,31
2026-02-26 08:09:05,,,,,0,1.09,13.88,88.41,14.5,7.9,31
2026-02-26 08:09:09,,,,,0,1.1,13.05,85.87,13.75,7.92,31
2026-02-26 08:09:13,,,,,0,1.09,13.94,89.36,13.5,7.9,31
2026-02-26 08:09:17,,,,,0,1.1,12.96,87.27,13.25,7.9,31
2026-02-26 08:09:21,,,,,0,1.1,12.79,87.53,13,7.9,31
2026-02-26 08:09:25,,,,,0,1.09,11.91,88.92,12.5,7.9,31
2026-02-26 08:09:29,,,,,0,1.1,11.94,90.38,12,7.9,31
2026-02-26 08:09:32,,,,,0,1.09,12.59,87.89,12,7.92,31
2026-02-26 08:09:36,,,,,0,1.1,17.24,75.25,15.75,7.9,31
2026-02-26 08:09:40,,,,,0,1.1,19.75,70.35,22.75,7.94,31
2026-02-26 08:09:44,,,,,0,1.1,21.56,64.64,28.25,7.91,31
2026-02-26 08:09:48,,,,,0,1.1,23.57,59.3,31.5,7.93,31
2026-02-26 08:09:52,,,,,0,1.1,25.29,53,33.25,7.94,31
2026-02-26 08:09:56,,,,,0,1.1,25.18,54.36,34.5,7.96,31
2026-02-26 08:09:59,,,,,0,1.1,25.68,56.38,33.75,7.97,31
2026-02-26 08:10:03,,,,,0,1.1,27.75,51.55,32.75,7.96,31
2026-02-26 08:10:07,,,,,0,1.1,27.45,50.01,33.25,7.95,31
2026-02-26 08:10:11,,,,,0,1.1,28.49,51.66,33.5,7.94,31
2026-02-26 08:10:15,,,,,0,1.1,31.46,42.79,34.25,7.94,31
2026-02-26 08:10:19,,,,,0,1.1,31.52,40.29,35.75,7.97,31
2026-02-26 08:10:23,,,,,0,1.1,28.51,48.77,36.5,7.97,31
2026-02-26 08:10:27,,,,,0,1.1,30.45,42.91,36.25,7.97,31
2026-02-26 08:10:30,,,,,0,1.1,30.62,44,35.25,7.98,31
2026-02-26 08:10:34,,,,,0,1.1,30.03,42.36,35.5,7.98,31
2026-02-26 08:10:38,,,,,0,1.1,30.49,39.84,36.25,7.95,31
2026-02-26 08:10:42,,,,,0,1.1,31.52,37.3,37,7.97,31
2026-02-26 08:10:46,,,,,0,1.1,31.31,39.24,37.5,7.95,31
2026-02-26 08:10:50,,,,,0,1.09,29.35,42.13,38,7.98,31
2026-02-26 08:10:54,,,,,0,1.1,31.13,37.97,38,7.98,31
2026-02-26 08:10:57,,,,,0,1.09,30.29,38.53,37.25,7.96,31
2026-02-26 08:11:01,,,,,0,1.09,28.87,41.49,35.75,7.96,31
2026-02-26 08:11:05,,,,,0,1.09,25.09,45.58,31.5,7.95,31
2026-02-26 08:11:09,,,,,0,1.09,24.23,47.14,27.25,7.95,31
2026-02-26 08:11:13,,,,,0,1.09,23.61,47.11,25,7.93,31
2026-02-26 08:11:17,,,,,0,1.09,23.25,49.68,24.25,7.92,31
2026-02-26 08:11:21,,,,,0,1.09,23.24,48.9,23.5,7.95,31
2026-02-26 08:11:25,,,,,0,1.09,22.8,50.61,23.25,7.95,31
2026-02-26 08:11:28,,,,,0,1.09,21.18,54.53,22.5,7.95,31
2026-02-26 08:11:32,,,,,0,1.09,20.41,56.75,21.5,7.95,31
2026-02-26 08:11:36,,,,,0,1.09,19.99,56.92,20.5,7.94,31
2026-02-26 08:11:40,,,,,0,1.09,18.51,57.54,19.75,7.94,31
2026-02-26 08:11:44,,,,,0,1.09,18.37,66.69,18.75,7.94,31
2026-02-26 08:11:48,,,,,0,1.09,18.43,61.82,18.5,7.91,31
2026-02-26 08:11:52,,,,,0,1.09,18.06,64.9,18.25,7.93,31
2026-02-26 08:11:55,,,,,0,1.09,18.78,64.83,18,7.92,31
2026-02-26 08:11:59,,,,,0,1.09,18.29,59.37,18,7.94,31
2026-02-26 08:12:03,,,,,0,1.09,18.91,54.61,18,7.91,31
2026-02-26 08:12:07,,,,,0,1.09,17.22,61.46,18,7.94,31
2026-02-26 08:12:11,,,,,0,1.09,16.23,68.06,17.25,7.91,31
2026-02-26 08:12:15,,,,,0,1.09,15.24,66.62,16.75,7.92,31
2026-02-26 08:12:19,,,,,0,1.09,13.92,70.64,15.5,7.9,31
2026-02-26 08:12:23,,,,,0,1.09,14.89,70.98,14.5,7.92,31
2026-02-26 08:12:26,,,,,0,1.09,13.31,71.11,14,7.92,31
2026-02-26 08:12:30,,,,,0,1.09,12.56,72.9,13.5,7.89,31
2026-02-26 08:12:34,,,,,0,1.09,12.25,73.53,13,7.89,31
2026-02-26 08:12:38,,,,,0,1.09,12.57,74.94,12.75,7.92,31
2026-02-26 08:12:42,,,,,0,1.09,16.84,65.19,15.25,7.9,31
2026-02-26 08:12:46,,,,,0,1.09,20.22,54.83,22.5,7.93,31
2026-02-26 08:12:50,,,,,0,1.09,22.98,49.03,28.25,7.93,31
2026-02-26 08:12:53,,,,,0,1.09,23.42,47.86,31.75,7.95,31
2026-02-26 08:12:57,,,,,0,1.09,26.95,40.51,34.25,7.93,31
2026-02-26 08:13:01,,,,,0,1.09,27.55,41.45,36.25,7.96,31
2026-02-26 08:13:05,,,,,0,1.09,28.08,40.59,36,7.96,31
2026-02-26 08:13:09,,,,,0,1.09,29.5,38.74,36.25,7.97,31
2026-02-26 08:13:13,,,,,0,1.09,31.86,36.41,36.25,7.97,31
2026-02-26 08:13:17,,,,,0,1.09,33.57,34.87,36.75,7.97,31
2026-02-26 08:13:21,,,,,0,1.09,33.1,33.95,37.5,7.97,31
2026-02-26 08:13:24,,,,,0,1.09,33.07,34.56,38.25,7.97,31
2026-02-26 08:13:28,,,,,0,1.09,31.81,32.55,39.25,7.98,31
2026-02-26 08:13:32,,,,,0,1.09,33.08,33.25,38.5,7.97,31
2026-02-26 08:13:36,,,,,0,1.09,33.08,32.18,37.5,7.97,31
2026-02-26 08:13:40,,,,,0,1.09,32.3,30.7,38,7.96,31
2026-02-26 08:13:44,,,,,0,1.08,32.74,28.28,37.75,7.98,31
2026-02-26 08:13:48,,,,,0,1.09,32.59,30,38.75,7.98,31
2026-02-26 08:13:52,,,,,0,1.09,32.47,29.73,38.75,7.98,31
2026-02-26 08:13:55,,,,,0,1.09,30.69,33.66,38.75,7.98,31
2026-02-26 08:13:59,,,,,0,1.09,32.14,31.93,38.75,7.98,31
2026-02-26 08:14:03,,,,,0,1.09,31.88,31.51,38.25,7.97,31
2026-02-26 08:14:07,,,,,0,1.08,31.06,33.2,36.75,7.94,31
2026-02-26 08:14:11,,,,,0,1.08,26.67,39.51,34.25,7.95,31
2026-02-26 08:14:15,,,,,0,1.08,25.68,42.37,29,7.92,31
2026-02-26 08:14:19,,,,,0,1.08,25.8,39.67,26.75,7.94,31
2026-02-26 08:14:22,,,,,0,1.08,25.12,42.89,26,7.95,31
2026-02-26 08:14:26,,,,,0,1.08,24.32,43.91,25.25,7.93,31
2026-02-26 08:14:30,,,,,0,1.08,23.64,43.79,24.5,7.94,31
2026-02-26 08:14:34,,,,,0,1.08,22.9,45.38,23.75,7.94,31
2026-02-26 08:14:38,,,,,0,1.08,22.44,46.92,23,7.94,31
2026-02-26 08:14:42,,,,,0,1.08,21.34,48.1,22.5,7.95,31
2026-02-26 08:14:46,,,,,0,1.08,20.54,57.74,21.5,7.94,31
2026-02-26 08:14:50,,,,,0,1.08,19.09,59.84,20.25,7.92,31
2026-02-26 08:14:53,,,,,0,1.08,17.58,64.01,19.25,7.92,31
2026-02-26 08:14:57,,,,,0,1.08,16.34,60.54,18,7.94,31
2026-02-26 08:15:01,,,,,0,1.08,15.42,63.63,16.75,7.94,31
2026-02-26 08:15:05,,,,,0,1.08,14.99,65.81,15.75,7.91,31
2026-02-26 08:15:09,,,,,0,1.08,14.8,66.63,15,7.92,31
2026-02-26 08:15:13,,,,,0,1.08,14.84,64.91,14.75,7.9,31
2026-02-26 08:15:17,,,,,0,1.08,15.06,66.78,14.5,7.93,31
2026-02-26 08:15:20,,,,,0,1.08,14.11,68.5,14.5,7.93,31
2026-02-26 08:15:24,,,,,0,1.08,13.74,69.21,14.25,7.92,31
2026-02-26 08:15:28,,,,,0,1.08,13.7,69.58,13.75,7.92,31
2026-02-26 08:15:32,,,,,0,1.08,13.23,67.42,13.5,7.9,31
2026-02-26 08:15:36,,,,,0,1.08,13.48,71.38,13.25,7.89,31
2026-02-26 08:15:40,,,,,0,1.08,13.26,79.19,13,7.93,31
2026-02-26 08:15:44,,,,,0,1.08,12.75,76.49,12.75,7.93,31
2026-02-26 08:15:47,,,,,0,1.08,15.17,69.8,13.25,7.9,31
2026-02-26 08:15:51,,,,,0,1.08,21.4,55.59,20,7.92,31
2026-02-26 08:15:55,,,,,0,1.08,23.83,46.68,27.25,7.95,31
2026-02-26 08:15:59,,,,,0,1.08,26.4,42.59,30.75,7.92,31
2026-02-26 08:16:03,,,,,0,1.08,27.07,42.3,33.25,7.96,31
2026-02-26 08:16:07,,,,,0,1.08,27.05,38.73,35,7.94,31
2026-02-26 08:16:11,,,,,0,1.08,29.89,35.11,35.5,7.97,31
2026-02-26 08:16:15,,,,,0,1.08,30.44,36.16,36.75,7.98,31
2026-02-26 08:16:18,,,,,0,1.08,31.25,38.7,36.75,7.98,31
2026-02-26 08:16:22,,,,,0,1.08,32.28,32.84,37,7.98,31
2026-02-26 08:16:26,,,,,0,1.08,35.49,30.94,38.25,7.98,31
2026-02-26 08:16:30,,,,,0,1.08,32.17,35.8,38.75,7.95,31
2026-02-26 08:16:34,,,,,0,1.08,29.87,38.42,36.5,7.98,31
2026-02-26 08:16:38,,,,,0,1.08,32.24,33.46,36.25,7.98,31
2026-02-26 08:16:42,,,,,0,1.08,32.42,34.8,36.5,7.94,31
2026-02-26 08:16:45,,,,,0,1.08,31.01,39.21,36.5,7.98,31
2026-02-26 08:16:49,,,,,0,1.08,30.07,40.13,36.5,7.98,31
2026-02-26 08:16:53,,,,,0,1.08,29.79,40.52,36,7.98,31
2026-02-26 08:16:57,,,,,0,1.09,28.99,42.76,35.25,7.96,31
2026-02-26 08:17:01,,,,,0,1.08,27.27,46.7,34.5,7.95,31
2026-02-26 08:17:05,,,,,0,1.08,28.43,44.05,34.5,7.97,31
2026-02-26 08:17:09,,,,,0,1.09,27.73,44.8,33.75,7.97,31
2026-02-26 08:17:13,,,,,0,1.09,26.43,46.38,31.75,7.92,31
2026-02-26 08:17:16,,,,,0,1.08,23.6,53.7,29,7.96,31
2026-02-26 08:17:20,,,,,0,1.08,22.44,54.81,25.5,7.94,31
2026-02-26 08:17:24,,,,,0,1.08,23.04,52.96,23.5,7.95,31
2026-02-26 08:17:28,,,,,0,1.08,21.79,53.02,23,7.95,31
2026-02-26 08:17:32,,,,,0,1.08,20.05,59.54,21.75,7.97,31
2026-02-26 08:17:36,,,,,0,1.08,19.81,62.76,20.75,7.95,31
2026-02-26 08:17:40,,,,,0,1.08,18.37,67.16,19.75,7.96,31
2026-02-26 08:17:43,,,,,0,1.08,17.29,66.58,18.5,7.94,31
2026-02-26 08:17:47,,,,,0,1.08,17.12,71.26,17.75,7.92,31
2026-02-26 08:17:51,,,,,0,1.08,15.24,71.19,16.75,7.95,31
2026-02-26 08:17:55,,,,,0,1.08,15.1,72.07,15.75,7.94,31
2026-02-26 08:17:59,,,,,0,1.08,14.48,68.71,15.25,7.94,31
2026-02-26 08:18:03,,,,,0,1.08,14,71.42,14.75,7.92,31
2026-02-26 08:18:07,,,,,0,1.08,13.52,71.63,14,7.93,31
2026-02-26 08:18:11,,,,,0,1.08,13.33,74.34,13.5,7.93,31
2026-02-26 08:18:14,,,,,0,1.08,12.98,76.22,13.5,7.9,31
2026-02-26 08:18:18,,,,,0,1.08,12.26,76.53,13,7.93,31
2026-02-26 08:18:22,,,,,0,1.08,12.06,76.43,12.25,7.94,31
2026-02-26 08:18:26,,,,,0,1.08,12.04,75.59,12,7.93,31
2026-02-26 08:18:30,,,,,0,1.08,12.12,77.55,11.75,7.9,31
2026-02-26 08:18:34,,,,,0,1.08,11.44,74.62,11.75,7.92,31
2026-02-26 08:18:38,,,,,0,1.08,11.16,80.3,11.5,7.9,31
2026-02-26 08:18:41,,,,,0,1.08,12.71,83.29,11.75,7.9,31
2026-02-26 08:18:45,,,,,0,1.08,10.79,80.72,11.75,7.9,31
2026-02-26 08:18:49,,,,,0,1.08,11.2,83.77,11,7.93,31
2026-02-26 08:18:53,,,,,0,1.08,14.68,74.51,12.25,7.91,31
2026-02-26 08:18:57,,,,,0,1.08,18.85,63.61,18.5,7.94,31
2026-02-26 08:19:01,,,,,0,1.08,20.42,57.34,24.5,7.92,31
2026-02-26 08:19:05,,,,,0,1.09,21.95,54.14,29.5,7.94,31
2026-02-26 08:19:09,,,,,0,1.09,23.85,49.67,32.25,7.95,31
2026-02-26 08:19:12,,,,,0,1.08,27.81,39.59,34.75,7.96,31
2026-02-26 08:19:16,,,,,0,1.09,28.34,38.71,36.75,7.97,31
2026-02-26 08:19:20,,,,,0,1.09,30.16,38.14,38,7.97,31
2026-02-26 08:19:24,,,,,0,1.09,33.02,31.47,38.75,7.97,31
2026-02-26 08:19:28,,,,,0,1.09,32.79,33.51,38.75,7.97,31
2026-02-26 08:19:32,,,,,0,1.09,34.49,31.55,39.25,7.98,31
2026-02-26 08:19:36,,,,,0,1.09,35.03,31.31,40,7.98,31
2026-02-26 08:19:39,,,,,0,1.09,30.82,36.7,38.5,7.98,31
2026-02-26 08:19:43,,,,,0,1.09,31.63,35.03,37.25,7.98,31
2026-02-26 08:19:47,,,,,0,1.09,33.03,33.99,37.5,7.98,31
2026-02-26 08:19:51,,,,,0,1.09,32.25,34.15,37.5,7.98,31
2026-02-26 08:19:55,,,,,0,1.08,32.27,34.86,37.75,7.98,31
2026-02-26 08:19:59,,,,,0,1.09,32.14,35.94,37.75,7.98,31
2026-02-26 08:20:03,,,,,0,1.08,31.06,38.3,37.75,7.98,31
2026-02-26 08:20:07,,,,,0,1.09,28.7,40,36.5,7.98,31
2026-02-26 08:20:10,,,,,0,1.08,29.38,38.55,35.5,7.98,31
2026-02-26 08:20:14,,,,,0,1.08,28.29,39.97,34.25,7.92,31
2026-02-26 08:20:18,,,,,0,1.08,26.5,42,32.25,7.94,31
2026-02-26 08:20:22,,,,,0,1.08,23.64,46.82,29.5,7.95,31
2026-02-26 08:20:26,,,,,0,1.08,22.41,50.51,25.5,7.95,31
2026-02-26 08:20:30,,,,,0,1.08,22.26,51.11,23.5,7.96,31
2026-02-26 08:20:34,,,,,0,1.08,21.3,55.44,22.75,7.93,31
2026-02-26 08:20:38,,,,,0,1.08,21.05,54.36,21.75,7.95,31
2026-02-26 08:20:41,,,,,0,1.08,20.25,58.12,21.25,7.95,31
2026-02-26 08:20:45,,,,,0,1.08,20.99,55.62,20.5,7.96,31
2026-02-26 08:20:49,,,,,0,1.08,19.16,60.92,20.25,7.94,31
2026-02-26 08:20:53,,,,,0,1.08,18.3,65.68,19.25,7.94,31
2026-02-26 08:20:57,,,,,0,1.08,17.41,66.74,18.5,7.93,31
2026-02-26 08:21:01,,,,,0,1.08,16.23,70.54,17.5,7.95,31
2026-02-26 08:21:05,,,,,0,1.08,15.68,72.42,16.5,7.94,31
2026-02-26 08:21:08,,,,,0,1.08,14.75,76.1,15.75,7.92,31
2026-02-26 08:21:12,,,,,0,1.08,14.08,76.84,15,7.92,31
2026-02-26 08:21:16,,,,,0,1.08,13.56,78.46,14,7.93,31
2026-02-26 08:21:20,,,,,0,1.08,13.12,82.22,13.25,7.9,31
2026-02-26 08:21:24,,,,,0,1.08,12.83,81.39,12.75,7.89,31
2026-02-26 08:21:28,,,,,0,1.08,11.65,79.3,12.5,7.9,31
2026-02-26 08:21:32,,,,,0,1.08,11.46,79.62,12,7.92,31
2026-02-26 08:21:35,,,,,0,1.08,11.32,85.27,11.5,7.89,31
2026-02-26 08:21:39,,,,,0,1.09,11.03,84.03,11.25,7.92,31
2026-02-26 08:21:43,,,,,0,1.09,10.93,82.45,11.25,7.93,31
2026-02-26 08:21:47,,,,,0,1.09,11.11,82.84,11,7.91,31
2026-02-26 08:21:51,,,,,0,1.09,10.47,85.65,10.75,7.9,31
2026-02-26 08:21:55,,,,,0,1.09,11.83,89.15,10.75,7.92,31
2026-02-26 08:21:59,,,,,0,1.09,12.72,88.19,11.5,7.92,31
2026-02-26 08:22:03,,,,,0,1.09,16.53,76.03,16.5,7.93,31
2026-02-26 08:22:06,,,,,0,1.09,17.68,72.21,21,7.95,31
2026-02-26 08:22:10,,,,,0,1.09,19.86,65.48,25.25,7.92,31
2026-02-26 08:22:14,,,,,0,1.09,18.66,69.44,27.25,7.93,31
2026-02-26 08:22:18,,,,,0,1.09,17.62,74.05,24,7.95,31
2026-02-26 08:22:22,,,,,0,1.09,18.01,74.52,22.5,7.96,31
2026-02-26 08:22:26,,,,,0,1.09,19.56,67.6,22.5,7.97,31
2026-02-26 08:22:30,,,,,0,1.09,19.92,68.61,23,7.89,31
2026-02-26 08:22:33,,,,,0,1.09,21.06,64.49,23.5,7.96,31
2026-02-26 08:22:37,,,,,0,1.09,22.57,61.35,24.25,7.89,31
2026-02-26 08:22:41,,,,,0,1.09,23.77,56.01,26.5,7.92,31
2026-02-26 08:22:45,,,,,0,1.09,22.23,61.07,26.75,7.95,31
2026-02-26 08:22:49,,,,,0,1.09,23.94,58.18,28,7.96,31
2026-02-26 08:22:53,,,,,0,1.09,27.73,47.08,30.25,7.95,31
2026-02-26 08:22:57,,,,,0,1.09,27.14,49.56,32.5,7.94,31
2026-02-26 08:23:00,,,,,0,1.09,28.7,43.4,34.25,7.94,31
2026-02-26 08:23:04,,,,,0,1.09,29.54,42.89,37.75,7.97,31
2026-02-26 08:23:08,,,,,0,1.09,26.59,50.73,35.5,7.97,31
2026-02-26 08:23:12,,,,,0,1.09,24.49,56.23,30.75,7.97,31
2026-02-26 08:23:16,,,,,0,1.09,23.34,59.08,30.75,7.92,31
2026-02-26 08:23:20,,,,,0,1.09,24.99,55.18,28.75,7.96,31
2026-02-26 08:23:24,,,,,0,1.09,22.71,61.09,28.25,7.94,31
2026-02-26 08:23:28,,,,,0,1.09,20.01,68.56,25.25,7.93,31
2026-02-26 08:23:31,,,,,0,1.09,19.18,70.34,22,7.95,31
2026-02-26 08:23:35,,,,,0,1.08,19.08,71.32,20,7.94,31
2026-02-26 08:23:39,,,,,0,1.09,18.75,72.06,19.5,7.94,31
2026-02-26 08:23:43,,,,,0,1.09,17.85,74.86,18.75,7.94,31
2026-02-26 08:23:47,,,,,0,1.09,17.17,76.72,18,7.94,31
2026-02-26 08:23:51,,,,,0,1.09,16.49,81.02,17.25,7.9,31
2026-02-26 08:23:55,,,,,0,1.09,15.89,81.01,16.75,7.93,31
2026-02-26 08:23:58,,,,,0,1.09,15.57,81.97,16.25,7.94,31
2026-02-26 08:24:02,,,,,0,1.09,15.34,83.59,15.75,7.93,31
2026-02-26 08:24:06,,,,,0,1.09,14.48,85.25,15.25,7.91,31
2026-02-26 08:24:10,,,,,0,1.09,14.75,86.9,14.75,7.9,31
2026-02-26 08:24:14,,,,,0,1.09,13.61,87.59,14.5,7.89,31
2026-02-26 08:24:18,,,,,0,1.09,13.33,86.23,14,7.92,31
2026-02-26 08:24:22,,,,,0,1.09,13.81,85.78,13.75,7.9,31
2026-02-26 08:24:26,,,,,0,1.09,14.07,87.1,13.75,7.9,31
2026-02-26 08:24:29,,,,,0,1.09,14.55,85.16,14.25,7.89,31
2026-02-26 08:24:33,,,,,0,1.09,14.25,88.04,14.5,7.89,31
2026-02-26 08:24:37,,,,,0,1.09,13.8,90.15,14.25,7.89,31
2026-02-26 08:24:41,,,,,0,1.09,13.42,86.95,13.75,7.89,31
2026-02-26 08:24:45,,,,,0,1.09,13.45,88.24,13.75,7.9,31
2026-02-26 08:24:49,,,,,0,1.09,13.5,88.14,13.75,7.91,31
2026-02-26 08:24:53,,,,,0,1.09,14,90.62,13.75,7.89,31
2026-02-26 08:24:56,,,,,0,1.09,13.86,90.09,13.75,7.91,31
2026-02-26 08:25:00,,,,,0,1.09,13.61,91.05,13.5,7.91,31
2026-02-26 08:25:04,,,,,0,1.09,14.91,85.52,14,7.9,31
2026-02-26 08:25:08,,,,,0,1.09,18.03,73.97,17.75,7.92,31
2026-02-26 08:25:12,,,,,0,1.09,18.54,71.12,21.25,7.94,31
2026-02-26 08:25:16,,,,,0,1.09,20.72,64.89,23.75,7.92,31
2026-02-26 08:25:20,,,,,0,1.09,22.7,60.74,26,7.93,31
2026-02-26 08:25:24,,,,,0,1.09,24.06,57.27,28.25,7.93,31
2026-02-26 08:25:27,,,,,0,1.09,25.06,55.97,29.5,7.94,31
2026-02-26 08:25:31,,,,,0,1.09,24.87,53.83,30.25,7.92,31
2026-02-26 08:25:35,,,,,0,1.09,24.76,53.56,31,7.94,31
2026-02-26 08:25:39,,,,,0,1.09,26.4,51.38,31.75,7.94,31
2026-02-26 08:25:43,,,,,0,1.09,30.05,42.04,32.75,7.96,31
2026-02-26 08:25:47,,,,,0,1.09,29.73,42,33,7.95,31
2026-02-26 08:25:51,,,,,0,1.09,26.72,48.51,33.25,7.94,31
2026-02-26 08:25:54,,,,,0,1.09,26.91,48.79,32.75,7.94,31
2026-02-26 08:25:58,,,,,0,1.09,28.38,43.13,32.75,7.97,31
2026-02-26 08:26:02,,,,,0,1.09,28.2,44.12,34,7.96,31
2026-02-26 08:26:06,,,,,0,1.09,27.11,46.96,34,7.97,31
2026-02-26 08:26:10,,,,,0,1.09,25.67,50.73,31.5,7.97,31
2026-02-26 08:26:14,,,,,0,1.09,25.43,51.5,30,7.96,31
2026-02-26 08:26:18,,,,,0,1.09,23.65,56.05,28.25,7.95,31
2026-02-26 08:26:22,,,,,0,1.09,22.71,58.63,26,7.94,31
2026-02-26 08:26:25,,,,,0,1.09,21.9,60.24,24.5,7.95,31
2026-02-26 08:26:29,,,,,0,1.09,21.11,63.9,23.25,7.96,31
2026-02-26 08:26:33,,,,,0,1.09,20.59,63.42,22,7.96,31
2026-02-26 08:26:37,,,,,0,1.09,20.76,65.06,21.5,7.92,31
2026-02-26 08:26:41,,,,,0,1.09,20.57,62.63,21,7.95,31
2026-02-26 08:26:45,,,,,0,1.09,19.91,65.32,20.75,7.95,31
2026-02-26 08:26:49,,,,,0,1.09,19.8,66.48,20.25,7.93,31
2026-02-26 08:26:52,,,,,0,1.09,19.27,68.78,19.75,7.94,31
2026-02-26 08:26:56,,,,,0,1.09,18.76,72.39,19.5,7.94,31
2026-02-26 08:27:00,,,,,0,1.09,18.5,70.17,18.75,7.92,31
2026-02-26 08:27:04,,,,,0,1.09,18.67,69.97,18.5,7.93,31
2026-02-26 08:27:08,,,,,0,1.09,18.2,70.89,18.75,7.94,31
2026-02-26 08:27:12,,,,,0,1.09,17.57,72.09,18.5,7.94,31
2026-02-26 08:27:16,,,,,0,1.09,17.22,71.62,17.75,7.93,31
2026-02-26 08:27:19,,,,,0,1.09,15.95,76.63,17,7.91,31
2026-02-26 08:27:23,,,,,0,1.09,15.65,74.85,16.5,7.91,31
2026-02-26 08:27:27,,,,,0,1.09,15.62,77.5,16.25,7.92,31
2026-02-26 08:27:31,,,,,0,1.09,14.37,79.18,15.5,7.9,31
2026-02-26 08:27:35,,,,,0,1.09,14.56,81.94,14.75,7.92,31
2026-02-26 08:27:39,,,,,0,1.09,13.31,81.38,14.25,7.9,31
2026-02-26 08:27:43,,,,,0,1.09,13.15,79.98,13.75,7.92,31
2026-02-26 08:27:47,,,,,0,1.09,12.62,83.82,13.25,7.91,31
2026-02-26 08:27:50,,,,,0,1.09,12.39,84.73,12.75,7.92,31
2026-02-26 08:27:54,,,,,0,1.09,12.13,83.09,12.5,7.91,31
2026-02-26 08:27:58,,,,,0,1.08,11.63,87.22,12.25,7.9,31
2026-02-26 08:28:02,,,,,0,1.09,11.45,89.6,11.75,7.92,31
2026-02-26 08:28:06,,,,,0,1.08,11.79,89.31,11.5,7.88,31
2026-02-26 08:28:10,,,,,0,1.09,12.17,90.05,11.5,7.89,31
2026-02-26 08:28:14,,,,,0,1.08,16.11,76.16,15.75,7.9,31
2026-02-26 08:28:17,,,,,0,1.08,19.62,65.99,22.75,7.91,31
2026-02-26 08:28:21,,,,,0,1.09,22.16,59.06,27,7.9,31
2026-02-26 08:28:25,,,,,0,1.09,24.65,50.43,30.75,7.92,31
2026-02-26 08:28:29,,,,,0,1.09,25.38,51.08,34,7.94,31
2026-02-26 08:28:33,,,,,0,1.09,26.44,48.61,35.5,7.94,31
2026-02-26 08:28:37,,,,,0,1.08,25.98,47.15,35.5,7.96,31
2026-02-26 08:28:41,,,,,0,1.09,29.83,41.68,35.5,7.96,31
2026-02-26 08:28:45,,,,,0,1.08,29.25,39.78,35.25,7.97,31
2026-02-26 08:28:48,,,,,0,1.09,31.93,35.63,35,7.97,31
2026-02-26 08:28:52,,,,,0,1.09,32.89,35.25,36,7.97,31
2026-02-26 08:28:56,,,,,0,1.09,32.03,36.9,36.5,7.97,31
2026-02-26 08:29:00,,,,,0,1.08,30.38,40.63,37.5,7.97,31
2026-02-26 08:29:04,,,,,0,1.09,32,36.29,38.25,7.98,31
2026-02-26 08:29:08,,,,,0,1.09,30.26,39.83,37,7.98,31
2026-02-26 08:29:12,,,,,0,1.09,31.49,37.24,36.75,7.98,31
2026-02-26 08:29:15,,,,,0,1.09,31.78,35.63,37.75,7.98,31
2026-02-26 08:29:19,,,,,0,1.08,32.85,34.15,38.5,7.98,31
2026-02-26 08:29:23,,,,,0,1.09,30.21,37.87,39.25,7.98,31
2026-02-26 08:29:27,,,,,0,1.09,31.98,35.13,39,7.97,31
2026-02-26 08:29:31,,,,,0,1.09,32.25,33.32,38.75,7.96,31
2026-02-26 08:29:35,,,,,0,1.09,30.71,34.9,36.75,7.93,31
2026-02-26 08:29:39,,,,,0,1.09,28.5,39.45,34,7.95,31
2026-02-26 08:29:43,,,,,0,1.08,25.3,44.61,29.25,7.91,31
2026-02-26 08:29:46,,,,,0,1.09,24.34,45.26,26.5,7.95,31
2026-02-26 08:29:50,,,,,0,1.08,23.88,43.51,25,7.93,31
2026-02-26 08:29:54,,,,,0,1.09,23.26,43,24.25,7.92,31
2026-02-26 08:29:58,,,,,0,1.08,23.46,43.35,23.5,7.95,31
2026-02-26 08:30:02,,,,,0,1.09,23.08,45.39,23,7.96,31
2026-02-26 08:30:06,,,,,0,1.08,22.74,48.98,22.5,7.95,31
2026-02-26 08:30:10,,,,,0,1.08,20.34,62.63,21.75,7.95,31
2026-02-26 08:30:13,,,,,0,1.09,18.49,60.17,20.25,7.94,31
2026-02-26 08:30:17,,,,,0,1.08,17.69,66.9,19,7.92,31
2026-02-26 08:30:21,,,,,0,1.09,17.23,67.18,18,7.92,31
2026-02-26 08:30:25,,,,,0,1.09,16.31,69.73,17.25,7.91,31
2026-02-26 08:30:29,,,,,0,1.09,15.35,68.16,16.25,7.9,31
2026-02-26 08:30:33,,,,,0,1.09,15.91,69.66,15.75,7.93,31
2026-02-26 08:30:37,,,,,0,1.09,14.59,65.32,15.25,7.92,31
2026-02-26 08:30:41,,,,,0,1.09,14.66,67.37,14.75,7.9,31
2026-02-26 08:30:44,,,,,0,1.09,14.85,72.65,14.25,7.93,31
2026-02-26 08:30:48,,,,,0,1.09,13.43,72.34,14,7.93,31
2026-02-26 08:30:52,,,,,0,1.09,13.05,74.48,13.25,7.9,31
2026-02-26 08:30:56,,,,,0,1.09,12.83,76.16,13,7.9,31
2026-02-26 08:31:00,,,,,0,1.09,12.43,71.82,12.75,7.91,31
2026-02-26 08:31:04,,,,,0,1.09,12.2,73.22,12.25,7.89,31
2026-02-26 08:31:08,,,,,0,1.09,12.8,84.84,12.25,7.93,31
2026-02-26 08:31:11,,,,,0,1.09,12.17,74.5,12.25,7.89,31
2026-02-26 08:31:15,,,,,0,1.09,12.48,77.01,12.5,7.91,31
2026-02-26 08:31:19,,,,,0,1.09,18.39,61.34,15.5,7.92,31
2026-02-26 08:31:23,,,,,0,1.09,19.54,60.95,21.5,7.92,31
2026-02-26 08:31:27,,,,,0,1.09,23.63,49.87,25.25,7.93,31
2026-02-26 08:31:31,,,,,0,1.09,26.41,45.79,29.75,7.94,31
2026-02-26 08:31:35,,,,,0,1.09,27.73,39.52,33,7.96,31
2026-02-26 08:31:38,,,,,0,1.09,29.88,36.7,36.25,7.96,31
2026-02-26 08:31:42,,,,,0,1.09,29.63,38.29,38.25,7.97,31
2026-02-26 08:31:46,,,,,0,1.09,30.44,35.22,36.75,7.97,31
2026-02-26 08:31:50,,,,,0,1.09,32.35,36.02,36.75,7.97,31
2026-02-26 08:31:54,,,,,0,1.09,32.09,36,37.5,7.97,31
2026-02-26 08:31:58,,,,,0,1.09,31.84,36.34,36.5,7.97,31
2026-02-26 08:32:02,,,,,0,1.09,31.72,34.85,36.75,7.94,31
2026-02-26 08:32:06,,,,,0,1.09,30.79,33.54,36.25,7.95,31
2026-02-26 08:32:09,,,,,0,1.09,32.26,32.99,36.75,7.97,31
2026-02-26 08:32:13,,,,,0,1.09,31.81,34.37,37,7.95,31
2026-02-26 08:32:17,,,,,0,1.08,33.28,31,38.5,7.98,31
2026-02-26 08:32:21,,,,,0,1.09,32.82,30.18,39.25,7.98,31
2026-02-26 08:32:25,,,,,0,1.08,33.25,30.68,39.75,7.98,31
2026-02-26 08:32:29,,,,,0,1.09,31.6,35.4,39.5,7.98,31
2026-02-26 08:32:33,,,,,0,1.08,31.49,35.09,39,7.98,31
2026-02-26 08:32:36,,,,,0,1.09,30.53,36.32,37.25,7.97,31
2026-02-26 08:32:40,,,,,0,1.09,28.98,37.52,34.75,7.96,31
2026-02-26 08:32:44,,,,,0,1.09,26.71,40.55,32,7.96,31
2026-02-26 08:32:48,,,,,0,1.08,24.19,45.79,27.75,7.95,31
2026-02-26 08:32:52,,,,,0,1.08,23.4,48.18,25.5,7.94,31
2026-02-26 08:32:56,,,,,0,1.08,22.82,50.25,24,7.94,31
2026-02-26 08:33:00,,,,,0,1.08,22.43,51.59,23.25,7.96,31
2026-02-26 08:33:04,,,,,0,1.08,22.25,51.78,22.75,7.96,31
2026-02-26 08:33:07,,,,,0,1.08,22.34,51.35,22.5,7.96,31
2026-02-26 08:33:11,,,,,0,1.08,22.12,52.24,22.5,7.92,31
2026-02-26 08:33:15,,,,,0,1.08,21.89,52.53,22.25,7.95,31
2026-02-26 08:33:19,,,,,0,1.08,21.12,55.1,21.75,7.94,31
2026-02-26 08:33:23,,,,,0,1.08,20.9,56.13,21.25,7.95,31
2026-02-26 08:33:27,,,,,0,1.08,20.7,54.61,21,7.94,31
2026-02-26 08:33:31,,,,,0,1.08,20.08,57.78,20.5,7.93,31
2026-02-26 08:33:34,,,,,0,1.08,18.45,63.86,19.75,7.94,31
2026-02-26 08:33:38,,,,,0,1.08,16.55,68.63,18.5,7.92,31
2026-02-26 08:33:42,,,,,0,1.08,15.81,74.19,17.25,7.91,31
2026-02-26 08:33:46,,,,,0,1.08,14.24,72.32,16,7.94,31
2026-02-26 08:33:50,,,,,0,1.08,13.69,74.59,14.75,7.93,31
2026-02-26 08:33:54,,,,,0,1.08,13.38,74.92,14,7.93,31
2026-02-26 08:33:58,,,,,0,1.08,13.55,75.32,13.5,7.9,31
2026-02-26 08:34:02,,,,,0,1.08,12.62,76.27,13.25,7.9,31
2026-02-26 08:34:06,,,,,0,1.08,12.64,76.68,12.75,7.89,31
2026-02-26 08:34:10,,,,,0,1.08,13.49,84.15,12.75,7.9,31
2026-02-26 08:34:14,,,,,0,1.08,13.17,81.46,13,7.93,31
2026-02-26 08:34:18,,,,,0,1.08,12.17,81.19,12.75,7.89,31
2026-02-26 08:34:21,,,,,0,1.08,12,82.83,12.25,7.92,31
2026-02-26 08:34:25,,,,,0,1.08,16.28,73.06,14.75,7.9,31
2026-02-26 08:34:29,,,,,0,1.08,18.3,66.81,21.25,7.91,31
2026-02-26 08:34:33,,,,,0,1.08,23.19,56.89,26,7.92,31
2026-02-26 08:34:37,,,,,0,1.08,25.76,49.08,29.75,7.95,31
2026-02-26 08:34:41,,,,,0,1.08,26.37,45.69,31.75,7.93,31
2026-02-26 08:34:45,,,,,0,1.08,26.89,45.28,33.5,7.96,31
2026-02-26 08:34:49,,,,,0,1.08,27.66,42.56,35,7.94,31
2026-02-26 08:34:52,,,,,0,1.08,28.61,41.24,35.75,7.96,31
2026-02-26 08:34:56,,,,,0,1.08,31.24,38.15,35.75,7.95,31
2026-02-26 08:35:00,,,,,0,1.08,31.75,36.16,35.5,7.98,31
2026-02-26 08:35:04,,,,,0,1.08,30.51,39.83,36,7.97,31
2026-02-26 08:35:08,,,,,0,1.08,29.72,40.35,35.75,7.96,31
2026-02-26 08:35:12,,,,,0,1.08,28.49,40.63,34.5,7.94,31
2026-02-26 08:35:16,,,,,0,1.08,30.58,38.54,34.75,7.95,31
2026-02-26 08:35:19,,,,,0,1.08,29.26,41.42,35,7.95,31
2026-02-26 08:35:23,,,,,0,1.08,30.29,38.71,35.25,7.98,31
2026-02-26 08:35:27,,,,,0,1.08,31.05,38.2,36,7.98,31
2026-02-26 08:35:31,,,,,0,1.08,30.61,41.43,36.5,7.95,31
2026-02-26 08:35:35,,,,,0,1.08,29.01,43.19,36.75,7.98,31
2026-02-26 08:35:39,,,,,0,1.07,30.05,42.97,36.5,7.98,31
2026-02-26 08:35:43,,,,,0,1.08,30.48,40.26,36.25,7.98,31
2026-02-26 08:35:47,,,,,0,1.07,29.29,43.92,35,7.96,31
2026-02-26 08:35:50,,,,,0,1.07,27.11,45.09,32.5,7.96,31
2026-02-26 08:35:54,,,,,0,1.07,23.92,52.84,28,7.95,31
2026-02-26 08:35:58,,,,,0,1.07,23.23,52.18,25.25,7.94,31
2026-02-26 08:36:02,,,,,0,1.07,22.55,52.1,23.75,7.93,31
2026-02-26 08:36:06,,,,,0,1.07,22.69,47.81,23,7.95,31
2026-02-26 08:36:10,,,,,0,1.07,22.81,45.87,23,7.95,31
2026-02-26 08:36:14,,,,,0,1.07,22.37,45.99,22.75,7.95,31
2026-02-26 08:36:17,,,,,0,1.07,22.51,48.32,22.5,7.96,31
2026-02-26 08:36:21,,,,,0,1.07,21.74,51.26,22.25,7.94,31
2026-02-26 08:36:25,,,,,0,1.07,18.55,63.23,20.75,7.94,31
2026-02-26 08:36:29,,,,,0,1.07,17.62,68.73,19,7.94,31
2026-02-26 08:36:33,,,,,0,1.07,16.59,70.61,17.75,7.91,31
2026-02-26 08:36:37,,,,,0,1.07,16.15,67.08,16.75,7.93,31
2026-02-26 08:36:41,,,,,0,1.07,15.23,70.84,16,7.91,31
2026-02-26 08:36:45,,,,,0,1.07,14.51,67.76,15.25,7.9,31
2026-02-26 08:36:48,,,,,0,1.07,14.83,72.96,14.5,7.92,31
2026-02-26 08:36:52,,,,,0,1.07,15.57,71.26,14.5,7.94,31
2026-02-26 08:36:56,,,,,0,1.07,13.78,73.21,14.5,7.93,31
2026-02-26 08:37:00,,,,,0,1.07,12.88,72.6,13.75,7.9,31
2026-02-26 08:37:04,,,,,0,1.07,12.87,73.68,13.25,7.93,31
2026-02-26 08:37:08,,,,,0,1.07,12.3,75.58,12.75,7.91,31
2026-02-26 08:37:12,,,,,0,1.07,12.56,80.13,12.25,7.9,31
2026-02-26 08:37:15,,,,,0,1.07,11.66,78.02,12.25,7.92,31
2026-02-26 08:37:19,,,,,0,1.07,11.31,78.34,11.75,7.91,31
2026-02-26 08:37:23,,,,,0,1.07,11.71,79.4,11.5,7.89,31
2026-02-26 08:37:27,,,,,0,1.07,11.68,76.54,11.5,7.92,31
2026-02-26 08:37:31,,,,,0,1.07,16.61,66.56,13.5,7.92,31
2026-02-26 08:37:35,,,,,0,1.07,20.4,59.09,20,7.9,31
2026-02-26 08:37:39,,,,,0,1.07,21.27,55.2,25.5,7.88,31
2026-02-26 08:37:43,,,,,0,1.08,25.32,46.64,30.5,7.95,31
2026-02-26 08:37:46,,,,,0,1.08,26.24,44.17,33.75,7.95,31
2026-02-26 08:37:50,,,,,0,1.08,27.11,42.67,35,7.96,31
2026-02-26 08:37:54,,,,,0,1.08,27.35,44.6,36.5,7.96,31
2026-02-26 08:37:58,,,,,0,1.08,28.49,41.71,36.5,7.98,31
2026-02-26 08:38:02,,,,,0,1.08,32.79,36.62,37.25,7.98,31
2026-02-26 08:38:06,,,,,0,1.08,30.81,38.46,37,7.98,31
2026-02-26 08:38:10,,,,,0,1.08,32.33,37.19,37.25,7.98,31
2026-02-26 08:38:13,,,,,0,1.08,32.03,36.48,38.25,7.96,31
2026-02-26 08:38:17,,,,,0,1.08,29.4,40.35,35.75,7.98,31
2026-02-26 08:38:21,,,,,0,1.08,30.79,38.73,35.25,7.97,31
2026-02-26 08:38:25,,,,,0,1.08,30.71,37.72,35.75,7.98,31
2026-02-26 08:38:29,,,,,0,1.08,30.83,37.02,36.25,7.98,31
2026-02-26 08:38:33,,,,,0,1.08,31.63,34.53,37.25,7.98,31
2026-02-26 08:38:37,,,,,0,1.08,32.08,33.37,37.5,7.98,31
2026-02-26 08:38:41,,,,,0,1.08,30.29,34.91,38,7.98,31
2026-02-26 08:38:44,,,,,0,1.08,31.87,34.95,38.25,7.98,31
2026-02-26 08:38:48,,,,,0,1.07,32.01,33.39,38,7.97,31
2026-02-26 08:38:52,,,,,0,1.07,30.78,35.88,36.75,7.97,31
2026-02-26 08:38:56,,,,,0,1.07,28.6,41.99,34,7.97,31
2026-02-26 08:39:00,,,,,0,1.07,25.38,47.35,29.75,7.96,31
2026-02-26 08:39:04,,,,,0,1.07,24.64,48.14,26.5,7.92,31
2026-02-26 08:39:08,,,,,0,1.07,23.97,49.56,25.25,7.95,31
2026-02-26 08:39:11,,,,,0,1.08,23.49,49.93,24.25,7.87,31
2026-02-26 08:39:15,,,,,0,1.07,23.03,51.42,23.75,7.93,31
2026-02-26 08:39:19,,,,,0,1.07,22.71,52.85,23,7.9,31
2026-02-26 08:39:23,,,,,0,1.07,22.95,52.49,22.75,7.95,31
2026-02-26 08:39:27,,,,,0,1.07,20.93,60.36,22.25,7.95,31
2026-02-26 08:39:31,,,,,0,1.07,19.49,66.29,21,7.95,31
2026-02-26 08:39:35,,,,,0,1.07,18.56,66.76,19.75,7.95,31
2026-02-26 08:39:39,,,,,0,1.08,16.66,68.01,18.5,7.91,31
2026-02-26 08:39:42,,,,,0,1.08,15.73,68.71,17.25,7.93,31
2026-02-26 08:39:46,,,,,0,1.08,15.68,71.23,16.25,7.94,31
2026-02-26 08:39:50,,,,,0,1.08,15.03,70.46,15.75,7.93,31
2026-02-26 08:39:54,,,,,0,1.08,15.17,80.24,15,7.95,31
2026-02-26 08:39:58,,,,,0,1.08,13.83,76.23,14.75,7.9,31
2026-02-26 08:40:02,,,,,0,1.08,13.57,78.53,14,7.91,31
2026-02-26 08:40:06,,,,,0,1.08,12.81,84.33,13.25,7.94,31
2026-02-26 08:40:09,,,,,0,1.08,12.98,85.45,13,7.9,31
2026-02-26 08:40:13,,,,,0,1.08,14.08,86.31,13,7.9,31
2026-02-26 08:40:17,,,,,0,1.08,12.98,84.47,13,7.9,31
2026-02-26 08:40:21,,,,,0,1.08,11.9,85.6,12.5,7.89,31
2026-02-26 08:40:25,,,,,0,1.08,11.53,86.51,12,7.9,31
2026-02-26 08:40:29,,,,,0,1.08,11.79,86.74,11.75,7.92,31
2026-02-26 08:40:33,,,,,0,1.08,12.75,92.15,11.5,7.9,31
2026-02-26 08:40:37,,,,,0,1.08,14.76,81.38,13,7.89,31
2026-02-26 08:40:40,,,,,0,1.08,17.42,73.55,18.25,7.92,31
2026-02-26 08:40:44,,,,,0,1.08,20.43,64.54,23.25,7.92,31
2026-02-26 08:40:48,,,,,0,1.08,25.52,51.41,29,7.94,31
2026-02-26 08:40:52,,,,,0,1.08,24.96,52.19,32.5,7.96,31
2026-02-26 08:40:56,,,,,0,1.08,27.14,47.07,35,7.97,31
2026-02-26 08:41:00,,,,,0,1.08,28.12,47.91,37.5,7.94,31
2026-02-26 08:41:04,,,,,0,1.08,28.98,41.33,37.5,7.97,31
2026-02-26 08:41:07,,,,,0,1.08,29.79,43.17,37.25,7.97,31
2026-02-26 08:41:11,,,,,0,1.08,29.55,43.84,37,7.98,31
2026-02-26 08:41:15,,,,,0,1.08,29.81,44.78,36.25,7.98,31
2026-02-26 08:41:19,,,,,0,1.09,29.54,41.8,34.25,7.98,31
2026-02-26 08:41:23,,,,,0,1.08,27.6,47.49,33.5,7.98,31
2026-02-26 08:41:27,,,,,0,1.09,28.3,47.2,33.25,7.95,31
2026-02-26 08:41:31,,,,,0,1.08,28.38,47.18,33.25,7.97,31
2026-02-26 08:41:35,,,,,0,1.08,28.81,45.41,33.75,7.98,31
2026-02-26 08:41:38,,,,,0,1.08,29.03,46.78,34.5,7.97,31
2026-02-26 08:41:42,,,,,0,1.08,28.78,44.82,33.75,7.97,31
2026-02-26 08:41:46,,,,,0,1.09,28.22,47.1,35,7.96,31
2026-02-26 08:41:50,,,,,0,1.08,27.84,46.7,35.25,7.98,31
2026-02-26 08:41:54,,,,,0,1.08,27.62,46.53,32.75,7.98,31
2026-02-26 08:41:58,,,,,0,1.08,25.92,49,31.25,7.94,31
2026-02-26 08:42:02,,,,,0,1.08,24.08,53.02,29,7.93,31
2026-02-26 08:42:06,,,,,0,1.08,21.41,60.23,25.5,7.93,31
2026-02-26 08:42:09,,,,,0,1.08,20.74,62.07,22.75,7.97,31
2026-02-26 08:42:13,,,,,0,1.08,20.31,61.45,21.5,7.93,31
2026-02-26 08:42:17,,,,,0,1.08,20.82,59.65,21,7.95,31
2026-02-26 08:42:21,,,,,0,1.08,19.48,63.55,20.5,7.95,31
2026-02-26 08:42:25,,,,,0,1.08,20.05,62.85,20,7.94,31
2026-02-26 08:42:29,,,,,0,1.08,19.37,62.78,20,7.92,31
2026-02-26 08:42:33,,,,,0,1.08,19.1,64.32,19.5,7.92,31
2026-02-26 08:42:36,,,,,0,1.08,17.87,70.28,19,7.94,31
2026-02-26 08:42:40,,,,,0,1.08,17.19,69.66,18.25,7.95,31
2026-02-26 08:42:44,,,,,0,1.08,16.51,73.95,17.25,7.94,31
2026-02-26 08:42:48,,,,,0,1.08,15.25,73.66,16.5,7.94,31
2026-02-26 08:42:52,,,,,0,1.08,15.14,75.23,15.5,7.91,31
2026-02-26 08:42:56,,,,,0,1.08,14.8,80.23,15,7.93,31
2026-02-26 08:43:00,,,,,0,1.08,14.2,78.47,14.5,7.94,31
2026-02-26 08:43:04,,,,,0,1.08,13.72,78.78,14.25,7.91,31
2026-02-26 08:43:07,,,,,0,1.09,14.17,84.2,14,7.9,31
2026-02-26 08:43:11,,,,,0,1.09,14.09,80.61,14,7.92,31
2026-02-26 08:43:15,,,,,0,1.09,12.27,83.79,13.25,7.9,31
2026-02-26 08:43:19,,,,,0,1.09,12.05,80.75,12.5,7.9,31
2026-02-26 08:43:23,,,,,0,1.09,12.01,82.03,12,7.89,31
2026-02-26 08:43:27,,,,,0,1.09,11.69,86.69,11.75,7.91,31
2026-02-26 08:43:31,,,,,0,1.09,11.35,87.83,11.5,7.92,31
2026-02-26 08:43:34,,,,,0,1.09,11.19,84.94,11.5,7.92,31
2026-02-26 08:43:38,,,,,0,1.09,10.59,87.47,11,7.9,31
2026-02-26 08:43:42,,,,,0,1.09,12.65,82.46,11.25,7.89,31
2026-02-26 08:43:46,,,,,0,1.09,16.93,69.62,16.75,7.9,31
2026-02-26 08:43:50,,,,,0,1.09,17.91,70.38,21.5,7.93,31
2026-02-26 08:43:54,,,,,0,1.09,22.03,56.22,27,7.95,31
2026-02-26 08:43:58,,,,,0,1.09,23.09,53.6,31,7.95,31
2026-02-26 08:44:01,,,,,0,1.09,24.8,50.49,31.75,7.93,31
2026-02-26 08:44:05,,,,,0,1.09,24.13,52.28,33.25,7.97,31
2026-02-26 08:44:09,,,,,0,1.09,24.83,52.39,34.25,7.96,31
2026-02-26 08:44:13,,,,,0,1.09,28.74,43.18,33.5,7.97,31
2026-02-26 08:44:17,,,,,0,1.09,28.58,42.63,32.25,7.94,31
2026-02-26 08:44:21,,,,,0,1.09,26.15,47.91,31.5,7.95,31
2026-02-26 08:44:25,,,,,0,1.09,26.44,46.28,30.5,7.95,31
2026-02-26 08:44:29,,,,,0,1.09,26.55,47.4,30.75,7.96,31
2026-02-26 08:44:32,,,,,0,1.09,26.39,48.17,31.75,7.97,31
2026-02-26 08:44:36,,,,,0,1.09,27.83,43.92,32.5,7.97,31
2026-02-26 08:44:40,,,,,0,1.09,27.52,44.93,33.5,7.97,31
2026-02-26 08:44:44,,,,,0,1.09,29.14,42.34,34.5,7.97,31
2026-02-26 08:44:48,,,,,0,1.09,29.59,41.39,35.75,7.97,31
2026-02-26 08:44:52,,,,,0,1.09,27.06,44.37,34,7.98,31
2026-02-26 08:44:56,,,,,0,1.09,29.04,42.49,34.5,7.98,31
2026-02-26 08:45:00,,,,,0,1.09,28.24,43.31,35.25,7.97,31
2026-02-26 08:45:03,,,,,0,1.09,27.4,43.48,33.75,7.95,31
2026-02-26 08:45:07,,,,,0,1.09,25.42,43.12,31,7.96,31
2026-02-26 08:45:12,,,,,0,1.09,21.85,50.68,26.75,7.91,31
2026-02-26 08:45:16,,,,,0,1.09,20.69,50.57,23.25,7.94,31
2026-02-26 08:45:20,,,,,0,1.09,19.97,53.14,21.5,7.95,31
2026-02-26 08:45:24,,,,,0,1.09,19.68,51.41,20.5,7.95,31
2026-02-26 08:45:28,,,,,0,1.09,19.75,50.68,20,7.95,31
2026-02-26 08:45:32,,,,,0,1.09,19.05,50.74,19.75,7.94,31
2026-02-26 08:45:35,,,,,0,1.09,18.98,48.36,19.25,7.94,31
2026-02-26 08:45:39,,,,,0,1.09,18.21,49.15,19,7.92,31
2026-02-26 08:45:43,,,,,0,1.09,17.8,46.95,18.5,7.94,31
2026-02-26 08:45:47,,,,,0,1.09,16.98,50.73,17.75,7.95,31
2026-02-26 08:45:51,,,,,0,1.09,17.31,53.04,17,7.95,31
2026-02-26 08:45:55,,,,,0,1.09,15.47,54.57,16.5,7.91,31
2026-02-26 08:45:59,,,,,0,1.09,13.75,65.93,15,7.94,31
2026-02-26 08:46:02,,,,,0,1.09,13.54,62.26,14.25,7.92,31
2026-02-26 08:46:06,,,,,0,1.09,14.31,61.8,14,7.94,31
2026-02-26 08:46:10,,,,,0,1.09,13.69,64.76,14,7.9,31
2026-02-26 08:46:14,,,,,0,1.09,12.81,64.14,13.75,7.91,31
2026-02-26 08:46:18,,,,,0,1.09,12.24,66.31,13,7.92,31
2026-02-26 08:46:22,,,,,0,1.09,12.04,65.07,12.25,7.92,31
2026-02-26 08:46:26,,,,,0,1.09,12.28,68.68,12,7.9,31
2026-02-26 08:46:29,,,,,0,1.09,11.62,68.63,11.75,7.92,31
2026-02-26 08:46:33,,,,,0,1.09,10.57,73.72,11.25,7.91,31
2026-02-26 08:46:37,,,,,0,1.09,10.07,69.77,10.75,7.92,31
2026-02-26 08:46:41,,,,,0,1.09,12.32,70.7,11,7.89,31
2026-02-26 08:46:45,,,,,0,1.09,12.29,67.54,12,7.91,31
2026-02-26 08:46:49,,,,,0,1.09,13,70.75,12.5,7.89,31
2026-02-26 08:46:53,,,,,0,1.1,13.86,64.41,13.75,7.92,31
2026-02-26 08:46:57,,,,,0,1.1,15.3,59.34,15.5,7.91,31
2026-02-26 08:47:00,,,,,0,1.1,18.84,50.34,19.25,7.92,31
2026-02-26 08:47:04,,,,,0,1.1,22.39,45.06,25.25,7.87,31
2026-02-26 08:47:08,,,,,0,1.1,23.79,40.77,27,7.92,31
2026-02-26 08:47:12,,,,,0,1.1,25.28,37.65,29.5,7.91,31
2026-02-26 08:47:16,,,,,0,1.1,26.17,38.04,30,7.96,31
2026-02-26 08:47:20,,,,,0,1.1,26.6,36.64,31,7.97,31
2026-02-26 08:47:24,,,,,0,1.1,29.9,33.89,31.75,7.92,31
2026-02-26 08:47:27,,,,,0,1.1,28.23,35.04,33,7.93,31
2026-02-26 08:47:31,,,,,0,1.1,27.95,35.99,33.75,7.97,31
2026-02-26 08:47:35,,,,,0,1.1,26.56,38.43,33,7.97,31
2026-02-26 08:47:39,,,,,0,1.1,27.05,35.74,32.5,7.98,31
2026-02-26 08:47:43,,,,,0,1.1,27.3,34.29,33.25,7.98,31
2026-02-26 08:47:47,,,,,0,1.1,27.53,32.42,33.75,7.97,31
2026-02-26 08:47:51,,,,,0,1.1,27.99,31.78,34.5,7.98,31
2026-02-26 08:47:55,,,,,0,1.1,28.2,35.75,35.75,7.98,31
2026-02-26 08:47:58,,,,,0,1.1,27.82,36.34,36.25,7.98,31
2026-02-26 08:48:02,,,,,0,1.09,28.19,38.19,36,7.97,31
2026-02-26 08:48:06,,,,,0,1.1,25.3,37.53,31.5,7.93,31
2026-02-26 08:48:10,,,,,0,1.09,28.04,32.8,29.75,7.93,31
2026-02-26 08:48:14,,,,,0,1.1,24.15,40.18,31.25,7.94,31
2026-02-26 08:48:18,,,,,0,1.09,20.67,48.49,26.75,7.95,31
2026-02-26 08:48:22,,,,,0,1.1,20.1,51.1,22.75,7.95,31
2026-02-26 08:48:25,,,,,0,1.1,19.48,52.49,21,7.95,31
2026-02-26 08:48:29,,,,,0,1.1,19.61,51.77,20,7.94,31
2026-02-26 08:48:33,,,,,0,1.1,17.5,55.65,19,7.94,31
2026-02-26 08:48:37,,,,,0,1.1,16.76,64.12,17.75,7.92,31
2026-02-26 08:48:41,,,,,0,1.1,16.34,61.79,16.75,7.94,31
2026-02-26 08:48:45,,,,,0,1.1,17.22,62.02,16.75,7.92,31
2026-02-26 08:48:49,,,,,0,1.1,16.66,67.85,16.75,7.93,31
2026-02-26 08:48:53,,,,,0,1.1,16.42,68.12,16.5,7.91,31
2026-02-26 08:48:56,,,,,0,1.1,15.73,71.4,16.25,7.93,31
2026-02-26 08:49:00,,,,,0,1.1,15.81,74.03,16,7.93,31
2026-02-26 08:49:04,,,,,0,1.1,15.03,71.37,15.75,7.93,31
2026-02-26 08:49:08,,,,,0,1.1,14.41,75.81,15.25,7.94,31
2026-02-26 08:49:12,,,,,0,1.1,14.27,74.99,14.75,7.91,31
2026-02-26 08:49:16,,,,,0,1.1,14.06,76.79,14,7.92,31
2026-02-26 08:49:20,,,,,0,1.1,13.53,77.26,13.75,7.9,31
2026-02-26 08:49:23,,,,,0,1.11,13.84,76.69,13.5,7.9,31
2026-02-26 08:49:27,,,,,0,1.11,13.94,75.5,13.75,7.92,31
2026-02-26 08:49:31,,,,,0,1.11,14.55,74.43,14,7.89,31
2026-02-26 08:49:35,,,,,0,1.11,14.25,76.71,14.25,7.9,31
2026-02-26 08:49:39,,,,,0,1.11,13.83,74.42,14.25,7.91,31
2026-02-26 08:49:43,,,,,0,1.11,14.28,77.45,14,7.92,31
2026-02-26 08:49:47,,,,,0,1.11,14.17,80.02,14.25,7.89,31
2026-02-26 08:49:51,,,,,0,1.11,14.22,78.85,14,7.91,31
2026-02-26 08:49:54,,,,,0,1.11,14.33,78.36,14.25,7.89,31
2026-02-26 08:49:58,,,,,0,1.11,15.57,73.48,15,7.92,31
2026-02-26 08:50:02,,,,,0,1.11,17.02,67.59,16.5,7.92,31
2026-02-26 08:50:06,,,,,0,1.11,20.68,56.51,20.5,7.9,31
2026-02-26 08:50:10,,,,,0,1.11,19.77,58.47,23,7.92,31
2026-02-26 08:50:14,,,,,0,1.11,20.39,55.5,24,7.84,31
2026-02-26 08:50:18,,,,,0,1.11,22.32,51.11,25.25,7.88,31
2026-02-26 08:50:21,,,,,0,1.11,23.95,43.04,27.5,7.91,31
2026-02-26 08:50:25,,,,,0,1.11,25.11,40.07,30,7.93,31
2026-02-26 08:50:29,,,,,0,1.11,26.85,35.39,32,7.94,31
2026-02-26 08:50:33,,,,,0,1.11,27.09,38.55,32.5,7.94,31
2026-02-26 08:50:37,,,,,0,1.11,26.13,40.15,33.5,7.93,31
2026-02-26 08:50:41,,,,,0,1.11,27.13,38,33,7.96,31
2026-02-26 08:50:45,,,,,0,1.11,27.05,39.8,33.25,7.96,31
2026-02-26 08:50:49,,,,,0,1.11,27.44,40.1,34.75,7.96,31
2026-02-26 08:50:52,,,,,0,1.11,27.52,38.86,34.5,7.94,31
2026-02-26 08:50:56,,,,,0,1.11,26.01,51.16,33,7.97,31
2026-02-26 08:51:00,,,,,0,1.11,24.9,59.38,30,7.96,31
2026-02-26 08:51:04,,,,,0,1.11,23.57,62.86,28,7.96,31
2026-02-26 08:51:08,,,,,0,1.11,23.14,64.39,26.75,7.94,31
2026-02-26 08:51:12,,,,,0,1.1,22.7,65.53,25.25,7.91,31
2026-02-26 08:51:16,,,,,0,1.1,21.65,69.7,24,7.93,31
2026-02-26 08:51:19,,,,,0,1.1,21.53,69.64,23,7.95,31
2026-02-26 08:51:23,,,,,0,1.1,21.38,68.26,22.5,7.92,31
2026-02-26 08:51:27,,,,,0,1.1,21.02,68.59,21.75,7.94,31
2026-02-26 08:51:31,,,,,0,1.1,19.99,75.96,21.25,7.93,31
2026-02-26 08:51:35,,,,,0,1.1,18.99,81.65,20.5,7.94,31
2026-02-26 08:51:39,,,,,0,1.1,18.64,82.86,19.75,7.91,31
2026-02-26 08:51:43,,,,,0,1.1,18.48,82.83,19.25,7.91,31
2026-02-26 08:51:47,,,,,0,1.1,17.33,88.8,18.75,7.93,31
2026-02-26 08:51:50,,,,,0,1.1,16.37,91.79,17.75,7.93,31
2026-02-26 08:51:54,,,,,0,1.1,16.05,90.79,17,7.93,31
2026-02-26 08:51:58,,,,,0,1.1,16.11,85.32,16.5,7.9,31
2026-02-26 08:52:02,,,,,0,1.1,16.63,83,16.5,7.93,31
2026-02-26 08:52:06,,,,,0,1.1,15.99,78.79,16.75,7.92,31
2026-02-26 08:52:10,,,,,0,1.1,16.51,76.99,16.5,7.92,31
2026-02-26 08:52:14,,,,,0,1.09,16,76.51,16.75,7.91,31
2026-02-26 08:52:17,,,,,0,1.09,16.09,76.35,16.5,7.9,31
2026-02-26 08:52:21,,,,,0,1.09,15.95,78.55,16.5,7.9,31
2026-02-26 08:52:25,,,,,0,1.09,14.63,81.07,15.75,7.9,31
2026-02-26 08:52:29,,,,,0,1.09,14.59,83.35,14.75,7.89,31
2026-02-26 08:52:33,,,,,0,1.09,15.63,79.81,15.25,7.92,31
2026-02-26 08:52:37,,,,,0,1.09,15.34,80.09,15.75,7.91,31
2026-02-26 08:52:41,,,,,0,1.09,14.67,81.8,15.5,7.92,31
2026-02-26 08:52:45,,,,,0,1.09,13.06,86.35,14.5,7.89,31
2026-02-26 08:52:48,,,,,0,1.09,12.4,89.56,13.25,7.91,31
2026-02-26 08:52:52,,,,,0,1.09,12.11,88.96,13,7.9,31
2026-02-26 08:52:56,,,,,0,1.09,11.11,89.68,12.25,7.9,31
2026-02-26 08:53:00,,,,,0,1.09,10.98,91.56,11.5,7.91,31
2026-02-26 08:53:04,,,,,0,1.09,14.08,84.59,13.5,7.88,31
2026-02-26 08:53:08,,,,,0,1.09,17.66,74.09,19.5,7.92,31
2026-02-26 08:53:12,,,,,0,1.09,20.82,65.69,25.25,7.92,31
2026-02-26 08:53:15,,,,,0,1.09,21.77,61.26,28,7.93,31
2026-02-26 08:53:19,,,,,0,1.09,25.01,54.22,29.25,7.91,31
2026-02-26 08:53:23,,,,,0,1.09,24.7,55.4,30.75,7.92,31
2026-02-26 08:53:27,,,,,0,1.09,24.99,52.82,32.75,7.95,31
2026-02-26 08:53:31,,,,,0,1.09,27.47,50.26,34,7.92,31
2026-02-26 08:53:35,,,,,0,1.09,28.47,44.36,34,7.94,31
2026-02-26 08:53:39,,,,,0,1.09,26.55,48.35,33.25,7.95,31
2026-02-26 08:53:43,,,,,0,1.09,26.06,45.68,32,7.96,31
2026-02-26 08:53:46,,,,,0,1.09,26.31,46.59,31.25,7.95,31
2026-02-26 08:53:50,,,,,0,1.09,26.07,49.56,31.5,7.97,31
2026-02-26 08:53:54,,,,,0,1.09,26.74,49.93,31.75,7.94,31
2026-02-26 08:53:58,,,,,0,1.09,26.62,48.55,32.5,7.97,31
2026-02-26 08:54:02,,,,,0,1.09,26.75,49.53,32.5,7.97,31
2026-02-26 08:54:06,,,,,0,1.09,27.46,46.64,33,7.95,31
2026-02-26 08:54:10,,,,,0,1.09,26.24,50.08,33.5,7.96,31
2026-02-26 08:54:13,,,,,0,1.09,28.36,44.17,34,7.97,31
2026-02-26 08:54:17,,,,,0,1.09,28.11,44.88,34,7.95,31
2026-02-26 08:54:21,,,,,0,1.09,28.03,46.16,33.25,7.95,31
2026-02-26 08:54:25,,,,,0,1.09,26.89,47.81,32,7.95,31
2026-02-26 08:54:29,,,,,0,1.09,22.59,57.42,29,7.91,31
2026-02-26 08:54:33,,,,,0,1.09,21.34,60.75,24.5,7.89,31
2026-02-26 08:54:37,,,,,0,1.09,20.6,62.2,22.25,7.95,31
2026-02-26 08:54:41,,,,,0,1.09,20.06,63.01,21.25,7.92,31
2026-02-26 08:54:44,,,,,0,1.09,19.96,63.55,20.5,7.94,31
2026-02-26 08:54:48,,,,,0,1.09,20.09,62.08,20.25,7.94,31
2026-02-26 08:54:52,,,,,0,1.09,18.7,68.61,19.75,7.94,31
2026-02-26 08:54:56,,,,,0,1.09,17.11,74.75,18.5,7.92,31
2026-02-26 08:55:00,,,,,0,1.09,16.85,71.78,17.75,7.93,31
2026-02-26 08:55:04,,,,,0,1.09,15.05,73.9,16.5,7.94,31
2026-02-26 08:55:08,,,,,0,1.09,14.28,82.25,15.5,7.91,31
2026-02-26 08:55:11,,,,,0,1.09,13.6,79.03,14.75,7.91,31
2026-02-26 08:55:15,,,,,0,1.09,14.14,85.1,14,7.9,31
2026-02-26 08:55:19,,,,,0,1.09,13.14,81.44,13.5,7.9,31
2026-02-26 08:55:23,,,,,0,1.09,12.52,86.74,13,7.94,31
2026-02-26 08:55:27,,,,,0,1.09,11.63,85.97,12.5,7.93,31
2026-02-26 08:55:31,,,,,0,1.09,11.17,84.05,11.75,7.9,31
2026-02-26 08:55:35,,,,,0,1.09,11.5,87.97,11.5,7.89,31
2026-02-26 08:55:39,,,,,0,1.09,11.47,84.7,11.5,7.92,31
2026-02-26 08:55:42,,,,,0,1.09,9.98,85.59,11,7.9,31
2026-02-26 08:55:46,,,,,0,1.08,9.84,87.16,10.25,7.91,31
2026-02-26 08:55:50,,,,,0,1.08,9.63,87.89,10,7.89,31
2026-02-26 08:55:54,,,,,0,1.09,9.64,90.86,9.75,7.89,31
2026-02-26 08:55:58,,,,,0,1.08,9.13,88.9,9.75,7.91,31
2026-02-26 08:56:02,,,,,0,1.08,9.04,91.52,9.25,7.9,31
2026-02-26 08:56:05,,,,,0,1.08,9.63,90.37,9.25,7.91,31
2026-02-26 08:56:09,,,,,0,1.08,13.92,77.77,11,7.9,31
2026-02-26 08:56:13,,,,,0,1.08,16.91,71.19,17.5,7.89,31
2026-02-26 08:56:17,,,,,0,1.08,22.28,58.9,24,7.92,31
2026-02-26 08:56:21,,,,,0,1.08,23.06,55.49,28,7.94,31
2026-02-26 08:56:25,,,,,0,1.08,23.84,55.29,29.25,7.95,31
2026-02-26 08:56:29,,,,,0,1.08,25.76,48.98,31.75,7.95,31
2026-02-26 08:56:33,,,,,0,1.08,27,48,33.5,7.95,31
2026-02-26 08:56:36,,,,,0,1.08,30.49,40.34,35.5,7.96,31
2026-02-26 08:56:40,,,,,0,1.08,28.45,43.29,36,7.96,31
2026-02-26 08:56:44,,,,,0,1.08,30.2,40.03,36.25,7.94,31
2026-02-26 08:56:48,,,,,0,1.08,30.43,38.13,36.5,7.96,31
2026-02-26 08:56:52,,,,,0,1.09,28.88,43.08,34.75,7.98,31
2026-02-26 08:56:56,,,,,0,1.09,29.17,42.7,34.25,7.97,31
2026-02-26 08:57:00,,,,,0,1.08,29.17,43.62,34.5,7.97,31
2026-02-26 08:57:04,,,,,0,1.08,29.01,44.99,34.5,7.98,31
2026-02-26 08:57:07,,,,,0,1.08,28.7,46.49,35,7.97,31
2026-02-26 08:57:11,,,,,0,1.08,30.43,42.35,35.5,7.98,31
2026-02-26 08:57:15,,,,,0,1.08,27.76,45.95,35.5,7.98,31
2026-02-26 08:57:19,,,,,0,1.08,28.49,43.83,34.75,7.97,31
2026-02-26 08:57:23,,,,,0,1.08,28.78,43.81,34.5,7.96,31
2026-02-26 08:57:27,,,,,0,1.08,28.15,44.56,33.25,7.95,31
2026-02-26 08:57:31,,,,,0,1.08,26.14,48.37,31.5,7.96,31
2026-02-26 08:57:34,,,,,0,1.08,21.79,57.52,28.5,7.96,31
2026-02-26 08:57:38,,,,,0,1.08,20.95,59.07,24,7.92,31
2026-02-26 08:57:42,,,,,0,1.08,20.38,59.4,22,7.96,31
2026-02-26 08:57:46,,,,,0,1.08,19.45,61.52,20.75,7.93,31
2026-02-26 08:57:50,,,,,0,1.09,18.91,64.58,20,7.94,31
2026-02-26 08:57:54,,,,,0,1.08,18.57,65.41,19.25,7.92,31
2026-02-26 08:57:58,,,,,0,1.08,17.59,66.15,18.5,7.94,31
2026-02-26 08:58:02,,,,,0,1.08,17.01,69.35,17.75,7.94,31
2026-02-26 08:58:05,,,,,0,1.08,16.84,69.42,17,7.93,31
2026-02-26 08:58:09,,,,,0,1.08,15.44,75.63,16.5,7.91,31
2026-02-26 08:58:13,,,,,0,1.08,15.19,77.4,15.5,7.91,31
2026-02-26 08:58:17,,,,,0,1.08,14.59,79.06,15,7.92,31
2026-02-26 08:58:21,,,,,0,1.08,13.3,77.88,14.5,7.9,31
2026-02-26 08:58:25,,,,,0,1.08,12.88,79.7,13.75,7.92,31
2026-02-26 08:58:29,,,,,0,1.08,12.08,82.57,13,7.92,31
2026-02-26 08:58:32,,,,,0,1.08,12.31,86.55,12.5,7.9,31
2026-02-26 08:58:36,,,,,0,1.08,11,83.43,12,7.92,31
2026-02-26 08:58:40,,,,,0,1.08,10.88,82.13,11.5,7.93,31
2026-02-26 08:58:44,,,,,0,1.08,10.84,86.3,11,7.93,31
2026-02-26 08:58:48,,,,,0,1.08,11.13,86.67,11,7.9,31
2026-02-26 08:58:52,,,,,0,1.08,9.52,86.6,10.5,7.89,31
2026-02-26 08:58:56,,,,,0,1.08,9.16,87.7,9.75,7.93,31
2026-02-26 08:59:00,,,,,0,1.08,9.71,88.26,9.5,7.89,31
2026-02-26 08:59:03,,,,,0,1.08,9.03,88.39,9.25,7.92,31
2026-02-26 08:59:07,,,,,0,1.08,11.16,91.49,9.5,7.89,31
2026-02-26 08:59:11,,,,,0,1.08,10.25,93.15,9.75,7.89,31
2026-02-26 08:59:15,,,,,0,1.08,12.32,86.64,10.75,7.92,31
2026-02-26 08:59:19,,,,,0,1.08,15.06,74.43,15.75,7.89,31
2026-02-26 08:59:23,,,,,0,1.08,19.03,62.43,21.5,7.92,31
2026-02-26 08:59:27,,,,,0,1.08,21.68,56.55,26.5,7.93,31
2026-02-26 08:59:30,,,,,0,1.08,20.58,58.31,29.25,7.92,31
2026-02-26 08:59:34,,,,,0,1.08,24.82,48.68,30.25,7.96,31
2026-02-26 08:59:38,,,,,0,1.08,24.72,49.14,30.75,7.96,31
2026-02-26 08:59:42,,,,,0,1.08,24.84,51.87,30.25,7.97,31
2026-02-26 08:59:46,,,,,0,1.08,26.18,48.88,31,7.96,31
2026-02-26 08:59:50,,,,,0,1.08,27.65,43.7,32.5,7.96,31
2026-02-26 08:59:54,,,,,0,1.08,25.52,47.35,32.25,7.96,31
2026-02-26 08:59:58,,,,,0,1.08,25.54,47.74,30.25,7.93,31
2026-02-26 09:00:01,,,,,0,1.08,25.82,46.23,29.75,7.94,31
2026-02-26 10:16:12,,,,,0,1.08,25.74,44.47,32.75,7.93,31
2026-02-26 10:16:16,,,,,0,1.08,25.71,41.27,32.5,7.94,31
2026-02-26 10:16:20,,,,,0,1.08,27.4,37.26,33.5,7.92,31
2026-02-26 10:16:24,,,,,0,1.08,27.84,36.14,33.25,7.95,31
2026-02-26 10:16:28,,,,,0,1.08,26.48,38.86,32.75,7.92,31
2026-02-26 10:16:31,,,,,0,1.08,25.56,38.17,31,7.92,31
2026-02-26 10:16:35,,,,,0,1.08,23.62,42.79,29,7.92,31
2026-02-26 10:16:39,,,,,0,1.08,19.95,48.18,24.75,7.9,31
2026-02-26 10:16:43,,,,,0,1.08,19,48.03,21.5,7.93,31
2026-02-26 10:16:47,,,,,0,1.08,18.24,49.65,19.75,7.91,31
2026-02-26 10:16:51,,,,,0,1.07,17.52,55.65,18.75,7.91,31
2026-02-26 10:16:55,,,,,0,1.08,17.19,58.85,18,7.91,31
2026-02-26 10:16:58,,,,,0,1.08,16.23,67.67,17.25,7.89,31
2026-02-26 10:17:02,,,,,0,1.07,16,70.09,16.75,7.9,31
2026-02-26 10:17:06,,,,,0,1.07,15.79,73.35,16.25,7.89,31
2026-02-26 10:17:10,,,,,0,1.08,15.51,75.92,16,7.9,31
2026-02-26 10:17:14,,,,,0,1.07,15.22,78.31,15.5,7.91,31
2026-02-26 10:17:18,,,,,0,1.08,14.97,76.7,15.25,7.92,31
2026-02-26 10:17:22,,,,,0,1.07,13.94,80.65,15,7.89,31
2026-02-26 10:17:26,,,,,0,1.08,13.19,86.19,14.25,7.89,31
2026-02-26 10:17:29,,,,,0,1.08,12.39,90.17,13.25,7.88,31
2026-02-26 10:17:33,,,,,0,1.08,11.54,90.55,12.75,7.91,31
2026-02-26 10:17:37,,,,,0,1.08,12.86,86.66,12.25,7.87,31
2026-02-26 10:17:41,,,,,0,1.08,11.12,87.66,12,7.89,31
2026-02-26 10:17:45,,,,,0,1.08,12.35,92.45,11.75,7.88,31
2026-02-26 10:17:49,,,,,0,1.08,11.16,93.33,11.75,7.88,31
2026-02-26 10:17:53,,,,,0,1.08,10.83,94.19,11.5,7.88,31
2026-02-26 10:17:56,,,,,0,1.08,9.95,93.93,10.5,7.89,31
2026-02-26 10:18:00,,,,,0,1.08,9.49,94.01,10,7.89,31
2026-02-26 10:18:04,,,,,0,1.08,9.6,95.21,9.75,7.89,31
2026-02-26 10:18:08,,,,,0,1.08,9.27,94.04,9.5,7.89,31
2026-02-26 10:18:12,,,,,0,1.08,9.98,97.3,9.25,7.88,31
2026-02-26 10:18:16,,,,,0,1.08,9.41,95.98,9.75,7.9,31
2026-02-26 10:18:20,,,,,0,1.08,11.39,91.31,10.25,7.9,31
2026-02-26 10:18:23,,,,,0,1.08,14,81.5,13.25,7.9,31
2026-02-26 10:18:27,,,,,0,1.08,15.65,79.62,15,7.88,31
2026-02-26 10:18:31,,,,,0,1.08,16.28,76.54,17.25,7.89,31
2026-02-26 10:18:35,,,,,0,1.08,18.18,70.92,19.75,7.92,31
2026-02-26 10:18:39,,,,,0,1.08,19.01,66.52,22,7.93,31
2026-02-26 10:18:43,,,,,0,1.08,18.25,70.24,23.5,7.9,31
2026-02-26 10:18:47,,,,,0,1.08,21.53,60.84,24.25,7.89,31
2026-02-26 10:18:50,,,,,0,1.08,20.81,58.38,26,7.89,31
2026-02-26 10:18:54,,,,,0,1.08,20.6,60.74,26.5,7.94,31
2026-02-26 10:18:58,,,,,0,1.08,19.15,65.98,24.75,7.93,31
2026-02-26 10:19:02,,,,,0,1.08,17.04,72.42,22.5,7.93,31
2026-02-26 10:19:06,,,,,0,1.08,15.95,75.79,19.75,7.9,31
2026-02-26 10:19:10,,,,,0,1.08,15.5,76.73,18.5,7.89,31
2026-02-26 10:19:14,,,,,0,1.08,14.86,78.57,17.5,7.89,31
2026-02-26 10:19:18,,,,,0,1.08,14.06,79.54,17,7.92,31
2026-02-26 10:19:21,,,,,0,1.08,13.95,79.72,15.75,7.91,31
2026-02-26 10:19:25,,,,,0,1.08,13.98,79.98,15.5,7.91,31
2026-02-26 10:19:29,,,,,0,1.08,14.01,82.25,14.75,7.89,31
2026-02-26 10:19:33,,,,,0,1.08,14.13,85.39,14.75,7.91,31
2026-02-26 10:19:37,,,,,0,1.08,13.49,88.38,14.75,7.91,31
2026-02-26 10:19:41,,,,,0,1.08,12.98,89.8,14,7.89,31
2026-02-26 10:19:45,,,,,0,1.08,12.83,96.41,13.75,7.89,31
2026-02-26 10:19:48,,,,,0,1.08,12.7,98.04,13.25,7.9,31
2026-02-26 10:19:52,,,,,0,1.08,12.17,99.03,13,7.89,31
2026-02-26 10:19:56,,,,,0,1.08,12.42,99.63,12.75,7.91,31
2026-02-26 10:20:00,,,,,0,1.08,12.5,99.11,13,7.9,31
2026-02-26 10:20:04,,,,,0,1.08,12.23,97.4,12.75,7.89,31
2026-02-26 10:20:08,,,,,0,1.08,12.11,95.78,12.5,7.88,31
2026-02-26 10:20:12,,,,,0,1.08,12.24,93.98,12.5,7.87,31
2026-02-26 10:20:15,,,,,0,1.08,12.31,92.7,12.5,7.91,31
2026-02-26 10:20:19,,,,,0,1.08,11.42,95.78,12,7.9,31
2026-02-26 10:20:23,,,,,0,1.08,11.8,94.26,11.75,7.9,31
2026-02-26 10:20:27,,,,,0,1.08,12.01,91.19,12,7.9,31
2026-02-26 10:20:31,,,,,0,1.08,11.87,91.55,12,7.89,31
2026-02-26 10:20:35,,,,,0,1.08,11.35,94.1,12,7.89,31
2026-02-26 10:20:39,,,,,0,1.08,11.85,91.75,11.75,7.9,31
2026-02-26 10:20:43,,,,,0,1.08,11.74,92.06,12,7.87,31
2026-02-26 10:20:46,,,,,0,1.08,11.77,92.9,12,7.89,31
2026-02-26 10:20:50,,,,,0,1.08,11.52,93.63,12,7.9,31
2026-02-26 10:20:54,,,,,0,1.08,11.04,96.37,11.75,7.89,31
2026-02-26 10:20:58,,,,,0,1.08,11.71,92.41,11.75,7.88,31
2026-02-26 10:21:02,,,,,0,1.08,11.77,92.13,12,7.89,31
2026-02-26 10:21:06,,,,,0,1.08,11.5,95.17,12,7.89,31
2026-02-26 10:21:10,,,,,0,1.08,10.57,96.88,11.5,7.89,31
2026-02-26 10:21:13,,,,,0,1.08,10.71,98.26,11.25,7.85,31
2026-02-26 10:21:17,,,,,0,1.08,10.84,97.86,11.25,7.86,31
2026-02-26 10:21:21,,,,,0,1.08,9.92,97.68,11,7.89,31
2026-02-26 10:21:25,,,,,0,1.08,10.23,96.75,11,7.85,31
2026-02-26 10:21:29,,,,,0,1.08,15.08,81.75,13.5,7.87,31
2026-02-26 10:21:33,,,,,0,1.08,16.21,75.46,19.25,7.92,31
2026-02-26 10:21:37,,,,,0,1.08,17,70.09,22.25,7.93,31
2026-02-26 10:21:40,,,,,0,1.08,16.84,68.23,24.25,7.93,31
2026-02-26 10:21:44,,,,,0,1.08,17.37,69.82,24.75,7.92,31
2026-02-26 10:21:48,,,,,0,1.08,18.38,65.17,26.5,7.93,31
2026-02-26 10:21:52,,,,,0,1.08,19.22,61.35,27,7.94,31
2026-02-26 10:21:56,,,,,0,1.08,20.85,59.08,27.5,7.94,31
2026-02-26 10:22:00,,,,,0,1.08,21.28,54.6,27.75,7.93,31
2026-02-26 10:22:04,,,,,0,1.08,23.46,51.5,29.5,7.95,31
2026-02-26 10:22:08,,,,,0,1.08,21.43,51.86,30.75,7.94,31
2026-02-26 10:22:11,,,,,0,1.08,21.97,53.3,31.75,7.95,31
2026-02-26 10:22:15,,,,,0,1.08,24.02,50.45,34.25,7.95,31
2026-02-26 10:22:19,,,,,0,1.08,24.36,54.86,32.25,7.96,31
2026-02-26 10:22:23,,,,,0,1.08,24.73,52.11,31,7.92,31
2026-02-26 10:22:27,,,,,0,1.08,25.58,47.81,30.75,7.95,31
2026-02-26 10:22:31,,,,,0,1.08,25.95,48.32,31.5,7.97,31
2026-02-26 10:22:35,,,,,0,1.08,25.52,45.68,31,7.95,31
2026-02-26 10:22:39,,,,,0,1.08,24.73,46.56,30,7.94,31
2026-02-26 10:22:42,,,,,0,1.08,23.19,51.05,27.75,7.94,31
2026-02-26 10:22:46,,,,,0,1.08,20.5,53.96,25.5,7.92,31
2026-02-26 10:22:50,,,,,0,1.08,17.93,59.46,22,7.93,31
2026-02-26 10:22:54,,,,,0,1.08,16.96,59.88,19.25,7.91,31
2026-02-26 10:22:58,,,,,0,1.08,16.21,63.34,17.75,7.94,31
2026-02-26 10:23:02,,,,,0,1.09,16.03,61.58,17,7.9,31
2026-02-26 10:23:06,,,,,0,1.08,15.4,64.9,16.5,7.9,31
2026-02-26 10:23:10,,,,,0,1.08,14.95,63.94,16,7.92,31
2026-02-26 10:23:13,,,,,0,1.08,14.67,60.65,15.25,7.92,31
2026-02-26 10:23:17,,,,,0,1.08,14.55,58.9,15.25,7.93,31
2026-02-26 10:23:21,,,,,0,1.08,14.09,59.09,14.75,7.89,31
2026-02-26 10:23:25,,,,,0,1.08,13.92,60.77,14.75,7.92,31
2026-02-26 10:23:29,,,,,0,1.08,14.08,57.29,14.5,7.92,31
2026-02-26 10:23:33,,,,,0,1.08,12.79,62.63,14.25,7.89,31
2026-02-26 10:23:37,,,,,0,1.08,13.39,60.84,13.5,7.89,31
2026-02-26 10:23:40,,,,,0,1.08,12.82,65.46,13.5,7.9,31
2026-02-26 10:23:44,,,,,0,1.08,12.52,71.53,13,7.9,31
2026-02-26 10:23:48,,,,,0,1.08,12.04,76.15,12.5,7.91,31
2026-02-26 10:23:52,,,,,0,1.08,11.11,76.34,12.25,7.91,31
2026-02-26 10:23:56,,,,,0,1.08,11.29,77.2,11.75,7.89,31
2026-02-26 10:24:00,,,,,0,1.08,11.06,76.2,11.5,7.9,31
2026-02-26 10:24:04,,,,,0,1.08,11.11,79.93,11.25,7.88,31
2026-02-26 10:24:07,,,,,0,1.08,10.92,79.65,11.25,7.9,31
2026-02-26 10:24:11,,,,,0,1.08,10.69,80.09,11.25,7.89,31
2026-02-26 10:24:15,,,,,0,1.08,10.74,77,11,7.91,31
2026-02-26 10:24:19,,,,,0,1.08,11.73,77.48,11.25,7.89,31
2026-02-26 10:24:23,,,,,0,1.08,11.44,80.95,11.5,7.89,31
2026-02-26 10:24:27,,,,,0,1.09,10.93,81.84,11.5,7.89,31
2026-02-26 10:24:31,,,,,0,1.09,11.51,80.23,11.5,7.9,31
2026-02-26 10:24:35,,,,,0,1.09,12.04,80.48,12,7.91,31
2026-02-26 10:24:38,,,,,0,1.09,12.37,78.52,12.75,7.9,31
2026-02-26 10:24:42,,,,,0,1.09,13.06,74.9,13.5,7.9,31
2026-02-26 10:24:46,,,,,0,1.09,13.64,72.69,14.25,7.9,31
2026-02-26 10:24:50,,,,,0,1.09,14.8,66.08,15.5,7.88,31
2026-02-26 10:24:54,,,,,0,1.09,15.58,61.03,17,7.88,31
2026-02-26 10:24:58,,,,,0,1.09,15.78,60.06,18.25,7.9,31
2026-02-26 10:25:02,,,,,0,1.09,15.46,60.83,18.25,7.9,31
2026-02-26 10:25:05,,,,,0,1.09,15.98,61.64,18.25,7.89,31
2026-02-26 10:25:09,,,,,0,1.09,15.9,59.11,18.25,7.9,31
2026-02-26 10:25:13,,,,,0,1.09,16.35,58.93,18.25,7.9,31
2026-02-26 10:25:17,,,,,0,1.09,15.96,58.45,18,7.91,31
2026-02-26 10:25:21,,,,,0,1.09,16.59,57.53,18,7.9,31
2026-02-26 10:25:25,,,,,0,1.09,16.61,57.41,18.5,7.89,31
2026-02-26 10:25:29,,,,,0,1.09,16.98,56.94,18.75,7.9,31
2026-02-26 10:25:32,,,,,0,1.09,16.24,56.61,18.75,7.89,31
2026-02-26 10:25:36,,,,,0,1.09,15.56,59.82,18,7.9,31
2026-02-26 10:25:40,,,,,0,1.09,15.5,64.71,17,7.88,31
2026-02-26 10:25:44,,,,,0,1.09,15.23,63.19,16.5,7.89,31
2026-02-26 10:25:48,,,,,0,1.09,16.37,59.4,16.5,7.9,31
2026-02-26 10:25:52,,,,,0,1.09,16.1,59.25,17.25,7.9,31
2026-02-26 10:25:56,,,,,0,1.09,15.56,61.79,18,7.89,31
2026-02-26 10:26:00,,,,,0,1.1,13.92,69.11,16.25,7.88,31
2026-02-26 10:26:03,,,,,0,1.1,11.87,74.43,14.25,7.88,31
2026-02-26 10:26:07,,,,,0,1.1,10.39,76.72,12.5,7.9,31
2026-02-26 10:26:11,,,,,0,1.1,9.85,80.5,11.25,7.89,31
2026-02-26 10:26:15,,,,,0,1.1,8.39,84.23,10,7.89,31
2026-02-26 10:26:19,,,,,0,1.1,7.41,85.11,9.25,7.88,31
2026-02-26 10:26:23,,,,,0,1.1,7.88,83.3,8.5,7.89,31
2026-02-26 10:26:27,,,,,0,1.1,7,86.92,8,7.88,31
2026-02-26 10:26:30,,,,,0,1.1,6.45,89.07,7.75,7.87,31
2026-02-26 10:26:34,,,,,0,1.1,7.64,85.87,7.75,7.86,31
2026-02-26 10:26:38,,,,,0,1.1,7.01,91.13,7.5,7.86,31
2026-02-26 10:26:42,,,,,0,1.1,7.32,96.03,7,7.88,31
2026-02-26 10:26:46,,,,,0,1.1,5.58,95.26,6.5,7.86,31
2026-02-26 10:26:50,,,,,0,1.1,5.18,95.43,6,7.87,31
2026-02-26 10:26:53,,,,,0,1.1,4.79,96.14,5.75,7.88,31
2026-02-26 10:26:57,,,,,0,1.1,4.34,95.97,5.25,7.85,31
2026-02-26 10:27:01,,,,,0,1.1,3.87,96.54,4.75,7.88,31
2026-02-26 10:27:05,,,,,0,1.1,4.47,97.18,4.75,7.88,31
2026-02-26 10:27:09,,,,,0,1.1,3.33,97.28,4.5,7.86,31
2026-02-26 10:27:13,,,,,0,1.1,4.92,100,4,7.88,31
2026-02-26 10:27:17,,,,,0,1.1,3.14,97.49,4.25,7.88,31
2026-02-26 10:27:20,,,,,0,1.1,3.86,99.63,3.75,7.87,31
2026-02-26 10:27:24,,,,,0,1.1,3.93,98.13,4,7.86,31
2026-02-26 10:27:28,,,,,0,1.1,2.71,99.7,3.5,7.85,31
2026-02-26 10:27:32,,,,,0,1.1,2.85,99.9,3.25,7.87,31
2026-02-26 10:27:36,,,,,0,1.1,6.29,98.53,3.75,7.87,31
2026-02-26 10:27:40,,,,,0,1.1,10.35,88.07,9,7.86,31
2026-02-26 10:27:43,,,,,0,1.1,13.51,70.82,15.5,7.91,31
2026-02-26 10:27:47,,,,,0,1.1,14.7,69.35,21.25,7.87,31
2026-02-26 10:27:51,,,,,0,1.1,16.54,63.09,23,7.89,31
2026-02-26 10:27:55,,,,,0,1.1,16.84,59.34,25.75,7.92,31
2026-02-26 10:27:59,,,,,0,1.1,17.63,57.54,26.75,7.93,31
2026-02-26 10:28:03,,,,,0,1.1,19.37,50.79,28,7.93,31
2026-02-26 10:28:07,,,,,0,1.1,21.61,47.86,29,7.91,31
2026-02-26 10:28:11,,,,,0,1.1,23.21,45,30,7.94,31
2026-02-26 10:28:14,,,,,0,1.1,26.17,37.68,31.5,7.91,31
2026-02-26 10:28:18,,,,,0,1.1,26.16,37.97,32.75,7.92,31
2026-02-26 10:28:22,,,,,0,1.1,25.46,36.64,33.75,7.94,31
2026-02-26 10:28:26,,,,,0,1.1,26.58,35.04,35.75,7.95,31
2026-02-26 10:28:30,,,,,0,1.1,26.34,34.68,35.75,7.96,31
2026-02-26 10:28:34,,,,,0,1.1,28.6,33.79,36.5,7.95,31
2026-02-26 10:28:38,,,,,0,1.1,28.91,37.39,36,7.96,31
2026-02-26 10:28:42,,,,,0,1.1,29.6,34.44,35.5,7.94,31
2026-02-26 10:28:45,,,,,0,1.1,30.08,30.46,35.5,7.96,31
2026-02-26 10:28:49,,,,,0,1.1,29.38,32.53,35.5,7.96,31
2026-02-26 10:28:53,,,,,0,1.1,28.62,34.52,34.5,7.94,31
2026-02-26 10:28:57,,,,,0,1.1,27.34,35.89,33.25,7.94,31
2026-02-26 10:29:01,,,,,0,1.1,21.46,45.84,29.5,7.93,31
2026-02-26 10:29:05,,,,,0,1.1,20.09,50.01,24,7.94,31
2026-02-26 10:29:09,,,,,0,1.1,19.3,53.56,21.5,7.91,31
2026-02-26 10:29:13,,,,,0,1.1,18.17,54.9,20,7.93,31
2026-02-26 10:29:16,,,,,0,1.1,16.6,70.3,18.5,7.92,31
2026-02-26 10:29:20,,,,,0,1.1,14.77,76.78,16.75,7.9,31
2026-02-26 10:29:24,,,,,0,1.1,13.08,69.52,15.5,7.9,31
2026-02-26 10:29:28,,,,,0,1.1,12.79,72.66,14,7.92,31
2026-02-26 10:29:32,,,,,0,1.1,11.91,78.43,13,7.89,31
2026-02-26 10:29:36,,,,,0,1.1,10.78,76.92,12,7.89,31
2026-02-26 10:29:40,,,,,0,1.1,10.63,75.91,11.25,7.92,31
2026-02-26 10:29:43,,,,,0,1.1,9.83,79.01,11,7.91,31
2026-02-26 10:29:47,,,,,0,1.1,9.73,81.11,10.25,7.91,31
2026-02-26 10:29:51,,,,,0,1.1,9.16,82.02,9.75,7.91,31
2026-02-26 10:29:55,,,,,0,1.1,8.64,84.05,9.25,7.91,31
2026-02-26 10:29:59,,,,,0,1.1,8.99,85.11,9.25,7.9,31
2026-02-26 10:30:03,,,,,0,1.1,8.21,84.7,9.25,7.88,31
2026-02-26 10:30:07,,,,,0,1.1,7.54,87.84,8.75,7.91,31
2026-02-26 10:30:10,,,,,0,1.1,6.88,89.23,8,7.91,31
2026-02-26 10:30:14,,,,,0,1.1,8.29,93.59,7.75,7.9,31
2026-02-26 10:30:18,,,,,0,1.1,6.89,91.15,7.5,7.9,31
2026-02-26 10:30:22,,,,,0,1.1,7.55,93.17,7.5,7.9,31
2026-02-26 10:30:26,,,,,0,1.1,5.95,91.62,7,7.89,31
2026-02-26 10:30:30,,,,,0,1.1,6.19,92.21,6.75,7.88,31
2026-02-26 10:30:34,,,,,0,1.1,6.71,93.28,6.5,7.89,31
2026-02-26 10:30:37,,,,,0,1.1,5.35,92.42,6.25,7.9,31
2026-02-26 10:30:41,,,,,0,1.1,6.73,90.53,6.25,7.89,31
2026-02-26 10:30:45,,,,,0,1.1,14.26,70.48,10.75,7.9,31
2026-02-26 10:30:49,,,,,0,1.1,16.86,62.88,18.5,7.94,31
2026-02-26 10:30:53,,,,,0,1.1,18.72,56.78,24.75,7.92,31
2026-02-26 10:30:57,,,,,0,1.1,19.78,56,28.5,7.93,31
2026-02-26 10:31:01,,,,,0,1.1,20.59,50.63,30.75,7.94,31
2026-02-26 10:31:04,,,,,0,1.1,21.92,49.8,33,7.96,31
2026-02-26 10:31:08,,,,,0,1.1,23.68,46.28,33,7.97,31
2026-02-26 10:31:12,,,,,0,1.1,25.58,42.14,32.25,7.96,31
2026-02-26 10:31:16,,,,,0,1.1,26.34,39.36,33.25,7.95,31
2026-02-26 10:31:20,,,,,0,1.1,26.27,41.65,33.25,7.94,31
2026-02-26 10:31:24,,,,,0,1.1,26.03,41.54,31.75,7.95,31
2026-02-26 10:31:28,,,,,0,1.09,24.38,47.87,30.5,7.96,31
2026-02-26 10:31:32,,,,,0,1.1,23.99,47.15,30.25,7.96,31
2026-02-26 10:31:35,,,,,0,1.09,24.16,48.73,30,7.96,31
2026-02-26 10:31:39,,,,,0,1.09,25.09,46.23,31.25,7.94,31
2026-02-26 10:31:43,,,,,0,1.09,26.49,38.46,31.5,7.94,31
2026-02-26 10:31:47,,,,,0,1.09,27.16,37.13,31.5,7.94,31
2026-02-26 10:31:51,,,,,0,1.09,27.03,36.65,31.5,7.95,31
2026-02-26 10:31:55,,,,,0,1.09,26.83,36.04,31.5,7.97,31
2026-02-26 10:31:59,,,,,0,1.09,26.3,41.77,31,7.92,31
2026-02-26 10:32:03,,,,,0,1.09,25.25,43.6,29.5,7.92,31
2026-02-26 10:32:06,,,,,0,1.09,20.96,55.55,26.5,7.94,31
2026-02-26 10:32:10,,,,,0,1.09,20.1,60.34,22.75,7.95,31
2026-02-26 10:32:14,,,,,0,1.09,19.48,63.79,21.25,7.94,31
2026-02-26 10:32:18,,,,,0,1.09,18.83,67.21,20,7.95,31
2026-02-26 10:32:22,,,,,0,1.09,18.39,67.6,19.5,7.94,31
2026-02-26 10:32:26,,,,,0,1.09,18.04,68.25,19,7.95,31
2026-02-26 10:32:30,,,,,0,1.09,16.45,75.25,18,7.94,31
2026-02-26 10:32:34,,,,,0,1.09,16.47,75.29,17.25,7.94,31
2026-02-26 10:32:37,,,,,0,1.09,14.74,81.19,16.25,7.94,31
2026-02-26 10:32:41,,,,,0,1.09,13.47,86.08,15,7.91,31
2026-02-26 10:32:45,,,,,0,1.09,12.41,86.87,14,7.92,31
2026-02-26 10:32:49,,,,,0,1.09,11.98,86.91,13.25,7.92,31
2026-02-26 10:32:53,,,,,0,1.09,11.34,86.17,12.25,7.92,31
2026-02-26 10:32:57,,,,,0,1.09,11.27,88.62,12,7.91,31
2026-02-26 10:33:01,,,,,0,1.09,10.4,88.89,11.5,7.9,31
2026-02-26 10:33:04,,,,,0,1.09,9.81,90.07,11,7.93,31
2026-02-26 10:33:08,,,,,0,1.09,10.72,91.25,10.5,7.92,31
2026-02-26 10:33:12,,,,,0,1.09,9.48,91.43,10.25,7.93,31
2026-02-26 10:33:16,,,,,0,1.09,9.07,89.47,9.75,7.92,31
2026-02-26 10:33:20,,,,,0,1.09,8.82,92.21,9.75,7.92,31
2026-02-26 10:33:24,,,,,0,1.09,9.25,94.39,9.5,7.92,31
2026-02-26 10:33:28,,,,,0,1.09,8.03,93.57,9,7.89,31
2026-02-26 10:33:31,,,,,0,1.09,8.03,95.17,8.75,7.91,31
2026-02-26 10:33:35,,,,,0,1.08,7.87,95.42,8.5,7.89,31
2026-02-26 10:33:39,,,,,0,1.08,7.84,96.9,8.25,7.9,31
2026-02-26 10:33:43,,,,,0,1.08,7.61,97.73,8,7.91,31
2026-02-26 10:33:47,,,,,0,1.08,8.31,98.03,8.25,7.9,31
2026-02-26 10:33:51,,,,,0,1.08,13.72,81.18,11,7.88,31
2026-02-26 10:33:54,,,,,0,1.08,16.87,73,17.5,7.94,31
2026-02-26 10:33:58,,,,,0,1.08,19.41,65.17,24,7.92,31
2026-02-26 10:34:02,,,,,0,1.08,19.54,64.95,28,7.91,31
2026-02-26 10:34:06,,,,,0,1.08,19.54,65.19,30.25,7.95,31
2026-02-26 10:34:10,,,,,0,1.08,20.6,60.81,32,7.96,31
2026-02-26 10:34:14,,,,,0,1.08,21.8,59.41,33,7.92,31
2026-02-26 10:34:18,,,,,0,1.08,24.5,52.13,33,7.98,31
2026-02-26 10:34:22,,,,,0,1.08,26.85,47.55,33,7.97,31
2026-02-26 10:34:25,,,,,0,1.08,26.73,47.12,33,7.94,31
2026-02-26 10:34:29,,,,,0,1.08,27.65,42.82,33.5,7.98,31
2026-02-26 10:34:33,,,,,0,1.08,24.61,51.34,32.5,7.98,31
2026-02-26 10:34:37,,,,,0,1.08,25.28,50.33,32,7.98,31
2026-02-26 10:34:41,,,,,0,1.08,25.77,49.95,32.75,7.94,31
2026-02-26 10:34:45,,,,,0,1.08,26.55,47.36,32.75,7.98,31
2026-02-26 10:34:49,,,,,0,1.08,28.41,44.07,33.25,7.95,31
2026-02-26 10:34:53,,,,,0,1.08,28.96,43.1,33.5,7.98,31
2026-02-26 10:34:56,,,,,0,1.08,28.86,42.26,33.75,7.98,31
2026-02-26 10:35:00,,,,,0,1.08,28.33,41.19,33.25,7.98,31
2026-02-26 10:35:04,,,,,0,1.08,27.7,41.65,32.75,7.97,31
2026-02-26 10:35:08,,,,,0,1.08,25.67,44.59,31,7.95,31
2026-02-26 10:35:12,,,,,0,1.08,21.37,52.24,27.75,7.95,31
2026-02-26 10:35:16,,,,,0,1.08,20.25,55.22,23.5,7.95,31
2026-02-26 10:35:20,,,,,0,1.08,19.87,54.7,21.5,7.96,31
2026-02-26 10:35:24,,,,,0,1.08,19.89,55.45,20.75,7.95,31
2026-02-26 10:35:27,,,,,0,1.08,19.52,57,20.25,7.93,31
2026-02-26 10:35:31,,,,,0,1.08,17.54,65.39,19.25,7.94,31
2026-02-26 10:35:35,,,,,0,1.08,16,69.11,17.75,7.91,31
2026-02-26 10:35:39,,,,,0,1.08,15.27,73.51,16.5,7.94,31
2026-02-26 10:35:43,,,,,0,1.08,13.59,71.17,15.25,7.95,31
2026-02-26 10:35:47,,,,,0,1.08,11.87,74.91,14,7.91,31
2026-02-26 10:35:51,,,,,0,1.07,11.69,75.09,13,7.91,31
2026-02-26 10:35:54,,,,,0,1.07,11.48,82.4,12.25,7.91,31
2026-02-26 10:35:58,,,,,0,1.08,10.63,77.79,11.75,7.91,31
2026-02-26 10:36:02,,,,,0,1.08,10.11,81.45,11.25,7.9,31
2026-02-26 10:36:06,,,,,0,1.08,9.73,82.17,10.75,7.92,31
2026-02-26 10:36:10,,,,,0,1.07,9.4,82.9,10.25,7.92,31
2026-02-26 10:36:14,,,,,0,1.07,9.14,84.3,9.75,7.92,31
2026-02-26 10:36:18,,,,,0,1.07,8.65,85.66,9.25,7.92,31
2026-02-26 10:36:21,,,,,0,1.07,8.14,84.84,9,7.9,31
2026-02-26 10:36:25,,,,,0,1.07,8.11,88.49,8.75,7.92,31
2026-02-26 10:36:29,,,,,0,1.07,8.32,89.43,8.5,7.92,31
2026-02-26 10:36:33,,,,,0,1.07,7.4,89.15,8.25,7.91,31
2026-02-26 10:36:37,,,,,0,1.07,7.54,92.32,7.75,7.92,31
2026-02-26 10:36:41,,,,,0,1.07,7.08,89.41,7.75,7.9,31
2026-02-26 10:36:45,,,,,0,1.07,6.83,89.4,7.5,7.92,31
2026-02-26 10:36:48,,,,,0,1.07,7.01,90.54,7.5,7.9,31
2026-02-26 10:36:52,,,,,0,1.07,7.33,91.55,7.25,7.92,31
2026-02-26 10:36:56,,,,,0,1.07,12.73,80.05,9.5,7.9,31
2026-02-26 10:37:00,,,,,0,1.07,15.76,66.06,15.75,7.92,31
2026-02-26 10:37:04,,,,,0,1.07,18.34,59.12,22.75,7.95,31
2026-02-26 10:37:08,,,,,0,1.08,19.95,55.5,27.5,7.92,31
2026-02-26 10:37:12,,,,,0,1.07,19.58,56.94,29.75,7.95,31
2026-02-26 10:37:15,,,,,0,1.07,20.58,57.8,31,7.93,31
2026-02-26 10:37:19,,,,,0,1.07,22.37,49.54,31.75,7.96,31
2026-02-26 10:37:23,,,,,0,1.07,24.26,48.52,32.25,7.97,31
2026-02-26 10:37:27,,,,,0,1.07,27.46,42.45,32.75,7.94,31
2026-02-26 10:37:31,,,,,0,1.07,28.69,40.47,34.75,7.97,31
2026-02-26 10:37:35,,,,,0,1.07,27.93,41.8,34.75,7.98,31
2026-02-26 10:37:39,,,,,0,1.07,25.65,43.49,34,7.98,31
2026-02-26 10:37:42,,,,,0,1.08,25.72,43.3,32.5,7.95,31
2026-02-26 10:37:46,,,,,0,1.08,26.36,43.8,32.75,7.98,31
2026-02-26 10:37:50,,,,,0,1.08,26.43,41.73,32.75,7.98,31
2026-02-26 10:37:54,,,,,0,1.08,28.8,38.71,33.5,7.95,31
2026-02-26 10:37:58,,,,,0,1.07,29.45,38.46,33.75,7.97,31
2026-02-26 10:38:02,,,,,0,1.08,29.34,38.24,34.25,7.98,31
2026-02-26 10:38:06,,,,,0,1.08,28.96,38.67,34.25,7.95,31
2026-02-26 10:38:10,,,,,0,1.07,28.72,39.97,34,7.97,31
2026-02-26 10:38:13,,,,,0,1.08,26.58,43.01,32.5,7.96,31
2026-02-26 10:38:17,,,,,0,1.08,21.61,53.18,29.25,7.96,31
2026-02-26 10:38:21,,,,,0,1.08,20.6,53.57,24.25,7.86,31
2026-02-26 10:38:25,,,,,0,1.08,20.25,54.65,22,7.97,31
2026-02-26 10:38:29,,,,,0,1.08,20.27,53.53,21,7.93,31
2026-02-26 10:38:33,,,,,0,1.08,19.96,52.9,20.5,7.96,31
2026-02-26 10:38:37,,,,,0,1.08,17.37,64.65,19.5,7.96,31
2026-02-26 10:38:41,,,,,0,1.08,16.04,69.96,18,7.92,31
2026-02-26 10:38:44,,,,,0,1.08,13.9,69.3,16.5,7.94,31
2026-02-26 10:38:48,,,,,0,1.08,12.78,70.8,15,7.92,31
2026-02-26 10:38:52,,,,,0,1.08,12.13,72.13,13.75,7.92,31
2026-02-26 10:38:56,,,,,0,1.08,11.66,74.08,12.75,7.94,31
2026-02-26 10:39:00,,,,,0,1.08,11.4,76.51,12.25,7.93,31
2026-02-26 10:39:04,,,,,0,1.08,10.76,78.57,12,7.94,31
2026-02-26 10:39:08,,,,,0,1.08,10.9,81.86,11.25,7.91,31
2026-02-26 10:39:11,,,,,0,1.08,9.78,83.09,10.75,7.91,31
2026-02-26 10:39:15,,,,,0,1.08,9.18,83.61,10,7.93,31
2026-02-26 10:39:19,,,,,0,1.09,8.8,82.13,9.5,7.93,31
2026-02-26 10:39:23,,,,,0,1.08,8.53,84.03,9.25,7.92,31
2026-02-26 10:39:27,,,,,0,1.09,8.57,82.61,9,7.92,31
2026-02-26 10:39:31,,,,,0,1.09,7.86,83.51,8.5,7.93,31
2026-02-26 10:39:35,,,,,0,1.09,8.39,82.78,8.75,7.92,31
2026-02-26 10:39:38,,,,,0,1.09,7.82,85.31,8.25,7.93,31
2026-02-26 10:39:42,,,,,0,1.09,7.28,84.85,8,7.89,31
2026-02-26 10:39:46,,,,,0,1.09,7.55,88.68,7.5,7.89,31
2026-02-26 10:39:50,,,,,0,1.09,6.83,85.86,7.25,7.91,31
2026-02-26 10:39:54,,,,,0,1.09,6.76,88.71,7.5,7.91,31
2026-02-26 10:39:58,,,,,0,1.09,7.42,90.34,7.25,7.91,31
2026-02-26 10:40:01,,,,,0,1.09,11.68,77.19,8.75,7.92,31
2026-02-26 10:40:05,,,,,0,1.09,15.85,64.92,14.5,7.91,31
2026-02-26 10:40:09,,,,,0,1.09,19.64,51.21,22,7.94,31
2026-02-26 10:40:13,,,,,0,1.09,20.35,51.37,27.75,7.92,31
2026-02-26 10:40:17,,,,,0,1.09,20.9,52.02,30.75,7.97,31
2026-02-26 10:40:21,,,,,0,1.09,21.15,51.5,30.25,7.93,31
2026-02-26 10:40:25,,,,,0,1.09,22.4,48.68,31,7.94,31
2026-02-26 10:40:28,,,,,0,1.09,25.36,44.8,33,7.94,31
2026-02-26 10:40:32,,,,,0,1.09,27.63,42.33,34.25,7.98,31
2026-02-26 10:40:36,,,,,0,1.09,29.32,39.16,34.5,7.98,31
2026-02-26 10:40:40,,,,,0,1.09,29.81,38.69,35.25,7.97,31
2026-02-26 10:40:44,,,,,0,1.09,27.52,38.07,36.5,7.95,31
2026-02-26 10:40:48,,,,,0,1.09,27.79,40.97,37,7.98,31
2026-02-26 10:40:52,,,,,0,1.09,26.46,40.57,34.25,7.98,31
2026-02-26 10:40:56,,,,,0,1.09,26.78,41.71,33.5,7.98,31
2026-02-26 10:40:59,,,,,0,1.09,29.1,38.17,33.75,7.98,31
2026-02-26 10:41:03,,,,,0,1.09,30,37.5,34.25,7.98,31
2026-02-26 10:41:07,,,,,0,1.09,30.49,38.09,34.75,7.98,31
2026-02-26 10:41:11,,,,,0,1.09,29.23,40.05,34.75,7.96,31
2026-02-26 10:41:15,,,,,0,1.1,28.15,41.48,33.5,7.94,31
2026-02-26 10:41:19,,,,,0,1.09,26.71,43.14,32.5,7.96,31
2026-02-26 10:41:23,,,,,0,1.09,21.62,53.86,29.5,7.94,31
2026-02-26 10:41:27,,,,,0,1.1,19.88,59.43,24,7.94,31
2026-02-26 10:41:30,,,,,0,1.09,19.62,59.05,21.25,7.96,31
2026-02-26 10:41:34,,,,,0,1.09,19.64,58.12,20.5,7.96,31
2026-02-26 10:41:38,,,,,0,1.09,17.92,60.93,20,7.96,31
2026-02-26 10:41:42,,,,,0,1.09,16.86,70.45,18.5,7.95,31
2026-02-26 10:41:46,,,,,0,1.1,15.7,72.34,17.5,7.95,31
2026-02-26 10:41:50,,,,,0,1.09,14.5,79.75,16,7.93,31
2026-02-26 10:41:54,,,,,0,1.09,13.59,77.77,15,7.95,31
2026-02-26 10:41:57,,,,,0,1.1,12.49,80.88,13.75,7.95,31
2026-02-26 10:42:01,,,,,0,1.1,11.56,77.74,13,7.94,31
2026-02-26 10:42:05,,,,,0,1.1,11.16,79.38,12.25,7.94,31
2026-02-26 10:42:09,,,,,0,1.1,10.55,81.42,11.75,7.92,31
2026-02-26 10:42:13,,,,,0,1.1,10.67,82.47,11,7.94,31
2026-02-26 10:42:17,,,,,0,1.1,10.23,86.58,10.75,7.93,31
2026-02-26 10:42:21,,,,,0,1.1,9.79,82.42,10.5,7.93,31
2026-02-26 10:42:24,,,,,0,1.1,9.31,87.42,10,7.93,31
2026-02-26 10:42:28,,,,,0,1.1,8.95,88.44,9.5,7.92,31
2026-02-26 10:42:32,,,,,0,1.1,8.49,86.43,9.25,7.93,31
2026-02-26 10:42:36,,,,,0,1.1,8.1,87.35,8.75,7.93,31
2026-02-26 10:42:40,,,,,0,1.1,7.9,87.95,8.5,7.92,31
2026-02-26 10:42:44,,,,,0,1.1,7.9,86.2,8.25,7.92,31
2026-02-26 10:42:48,,,,,0,1.1,7.99,89.64,8,7.9,31
2026-02-26 10:42:51,,,,,0,1.1,8.83,91,8.5,7.89,31
2026-02-26 10:42:55,,,,,0,1.1,8.14,91.78,8.75,7.89,31
2026-02-26 10:42:59,,,,,0,1.1,7.01,91.36,8.25,7.91,31
2026-02-26 10:43:03,,,,,0,1.1,7.16,93.05,7.75,7.89,31
2026-02-26 10:43:07,,,,,0,1.1,10.79,83.58,8.5,7.91,31
2026-02-26 10:43:11,,,,,0,1.1,14.68,73.35,13.25,7.89,31
2026-02-26 10:43:15,,,,,0,1.1,17.82,60.89,19.75,7.94,31
2026-02-26 10:43:18,,,,,0,1.1,18.86,56.99,24,7.94,31
2026-02-26 10:43:22,,,,,0,1.1,19.45,55.9,27.25,7.93,31
2026-02-26 10:43:26,,,,,0,1.1,19.38,55.71,29.5,7.93,31
2026-02-26 10:43:30,,,,,0,1.1,20.96,53.01,29.75,7.97,31
2026-02-26 10:43:35,,,,,0,1.1,22.63,50.89,31,7.97,31
2026-02-26 10:43:39,,,,,0,1.1,25.12,45.88,31.25,7.94,31
2026-02-26 10:43:43,,,,,0,1.1,26.27,44.55,31.75,7.96,31
2026-02-26 10:43:46,,,,,0,1.1,26.66,41.82,32.25,7.97,31
2026-02-26 10:43:50,,,,,0,1.1,24.4,45.46,31.75,7.97,31
2026-02-26 10:43:54,,,,,0,1.1,23.88,45.43,30.5,7.95,31
2026-02-26 10:43:58,,,,,0,1.1,24.32,47.64,30.75,7.97,31
2026-02-26 10:44:02,,,,,0,1.1,24.8,45,31.5,7.95,31
2026-02-26 10:44:06,,,,,0,1.1,26.92,42.61,31.75,7.95,31
2026-02-26 10:44:10,,,,,0,1.1,28.74,38.79,32.25,7.97,31
2026-02-26 10:44:14,,,,,0,1.1,28.13,41.38,33,7.94,31
2026-02-26 10:44:17,,,,,0,1.1,28.1,40.18,33,7.97,31
2026-02-26 10:44:21,,,,,0,1.09,27.49,42.13,32.75,7.97,31
2026-02-26 10:44:25,,,,,0,1.09,26.46,43.38,31.5,7.95,31
2026-02-26 10:44:29,,,,,0,1.09,21.2,53.75,29.25,7.93,31
2026-02-26 10:44:33,,,,,0,1.09,19.3,58.56,23.75,7.96,31
2026-02-26 10:44:37,,,,,0,1.09,18.43,58.91,20.75,7.95,31
2026-02-26 10:44:41,,,,,0,1.09,16.7,65.81,19,7.96,31
2026-02-26 10:44:44,,,,,0,1.09,16.62,63.13,17.5,7.93,31
2026-02-26 10:44:48,,,,,0,1.09,15.38,68.44,16.75,7.92,31
2026-02-26 10:44:52,,,,,0,1.09,15.71,72.09,16,7.92,31
2026-02-26 10:44:56,,,,,0,1.09,14.96,71.87,15.75,7.92,31
2026-02-26 10:45:00,,,,,0,1.09,13.59,72.41,15,7.92,31
2026-02-26 10:45:04,,,,,0,1.09,12.39,82.27,13.75,7.92,31
2026-02-26 10:45:08,,,,,0,1.09,11.09,77.15,12.75,7.94,31
2026-02-26 10:45:12,,,,,0,1.09,10.82,80.23,11.75,7.91,31
2026-02-26 10:45:15,,,,,0,1.09,10.94,86.11,11.25,7.94,31
2026-02-26 10:45:19,,,,,0,1.09,10.21,83.84,11,7.91,31
2026-02-26 10:45:23,,,,,0,1.09,10.6,86.15,10.5,7.9,31
2026-02-26 10:45:27,,,,,0,1.09,8.44,84.66,10.25,7.9,31
2026-02-26 10:45:31,,,,,0,1.09,8.06,86.76,9.5,7.92,31
2026-02-26 10:45:35,,,,,0,1.09,7.94,85.7,8.75,7.92,31
2026-02-26 10:45:39,,,,,0,1.09,7.7,87.84,8.25,7.91,31
2026-02-26 10:45:42,,,,,0,1.09,7.43,87.42,7.75,7.91,31
2026-02-26 10:45:46,,,,,0,1.09,7.38,90.35,7.75,7.92,31
2026-02-26 10:45:50,,,,,0,1.09,6.73,90.81,7.25,7.91,31
2026-02-26 10:45:54,,,,,0,1.09,7.12,87.91,7.25,7.92,31
2026-02-26 10:45:58,,,,,0,1.09,6.33,89.86,7,7.91,31
2026-02-26 10:46:02,,,,,0,1.09,5.86,88.13,6.75,7.91,31
2026-02-26 10:46:05,,,,,0,1.09,6.75,92.09,6.5,7.92,31
2026-02-26 10:46:09,,,,,0,1.09,6.6,90.29,6.75,7.91,31
2026-02-26 10:46:13,,,,,0,1.09,9.64,84.57,7.5,7.89,31
2026-02-26 10:46:17,,,,,0,1.09,12.58,77.81,12,7.89,31
2026-02-26 10:46:21,,,,,0,1.09,17.31,65.03,19,7.91,31
2026-02-26 10:46:25,,,,,0,1.09,19.65,58.19,25,7.94,31
2026-02-26 10:46:29,,,,,0,1.09,20.75,56.5,28.75,7.94,31
2026-02-26 10:46:32,,,,,0,1.09,20.88,55.5,29.5,7.96,31
2026-02-26 10:46:36,,,,,0,1.09,22.29,53.92,30.75,7.95,31
2026-02-26 10:46:40,,,,,0,1.09,24.77,49.42,32.25,7.93,31
2026-02-26 10:46:44,,,,,0,1.09,27.85,41.51,32.5,7.97,31
2026-02-26 10:46:48,,,,,0,1.09,29.66,37.08,34.25,7.96,31
2026-02-26 10:46:52,,,,,0,1.09,31.59,36.38,36.25,7.97,31
2026-02-26 10:46:56,,,,,0,1.09,30.42,34.88,37.75,7.98,31
2026-02-26 10:47:00,,,,,0,1.09,29.73,37.93,39.25,7.97,31
2026-02-26 10:47:03,,,,,0,1.09,30.64,33.82,39.5,7.96,31
2026-02-26 10:47:07,,,,,0,1.09,29.75,35.14,40.5,7.98,31
2026-02-26 10:47:11,,,,,0,1.09,31.8,32.96,38.5,7.98,31
2026-02-26 10:47:15,,,,,0,1.08,33.04,30.5,38,7.98,31
2026-02-26 10:47:19,,,,,0,1.09,33.34,28.49,38.5,7.98,31
2026-02-26 10:47:23,,,,,0,1.09,32.89,32.8,38.5,7.98,31
2026-02-26 10:47:27,,,,,0,1.08,32.14,34.29,37.75,7.95,31
2026-02-26 10:47:31,,,,,0,1.09,29.92,37.45,36,7.95,31
2026-02-26 10:47:34,,,,,0,1.08,24.75,42.86,32.75,7.94,31
2026-02-26 10:47:38,,,,,0,1.08,23.34,47.33,27.25,7.96,31
2026-02-26 10:47:42,,,,,0,1.08,22.49,50.83,24.75,7.95,31
2026-02-26 10:47:46,,,,,0,1.08,22.36,47.53,23.5,7.96,31
2026-02-26 10:47:50,,,,,0,1.08,22.4,48.94,23,7.94,31
2026-02-26 10:47:54,,,,,0,1.08,21.05,49.83,22.5,7.94,31
2026-02-26 10:47:58,,,,,0,1.08,20.41,50.57,21.25,7.93,31
2026-02-26 10:48:01,,,,,0,1.08,17.69,59.86,20.25,7.95,31
2026-02-26 10:48:05,,,,,0,1.08,16.78,67.23,18.75,7.95,31
2026-02-26 10:48:09,,,,,0,1.08,14.9,66.49,17.25,7.92,31
2026-02-26 10:48:13,,,,,0,1.08,13.78,77.24,15.75,7.92,31
2026-02-26 10:48:17,,,,,0,1.08,13.37,69.49,14.5,7.92,31
2026-02-26 10:48:21,,,,,0,1.08,12.98,69.18,13.75,7.94,31
2026-02-26 10:48:25,,,,,0,1.08,13.07,79.34,13.25,7.94,31
2026-02-26 10:48:28,,,,,0,1.08,11.29,72.99,12.75,7.91,31
2026-02-26 10:48:32,,,,,0,1.08,10.93,74.6,12,7.91,31
2026-02-26 10:48:36,,,,,0,1.08,10.82,74.21,11.25,7.92,31
2026-02-26 10:48:40,,,,,0,1.09,10.31,76.71,11,7.9,31
2026-02-26 10:48:44,,,,,0,1.09,10.11,83.38,10.5,7.9,31
2026-02-26 10:48:48,,,,,0,1.09,9.3,81.87,10.25,7.93,31
2026-02-26 10:48:52,,,,,0,1.09,8.8,83.25,9.75,7.92,31
2026-02-26 10:48:56,,,,,0,1.09,8.99,80.5,9.5,7.92,31
2026-02-26 10:48:59,,,,,0,1.09,8.37,82.39,9.25,7.93,31
2026-02-26 10:49:03,,,,,0,1.09,7.93,82.08,8.75,7.92,31
2026-02-26 10:49:07,,,,,0,1.09,7.69,80.99,8.5,7.92,31
2026-02-26 10:49:11,,,,,0,1.09,7.46,81.8,8.25,7.92,31
2026-02-26 10:49:15,,,,,0,1.09,7.68,86.41,8,7.91,31
2026-02-26 10:49:19,,,,,0,1.09,10.67,87.62,8.75,7.91,31
2026-02-26 10:49:22,,,,,0,1.09,13.73,73.4,12.75,7.9,31
2026-02-26 10:49:26,,,,,0,1.09,18.51,64.07,19.75,7.92,31
2026-02-26 10:49:30,,,,,0,1.09,21.13,55.18,24.5,7.95,31
2026-02-26 10:49:34,,,,,0,1.09,23.04,50.98,28,7.92,31
2026-02-26 10:49:38,,,,,0,1.09,22.97,53.82,31,7.92,31
2026-02-26 10:49:42,,,,,0,1.09,24.11,50.76,32.5,7.96,31
2026-02-26 10:49:46,,,,,0,1.09,26.12,43.12,33.25,7.95,31
2026-02-26 10:49:50,,,,,0,1.09,27.89,43.03,34.75,7.98,31
2026-02-26 10:49:53,,,,,0,1.09,30.05,40.2,35,7.98,31
2026-02-26 10:49:57,,,,,0,1.09,31.53,34.6,36.25,7.98,31
2026-02-26 10:50:01,,,,,0,1.1,30.45,36.51,38.5,7.98,31
2026-02-26 10:50:05,,,,,0,1.1,29.18,37.1,38.5,7.98,31
2026-02-26 10:50:09,,,,,0,1.1,29.4,35.65,40,7.98,31
2026-02-26 10:50:13,,,,,0,1.1,29.09,35.82,39.75,7.98,31
2026-02-26 10:50:17,,,,,0,1.1,30.34,33.02,37.75,7.98,31
2026-02-26 10:50:20,,,,,0,1.1,32.24,33.45,36.75,7.98,31
2026-02-26 10:50:24,,,,,0,1.1,32.2,32.1,37.25,7.96,31
2026-02-26 10:50:28,,,,,0,1.1,31.93,31.02,37,7.96,31
2026-02-26 10:50:32,,,,,0,1.1,31.48,32.93,36.5,7.98,31
2026-02-26 10:50:36,,,,,0,1.1,29.93,39.64,35.25,7.96,31
2026-02-26 10:50:40,,,,,0,1.1,24.84,48.46,33.25,7.93,31
2026-02-26 10:50:44,,,,,0,1.1,23.33,52.26,27.5,7.93,31
2026-02-26 10:50:48,,,,,0,1.1,22.76,52.64,25,7.94,31
2026-02-26 10:50:51,,,,,0,1.1,22.63,53.94,23.5,7.95,31
2026-02-26 10:50:55,,,,,0,1.1,22.5,53.65,23,7.97,31
2026-02-26 10:50:59,,,,,0,1.1,22.21,53.18,22.5,7.87,31
2026-02-26 10:51:03,,,,,0,1.1,20.33,57.16,22.25,7.95,31
2026-02-26 10:51:07,,,,,0,1.09,18.47,70.05,20.75,7.94,31
2026-02-26 10:51:11,,,,,0,1.1,16.42,73.75,18.75,7.94,31
2026-02-26 10:51:15,,,,,0,1.09,14.6,70.71,17.25,7.94,31
2026-02-26 10:51:18,,,,,0,1.09,13.73,74.05,15.75,7.94,31
2026-02-26 10:51:22,,,,,0,1.09,13.3,76.01,14.5,7.96,31
2026-02-26 10:51:26,,,,,0,1.09,12.9,78.18,13.75,7.92,31
2026-02-26 10:51:30,,,,,0,1.09,12.49,78.52,13.25,7.94,31
2026-02-26 10:51:34,,,,,0,1.09,12.85,86.66,13.25,7.94,31
2026-02-26 10:51:38,,,,,0,1.09,12.01,82.64,13,7.93,31
2026-02-26 10:51:42,,,,,0,1.09,11.54,83.04,12.25,7.94,31
2026-02-26 10:51:46,,,,,0,1.09,11.27,81.57,11.75,7.93,31
2026-02-26 10:51:49,,,,,0,1.09,11.1,86.56,11.5,7.9,31
2026-02-26 10:51:53,,,,,0,1.09,11.04,85.62,11.25,7.9,31
2026-02-26 10:51:57,,,,,0,1.09,10.47,84.71,11.25,7.93,31
2026-02-26 10:52:01,,,,,0,1.09,9.97,89.81,10.75,7.93,31
2026-02-26 10:52:05,,,,,0,1.09,9.41,89.19,10.25,7.9,31
2026-02-26 10:52:09,,,,,0,1.09,9.77,90.56,10,7.92,31
2026-02-26 10:52:13,,,,,0,1.09,9.37,88.95,9.75,7.92,31
2026-02-26 10:52:16,,,,,0,1.09,8.84,91.49,9.5,7.93,31
2026-02-26 10:52:20,,,,,0,1.09,8.83,88.59,9.25,7.92,31
2026-02-26 10:52:24,,,,,0,1.09,9.33,86.57,9.25,7.92,31
2026-02-26 10:52:28,,,,,0,1.09,13.54,81.71,11.75,7.9,31
2026-02-26 10:52:32,,,,,0,1.09,17.03,67.92,17.25,7.94,31
2026-02-26 10:52:36,,,,,0,1.09,20.72,57.24,23.5,7.94,31
2026-02-26 10:52:39,,,,,0,1.09,21.21,58.3,26.75,7.95,31
2026-02-26 10:52:43,,,,,0,1.09,21.44,58.97,27.75,7.93,31
2026-02-26 10:52:47,,,,,0,1.09,23.19,54.4,30,7.97,31
2026-02-26 10:52:51,,,,,0,1.09,24.33,52.51,33,7.97,31
2026-02-26 10:52:55,,,,,0,1.09,28.73,47.09,34,7.97,31
2026-02-26 10:52:59,,,,,0,1.09,29.11,42.19,34.75,7.98,31
2026-02-26 10:53:03,,,,,0,1.09,30.15,42.46,34,7.94,31
2026-02-26 10:53:07,,,,,0,1.09,31.19,41.22,34.5,7.96,31
2026-02-26 10:53:10,,,,,0,1.09,27.89,45.97,36.25,7.94,31
2026-02-26 10:53:14,,,,,0,1.09,28.67,43.52,36.5,7.98,31
2026-02-26 10:53:18,,,,,0,1.09,30.02,40.21,37.75,7.98,31
2026-02-26 10:53:22,,,,,0,1.09,29.83,41.45,38.75,7.96,31
2026-02-26 10:53:26,,,,,0,1.09,32.73,35.22,38.25,7.98,31
2026-02-26 10:53:30,,,,,0,1.09,32.57,35.78,37.75,7.98,31
2026-02-26 10:53:34,,,,,0,1.09,32.3,36.02,37.5,7.98,31
2026-02-26 10:53:37,,,,,0,1.09,31.8,36.07,37,7.96,31
2026-02-26 10:53:41,,,,,0,1.09,31.4,37.69,36.5,7.97,31
2026-02-26 10:53:45,,,,,0,1.09,26.52,46.85,34.75,7.96,31
2026-02-26 10:53:49,,,,,0,1.09,24.4,52.31,29,7.96,31
2026-02-26 10:53:53,,,,,0,1.09,23.14,52.78,26,7.95,31
2026-02-26 10:53:57,,,,,0,1.09,22.91,53.9,24.25,7.94,31
2026-02-26 10:54:01,,,,,0,1.09,22.51,55.94,23.25,7.94,31
2026-02-26 10:54:05,,,,,0,1.09,22.75,56.7,22.75,7.95,31
2026-02-26 10:54:08,,,,,0,1.09,21.29,61.74,22.5,7.96,31
2026-02-26 10:54:12,,,,,0,1.09,19.02,65.15,21.25,7.95,31
2026-02-26 10:54:16,,,,,0,1.09,16.84,74.33,19.5,7.95,31
2026-02-26 10:54:20,,,,,0,1.09,16.32,76.68,18,7.94,31
2026-02-26 10:54:24,,,,,0,1.09,19.26,67.13,18.25,7.92,31
2026-02-26 10:54:28,,,,,0,1.09,18.17,70.85,18.5,7.93,31
2026-02-26 10:54:32,,,,,0,1.09,19.39,69.91,18.5,7.94,31
2026-02-26 10:54:35,,,,,0,1.09,17.1,73.64,18.5,7.95,31
2026-02-26 10:54:39,,,,,0,1.09,16.28,77.87,17.5,7.93,31
2026-02-26 10:54:43,,,,,0,1.09,13.97,88.2,16.25,7.92,31
2026-02-26 10:54:47,,,,,0,1.09,12.7,85.17,14.75,7.91,31
2026-02-26 10:54:51,,,,,0,1.09,12.39,89.3,13.75,7.95,31
2026-02-26 10:54:55,,,,,0,1.09,12.18,87.43,13,7.91,31
2026-02-26 10:54:59,,,,,0,1.09,12.13,92.54,12.25,7.94,31
2026-02-26 10:55:02,,,,,0,1.09,10.79,90.85,12,7.9,31
2026-02-26 10:55:06,,,,,0,1.09,12.12,93.34,11.75,7.92,31
2026-02-26 10:55:10,,,,,0,1.09,11.08,90.58,11.5,7.9,31
2026-02-26 10:55:14,,,,,0,1.09,10.42,87.6,11.5,7.92,31
2026-02-26 10:55:18,,,,,0,1.09,10,86.97,11,7.92,31
2026-02-26 10:55:22,,,,,0,1.09,9.92,91.06,10.5,7.9,31
2026-02-26 10:55:26,,,,,0,1.09,10.82,94.1,10.5,7.92,31
2026-02-26 10:55:29,,,,,0,1.09,11.36,91.77,10.75,7.91,31
2026-02-26 10:55:33,,,,,0,1.09,13.03,84.2,12,7.92,31
2026-02-26 10:55:37,,,,,0,1.09,18.15,71.65,16.75,7.94,31
2026-02-26 10:55:41,,,,,0,1.09,20.2,69.74,22,7.95,31
2026-02-26 10:55:45,,,,,0,1.09,22.32,63.14,26.25,7.94,31
2026-02-26 10:55:49,,,,,0,1.09,21.8,64.2,30.5,7.95,31
2026-02-26 10:55:53,,,,,0,1.09,24.23,57.94,32.5,7.93,31
2026-02-26 10:55:57,,,,,0,1.09,24.4,55.73,34.75,7.97,31
2026-02-26 10:56:00,,,,,0,1.09,27.03,49.58,35.5,7.94,31
2026-02-26 10:56:04,,,,,0,1.09,29.77,47.81,34.75,7.98,31
2026-02-26 10:56:08,,,,,0,1.09,29.96,46.61,35.5,7.97,31
2026-02-26 10:56:12,,,,,0,1.1,28.85,48.64,35.25,7.98,31
2026-02-26 10:56:16,,,,,0,1.09,26.53,53.37,33.75,7.94,31
2026-02-26 10:56:20,,,,,0,1.09,26.36,54.94,33,7.95,31
2026-02-26 10:56:24,,,,,0,1.09,26.53,53.86,32.75,7.98,31
2026-02-26 10:56:27,,,,,0,1.09,26.84,53.56,33,7.95,31
2026-02-26 10:56:31,,,,,0,1.09,28.87,49.27,33.5,7.98,31
2026-02-26 10:56:35,,,,,0,1.09,29.45,46.49,33.5,7.98,31
2026-02-26 10:56:39,,,,,0,1.1,28.82,47.17,33.5,7.97,31
2026-02-26 10:56:43,,,,,0,1.09,28.31,47.66,32.75,7.96,31
2026-02-26 10:56:47,,,,,0,1.09,26.79,50.54,31.5,7.95,31
2026-02-26 10:56:51,,,,,0,1.09,24.19,56.47,29.5,7.96,31
2026-02-26 10:56:55,,,,,0,1.09,21.52,62.5,25.25,7.92,31
2026-02-26 10:56:58,,,,,0,1.08,20.37,66.46,22.75,7.87,31
2026-02-26 10:57:02,,,,,0,1.09,20.18,66.38,21.5,7.95,31
2026-02-26 10:57:06,,,,,0,1.09,20.21,64.95,21,7.96,31
2026-02-26 10:57:10,,,,,0,1.09,20.05,64.1,20.5,7.95,31
2026-02-26 10:57:14,,,,,0,1.08,19.95,63.72,20.25,7.95,31
2026-02-26 10:57:18,,,,,0,1.09,19.7,63.28,20,7.95,31
2026-02-26 10:57:22,,,,,0,1.09,18.56,67.21,19.5,7.92,31
2026-02-26 10:57:26,,,,,0,1.09,17.83,70.13,18.75,7.94,31
2026-02-26 10:57:29,,,,,0,1.09,16.48,75.05,18,7.95,31
2026-02-26 10:57:33,,,,,0,1.09,15.16,76.02,17,7.94,31
2026-02-26 10:57:37,,,,,0,1.09,14.4,81.01,15.75,7.95,31
2026-02-26 10:57:41,,,,,0,1.09,14.49,81.67,15,7.91,31
2026-02-26 10:57:45,,,,,0,1.09,12.53,81.39,14.25,7.93,31
2026-02-26 10:57:49,,,,,0,1.09,12.37,80.92,13.5,7.9,31
2026-02-26 10:57:53,,,,,0,1.09,12.61,88.61,12.75,7.92,31
2026-02-26 10:57:56,,,,,0,1.09,11.55,86.38,12.25,7.92,31
2026-02-26 10:58:00,,,,,0,1.09,11.41,88.2,12,7.9,31
2026-02-26 10:58:04,,,,,0,1.09,10.83,84.63,11.5,7.89,31
2026-02-26 10:58:08,,,,,0,1.09,10.74,84.67,11.25,7.9,31
2026-02-26 10:58:12,,,,,0,1.09,9.96,85.88,10.75,7.9,31
2026-02-26 10:58:16,,,,,0,1.09,11.81,93.22,10.5,7.92,31
2026-02-26 10:58:20,,,,,0,1.09,10.1,87.65,10.75,7.93,31
2026-02-26 10:58:23,,,,,0,1.09,9.62,88.24,10.75,7.89,31
2026-02-26 10:58:27,,,,,0,1.09,9.49,92.69,10.25,7.9,31
2026-02-26 10:58:31,,,,,0,1.09,9.07,93.33,9.75,7.92,31
2026-02-26 10:58:35,,,,,0,1.09,9.42,92.72,9.75,7.92,31
2026-02-26 10:58:39,,,,,0,1.09,12.14,89.31,10.5,7.92,31
2026-02-26 10:58:43,,,,,0,1.09,17.2,72.86,14.75,7.91,31
2026-02-26 10:58:47,,,,,0,1.09,20.95,62.6,22,7.9,31
2026-02-26 10:58:50,,,,,0,1.09,21.73,63.08,28,7.95,31
2026-02-26 10:58:54,,,,,0,1.09,21.62,60.34,30.5,7.95,31
2026-02-26 10:58:58,,,,,0,1.09,22.85,59.66,32.75,7.96,31
2026-02-26 10:59:02,,,,,0,1.09,24.26,57.84,34.5,7.97,31
2026-02-26 10:59:06,,,,,0,1.09,28.07,48.79,35,7.94,31
2026-02-26 10:59:10,,,,,0,1.09,29.5,47.72,33.75,7.97,31
2026-02-26 10:59:14,,,,,0,1.09,29.26,45.78,34.25,7.95,31
2026-02-26 10:59:17,,,,,0,1.09,29.71,46.05,35,7.98,31
2026-02-26 10:59:21,,,,,0,1.09,26.62,48.3,34.75,7.97,31
2026-02-26 10:59:25,,,,,0,1.09,26.94,49.32,33.5,7.97,31
2026-02-26 10:59:29,,,,,0,1.09,27.18,45.25,33.75,7.98,31
2026-02-26 10:59:33,,,,,0,1.09,27.46,44.79,33.75,7.98,31
2026-02-26 10:59:37,,,,,0,1.09,29.01,43.19,34.25,7.94,31
2026-02-26 10:59:41,,,,,0,1.09,30.53,41.12,34.75,7.98,31
2026-02-26 10:59:45,,,,,0,1.09,30.06,41.45,35,7.97,31
2026-02-26 10:59:48,,,,,0,1.09,29.37,41.66,34.75,7.96,31
2026-02-26 10:59:52,,,,,0,1.09,28.45,42.08,33.25,7.96,31
2026-02-26 10:59:56,,,,,0,1.09,25.57,48.38,31.25,7.96,31
2026-02-26 11:00:00,,,,,0,1.09,22.1,53.28,26.25,7.95,31
2026-02-26 11:00:04,,,,,0,1.09,21.1,55.14,23.5,7.94,31
2026-02-26 11:00:08,,,,,0,1.09,20.72,54.8,22,7.96,31
2026-02-26 11:00:12,,,,,0,1.09,20.06,54.9,21.25,7.95,31
2026-02-26 11:00:16,,,,,0,1.09,19.8,58.32,20.75,7.95,31
2026-02-26 11:00:19,,,,,0,1.09,18.35,62.72,19.75,7.92,31
2026-02-26 11:00:23,,,,,0,1.09,16.98,67.53,18.75,7.95,31
2026-02-26 11:00:27,,,,,0,1.09,16.9,65.28,17.25,7.95,31
2026-02-26 11:00:31,,,,,0,1.09,17.01,66.53,17,7.95,31
2026-02-26 11:00:35,,,,,0,1.09,15.78,68.21,16.75,7.95,31
2026-02-26 11:00:39,,,,,0,1.09,13.69,70.67,15.75,7.92,31
2026-02-26 11:00:43,,,,,0,1.08,12.95,72.63,14.5,7.91,31
2026-02-26 11:00:46,,,,,0,1.09,12.57,82.82,13.75,7.92,31
2026-02-26 11:00:50,,,,,0,1.08,12.82,78.89,13,7.9,31
2026-02-26 11:00:54,,,,,0,1.08,11.47,78.36,12.75,7.94,31
2026-02-26 11:00:58,,,,,0,1.09,11.91,81.78,12,7.9,31
2026-02-26 11:01:02,,,,,0,1.08,10.64,81.32,11.75,7.9,31
2026-02-26 11:01:06,,,,,0,1.08,10.52,84.97,11,7.9,31
2026-02-26 11:01:10,,,,,0,1.08,11.01,84.72,10.75,7.92,31
2026-02-26 11:01:13,,,,,0,1.09,10.06,83.45,10.5,7.94,31
2026-02-26 11:01:17,,,,,0,1.08,10.17,83.94,10.25,7.9,31
2026-02-26 11:01:21,,,,,0,1.08,9.53,83.95,10,7.92,31
2026-02-26 11:01:25,,,,,0,1.09,8.99,85.92,9.5,7.92,31
2026-02-26 11:01:29,,,,,0,1.08,9.16,85.12,9.25,7.91,31
2026-02-26 11:01:33,,,,,0,1.08,7.69,85.62,8.75,7.9,31
2026-02-26 11:01:37,,,,,0,1.08,7.7,86.45,8.5,7.89,31
2026-02-26 11:01:40,,,,,0,1.08,8.74,87.9,8.5,7.91,31
2026-02-26 11:01:44,,,,,0,1.08,10.53,85.21,9.5,7.9,31
2026-02-26 11:01:48,,,,,0,1.08,15.24,73.8,12.75,7.89,31
2026-02-26 11:01:52,,,,,0,1.08,18.78,63.11,18.75,7.94,31
2026-02-26 11:01:56,,,,,0,1.08,20.99,57.33,23,7.93,31
2026-02-26 11:02:00,,,,,0,1.08,22.05,56.22,25.75,7.94,31
2026-02-26 11:02:04,,,,,0,1.08,21.7,54.85,28,7.93,31
2026-02-26 11:02:07,,,,,0,1.08,22.67,54.81,29.75,7.95,31
2026-02-26 11:02:11,,,,,0,1.08,25.93,45.94,32,7.97,31
2026-02-26 11:02:15,,,,,0,1.08,29.79,39.26,34.25,7.97,31
2026-02-26 11:02:19,,,,,0,1.08,30.26,37.18,35.75,7.94,31
2026-02-26 11:02:23,,,,,0,1.08,31.4,36.11,38.25,7.95,31
2026-02-26 11:02:27,,,,,0,1.08,29.11,41.15,40,7.98,31
2026-02-26 11:02:31,,,,,0,1.08,29.02,39.91,41.5,7.98,31
2026-02-26 11:02:35,,,,,0,1.08,30.42,36.92,40.5,7.96,31
2026-02-26 11:02:38,,,,,0,1.08,30.28,34.84,40.5,7.98,31
2026-02-26 11:02:42,,,,,0,1.08,30.17,40.66,39,7.98,31
2026-02-26 11:02:46,,,,,0,1.08,32.86,35.1,38.25,7.98,31
2026-02-26 11:02:50,,,,,0,1.08,33.57,33.49,38.5,7.98,31
2026-02-26 11:02:54,,,,,0,1.08,33.36,34.08,38.75,7.98,31
2026-02-26 11:02:58,,,,,0,1.08,32.07,33.8,38.25,7.96,31
2026-02-26 11:03:02,,,,,0,1.08,31.63,33.85,38,7.96,31
2026-02-26 11:03:06,,,,,0,1.08,25.02,42.6,32.25,7.96,31
2026-02-26 11:03:09,,,,,0,1.08,23.57,42.98,27.5,7.94,31
2026-02-26 11:03:13,,,,,0,1.08,21.25,45.72,24.75,7.9,31
2026-02-26 11:03:17,,,,,0,1.08,19.3,52.17,22.25,7.95,31
2026-02-26 11:03:21,,,,,0,1.08,17.15,63.3,20.25,7.95,31
2026-02-26 11:03:25,,,,,0,1.08,18.47,53.85,19,7.95,31
2026-02-26 11:03:29,,,,,0,1.08,17.74,56.33,18.25,7.94,31
2026-02-26 11:03:33,,,,,0,1.08,18.07,49.73,18,7.91,31
2026-02-26 11:03:36,,,,,0,1.08,19.64,46.66,17.75,7.94,31
2026-02-26 11:03:40,,,,,0,1.08,15.93,59.92,17.25,7.9,31
2026-02-26 11:03:44,,,,,0,1.08,13.43,56.97,16,7.92,31
2026-02-26 11:03:48,,,,,0,1.08,12.51,61.06,14.5,7.93,31
2026-02-26 11:03:52,,,,,0,1.08,12.26,61.95,13.5,7.92,31
2026-02-26 11:03:56,,,,,0,1.08,11.22,65.55,12.75,7.94,31
2026-02-26 11:04:00,,,,,0,1.08,12.63,76.79,12,7.94,31
2026-02-26 11:04:04,,,,,0,1.08,10.51,76.9,11.5,7.91,31
2026-02-26 11:04:07,,,,,0,1.08,10.07,76.01,11,7.9,31
2026-02-26 11:04:11,,,,,0,1.08,10.09,74.27,10.5,7.93,31
2026-02-26 11:04:15,,,,,0,1.08,10.31,84.99,10,7.93,31
2026-02-26 11:04:19,,,,,0,1.08,8.91,76.55,9.75,7.92,31
2026-02-26 11:04:23,,,,,0,1.08,8.41,76.96,9.25,7.93,31
2026-02-26 11:04:27,,,,,0,1.08,8.57,75.2,9,7.92,31
2026-02-26 11:04:31,,,,,0,1.08,8.12,76.84,8.75,7.89,31
2026-02-26 11:04:34,,,,,0,1.08,7.98,79.7,8.25,7.89,31
2026-02-26 11:04:38,,,,,0,1.08,7.06,83.15,7.75,7.92,31
2026-02-26 11:04:42,,,,,0,1.08,6.41,83.04,7.25,7.92,31
2026-02-26 11:04:46,,,,,0,1.08,6.55,80.91,7,7.91,31
2026-02-26 11:04:50,,,,,0,1.08,8.37,85.09,7.5,7.91,31
2026-02-26 11:04:54,,,,,0,1.08,13.76,71.5,10.25,7.91,31
2026-02-26 11:04:58,,,,,0,1.08,18.13,56.71,17.25,7.94,31
2026-02-26 11:05:01,,,,,0,1.08,21.77,50.01,25,7.93,31
2026-02-26 11:05:05,,,,,0,1.08,22.37,50.31,30.5,7.96,31
2026-02-26 11:05:09,,,,,0,1.08,23.71,40.53,34.25,7.94,31
2026-02-26 11:05:13,,,,,0,1.08,25.89,40.97,36.75,7.97,31
2026-02-26 11:05:17,,,,,0,1.08,29.17,31.58,38.25,7.98,31
2026-02-26 11:05:21,,,,,0,1.08,29.73,33.37,38.5,7.98,31
2026-02-26 11:05:25,,,,,0,1.08,32.73,27.87,38.25,7.98,31
2026-02-26 11:05:29,,,,,0,1.08,33.29,26.33,39,7.97,31
2026-02-26 11:05:32,,,,,0,1.08,29.98,29.4,39.5,7.98,31
2026-02-26 11:05:36,,,,,0,1.08,29.72,27.97,38.25,7.98,31
2026-02-26 11:05:40,,,,,0,1.08,29.63,29,37.5,7.98,31
2026-02-26 11:05:44,,,,,0,1.08,29.74,29.19,37.5,7.98,31
2026-02-26 11:05:48,,,,,0,1.08,30.61,26.09,39,7.98,31
2026-02-26 11:05:52,,,,,0,1.08,34.93,24.72,40.25,7.96,31
2026-02-26 11:05:56,,,,,0,1.08,34.53,27.17,40.25,7.98,31
2026-02-26 11:05:59,,,,,0,1.08,32.6,32.58,38.75,7.98,31
2026-02-26 11:06:03,,,,,0,1.08,32.8,32.11,38,7.97,31
2026-02-26 11:06:07,,,,,0,1.08,30.39,36.12,36.5,7.94,31
2026-02-26 11:06:11,,,,,0,1.08,24.06,46.82,30.5,7.93,31
2026-02-26 11:06:15,,,,,0,1.08,23.35,45.01,26.25,7.97,31
2026-02-26 11:06:19,,,,,0,1.08,22.09,49.37,24.25,7.95,31
2026-02-26 11:06:23,,,,,0,1.08,21.85,49.81,23,7.88,31
2026-02-26 11:06:27,,,,,0,1.08,22.12,47.68,22.25,7.95,31
2026-02-26 11:06:30,,,,,0,1.08,20.27,51.85,22,7.96,31
2026-02-26 11:06:34,,,,,0,1.08,19.61,54.84,20.75,7.96,31
2026-02-26 11:06:38,,,,,0,1.08,16.84,68.75,19,7.92,31
2026-02-26 11:06:42,,,,,0,1.08,16.24,65.68,17.5,7.95,31
2026-02-26 11:06:46,,,,,0,1.08,14.69,65.64,16.5,7.93,31
2026-02-26 11:06:50,,,,,0,1.08,12.74,70.4,15,7.94,31
2026-02-26 11:06:54,,,,,0,1.08,12.13,77.55,13.75,7.92,31
2026-02-26 11:06:58,,,,,0,1.08,11.54,71.79,13,7.94,31
2026-02-26 11:07:01,,,,,0,1.08,11.88,76.38,12.25,7.94,31
2026-02-26 11:07:05,,,,,0,1.08,10.79,77.5,11.5,7.91,31
2026-02-26 11:07:09,,,,,0,1.08,10.29,78.92,11,7.93,31
2026-02-26 11:07:13,,,,,0,1.08,10.6,84.32,10.75,7.93,31
2026-02-26 11:07:17,,,,,0,1.08,10.05,78.65,10.5,7.9,31
2026-02-26 11:07:21,,,,,0,1.08,10.22,83.53,10.25,7.94,31
2026-02-26 11:07:25,,,,,0,1.08,9.19,81.19,10,7.9,31
2026-02-26 11:07:28,,,,,0,1.08,9.26,86.78,9.75,7.92,31
2026-02-26 11:07:32,,,,,0,1.08,8.36,83.35,9.5,7.92,31
2026-02-26 11:07:36,,,,,0,1.08,8.08,84.91,9,7.92,31
2026-02-26 11:07:40,,,,,0,1.08,8,87.81,8.5,7.92,31
2026-02-26 11:07:44,,,,,0,1.08,7.98,83.26,8.25,7.9,31
2026-02-26 11:07:48,,,,,0,1.08,8.35,88.78,8.25,7.92,31
2026-02-26 11:07:52,,,,,0,1.08,8.68,88.98,8.25,7.92,31
2026-02-26 11:07:55,,,,,0,1.08,9.39,86.8,8.75,7.91,31
2026-02-26 11:07:59,,,,,0,1.08,12.75,76.1,10.25,7.91,31
2026-02-26 11:08:03,,,,,0,1.08,16.99,63.23,16,7.94,31
2026-02-26 11:08:07,,,,,0,1.08,19.04,57.23,22.75,7.95,31
2026-02-26 11:08:11,,,,,0,1.08,21.05,55.14,28,7.93,31
2026-02-26 11:08:15,,,,,0,1.08,22.4,50.5,31.5,7.94,31
2026-02-26 11:08:19,,,,,0,1.08,22.82,49.69,33.5,7.97,31
2026-02-26 11:08:22,,,,,0,1.08,25.7,43.26,32.75,7.97,31
2026-02-26 11:08:26,,,,,0,1.08,26.59,40.5,31.75,7.95,31
2026-02-26 11:08:30,,,,,0,1.08,24.57,46.57,32,7.98,31
2026-02-26 11:08:34,,,,,0,1.08,24,43.85,28.75,7.96,31
2026-02-26 11:08:38,,,,,0,1.09,22.31,45.15,28,7.97,31
2026-02-26 11:08:42,,,,,0,1.08,22.14,47.25,28,7.94,31
2026-02-26 11:08:46,,,,,0,1.09,23.1,44.81,29.25,7.96,31
2026-02-26 11:08:50,,,,,0,1.08,22.87,45.93,29.5,7.98,31
2026-02-26 11:08:53,,,,,0,1.08,23.53,44.76,30,7.96,31
2026-02-26 11:08:57,,,,,0,1.08,28.09,33.9,31,7.97,31
2026-02-26 11:09:01,,,,,0,1.09,28.15,34.42,32,7.96,31
2026-02-26 11:09:05,,,,,0,1.09,27.6,35.8,32,7.95,31
2026-02-26 11:09:09,,,,,0,1.08,25.33,40.08,31.25,7.94,31
2026-02-26 11:09:13,,,,,0,1.08,23.75,42.98,28.75,7.97,31
2026-02-26 11:09:17,,,,,0,1.08,18.68,53.24,24,7.94,31
2026-02-26 11:09:21,,,,,0,1.08,17.31,60.69,20.25,7.95,31
2026-02-26 11:09:24,,,,,0,1.08,16.79,63.51,18.5,7.95,31
2026-02-26 11:09:28,,,,,0,1.08,16.03,64.35,17.5,7.95,31
2026-02-26 11:09:32,,,,,0,1.08,16.12,68.19,16.75,7.92,31
2026-02-26 11:09:36,,,,,0,1.08,16.03,67.03,16.5,7.95,31
2026-02-26 11:09:40,,,,,0,1.08,16.28,66.02,16.5,7.92,31
2026-02-26 11:09:44,,,,,0,1.08,15.79,66.7,16.25,7.93,31
2026-02-26 11:09:48,,,,,0,1.08,15.21,68.99,16,7.95,31
2026-02-26 11:09:52,,,,,0,1.08,15.92,65.24,15.75,7.9,31
2026-02-26 11:09:55,,,,,0,1.08,14.18,76.91,15.5,7.91,31
2026-02-26 11:09:59,,,,,0,1.08,12.45,79.36,14.5,7.91,31
2026-02-26 11:10:03,,,,,0,1.08,11.72,83.72,13.25,7.93,31
2026-02-26 11:10:07,,,,,0,1.08,9.93,83.02,12,7.93,31
2026-02-26 11:10:11,,,,,0,1.08,10.56,90.55,11,7.93,31
2026-02-26 11:10:15,,,,,0,1.08,9.05,88.51,10.75,7.93,31
2026-02-26 11:10:19,,,,,0,1.08,9.78,92.55,9.75,7.92,31
2026-02-26 11:10:22,,,,,0,1.08,7.93,90.38,9.25,7.92,31
2026-02-26 11:10:26,,,,,0,1.08,8.03,93.33,8.75,7.93,31
2026-02-26 11:10:30,,,,,0,1.08,7.77,92.89,8.25,7.92,31
2026-02-26 11:10:34,,,,,0,1.08,7.02,93.32,7.75,7.92,31
2026-02-26 11:10:38,,,,,0,1.08,6.87,92.16,7.5,7.92,31
2026-02-26 11:10:42,,,,,0,1.08,6.61,93.9,7,7.91,31
2026-02-26 11:10:46,,,,,0,1.08,6.98,94.95,7.25,7.92,31
2026-02-26 11:10:49,,,,,0,1.08,6.15,93.35,6.75,7.9,31
2026-02-26 11:10:53,,,,,0,1.08,5.6,93.47,6.5,7.91,31
2026-02-26 11:10:57,,,,,0,1.08,5.66,93.85,6.25,7.9,31
2026-02-26 11:11:01,,,,,0,1.08,6.86,92.17,6.5,7.91,31
2026-02-26 11:11:05,,,,,0,1.08,10.91,86.38,8,7.92,31
2026-02-26 11:11:09,,,,,0,1.08,15.55,74.71,13.75,7.93,31
2026-02-26 11:11:13,,,,,0,1.08,17.89,64.96,19.25,7.89,31
2026-02-26 11:11:16,,,,,0,1.08,18.51,62.77,23,7.92,31
2026-02-26 11:11:20,,,,,0,1.08,19.51,57.8,26.25,7.94,31
2026-02-26 11:11:24,,,,,0,1.08,20.54,60.41,28.75,7.96,31
2026-02-26 11:11:28,,,,,0,1.09,23.19,48.12,30,7.93,31
2026-02-26 11:11:32,,,,,0,1.08,26.92,44.98,30.75,7.94,31
2026-02-26 11:11:36,,,,,0,1.09,28.63,39.67,31.5,7.95,31
2026-02-26 11:11:40,,,,,0,1.09,29.23,37.59,32.75,7.97,31
2026-02-26 11:11:44,,,,,0,1.09,24.71,42.96,34,7.97,31
2026-02-26 11:11:47,,,,,0,1.09,25.17,43.32,34.5,7.97,31
2026-02-26 11:11:51,,,,,0,1.09,24.02,46.2,33.25,7.95,31
2026-02-26 11:11:55,,,,,0,1.08,24.49,44.31,32,7.97,31
2026-02-26 11:11:59,,,,,0,1.09,24.38,43.68,31.75,7.98,31
2026-02-26 11:12:03,,,,,0,1.08,28.24,36.83,32.25,7.98,31
2026-02-26 11:12:07,,,,,0,1.09,28.48,35.36,32.5,7.97,31
2026-02-26 11:12:11,,,,,0,1.09,27.93,37.22,33,7.98,31
2026-02-26 11:12:14,,,,,0,1.09,27.96,39.22,32.5,7.93,31
2026-02-26 11:12:18,,,,,0,1.08,26.52,42.9,31.5,7.93,31
2026-02-26 11:12:22,,,,,0,1.08,21.04,55.3,27.25,7.92,31
2026-02-26 11:12:26,,,,,0,1.08,19.8,58.73,23.25,7.96,31
2026-02-26 11:12:30,,,,,0,1.08,18.99,60.49,21,7.96,31
2026-02-26 11:12:34,,,,,0,1.08,18.46,60.49,19.75,7.96,31
2026-02-26 11:12:38,,,,,0,1.08,17.01,64.52,18.75,7.92,31
2026-02-26 11:12:42,,,,,0,1.08,16.37,68.76,17.75,7.94,31
2026-02-26 11:12:45,,,,,0,1.08,14.8,73.02,16.5,7.95,31
2026-02-26 11:12:49,,,,,0,1.08,12.87,75.56,15,7.92,31
2026-02-26 11:12:53,,,,,0,1.08,12.78,80.22,13.75,7.94,31
2026-02-26 11:12:57,,,,,0,1.08,12.1,83.72,12.75,7.94,31
2026-02-26 11:13:01,,,,,0,1.08,11.39,76.65,12.25,7.94,31
2026-02-26 11:13:05,,,,,0,1.09,11.14,82.78,11.75,7.93,31
2026-02-26 11:13:09,,,,,0,1.08,12.15,82.52,11.75,7.92,31
2026-02-26 11:13:13,,,,,0,1.08,10.74,86.58,11.5,7.91,31
2026-02-26 11:13:16,,,,,0,1.08,10.1,83.3,11,7.92,31
2026-02-26 11:13:20,,,,,0,1.08,9.61,84.32,10.5,7.9,31
2026-02-26 11:13:24,,,,,0,1.08,9,85.85,10,7.93,31
2026-02-26 11:13:28,,,,,0,1.08,9.57,90.91,9.5,7.9,31
2026-02-26 11:13:32,,,,,0,1.08,9.22,86.53,9.75,7.91,31
2026-02-26 11:13:36,,,,,0,1.09,8.31,88.3,9.25,7.89,31
2026-02-26 11:13:40,,,,,0,1.08,7.92,90.71,8.75,7.92,31
2026-02-26 11:13:43,,,,,0,1.08,7.78,90.77,8.75,7.92,31
2026-02-26 11:13:47,,,,,0,1.08,7.35,91.05,8.25,7.91,31
2026-02-26 11:13:51,,,,,0,1.09,6.79,91.94,7.75,7.91,31
2026-02-26 11:13:55,,,,,0,1.09,7.38,92.99,7.5,7.91,31
2026-02-26 11:13:59,,,,,0,1.09,6.96,91.15,7.75,7.9,31
2026-02-26 11:14:03,,,,,0,1.09,7.08,92.05,7.5,7.9,31
2026-02-26 11:14:07,,,,,0,1.09,7.03,89.28,7.25,7.92,31
2026-02-26 11:14:10,,,,,0,1.09,10.43,87.55,8.25,7.9,31
2026-02-26 11:14:14,,,,,0,1.09,15.05,71.19,13,7.91,31
2026-02-26 11:14:18,,,,,0,1.09,20.33,55.71,20.75,7.83,31
2026-02-26 11:14:22,,,,,0,1.09,21.43,51.15,27,7.95,31
2026-02-26 11:14:26,,,,,0,1.09,21.49,53.36,30,7.92,31
2026-02-26 11:14:30,,,,,0,1.09,22.38,51.12,30.25,7.95,31
2026-02-26 11:14:34,,,,,0,1.09,24.11,48.4,30.5,7.97,31
2026-02-26 11:14:37,,,,,0,1.09,27.85,38.77,32.5,7.94,31
2026-02-26 11:14:41,,,,,0,1.09,30.83,32.55,34.25,7.98,31
2026-02-26 11:14:45,,,,,0,1.09,32.05,29.19,37.75,7.97,31
2026-02-26 11:14:49,,,,,0,1.09,28.69,36.91,38.75,7.97,31
2026-02-26 11:14:53,,,,,0,1.09,28.5,40.34,39,7.97,31
2026-02-26 11:14:57,,,,,0,1.09,28.19,37.28,39.5,7.97,31
2026-02-26 11:15:01,,,,,0,1.09,28.16,38.72,38.75,7.98,31
2026-02-26 11:15:05,,,,,0,1.09,27.96,36.05,36.5,7.98,31
2026-02-26 11:15:08,,,,,0,1.09,31.77,32.68,36.25,7.98,31
2026-02-26 11:15:12,,,,,0,1.09,32.33,29.3,36.5,7.98,31
2026-02-26 11:15:16,,,,,0,1.09,31.79,29.36,36.75,7.98,31
2026-02-26 11:15:20,,,,,0,1.09,31.62,29.72,36.5,7.96,31
2026-02-26 11:15:24,,,,,0,1.09,29.69,36.6,35.75,7.97,31
2026-02-26 11:15:28,,,,,0,1.08,23.84,48.01,31.25,7.92,31
2026-02-26 11:15:32,,,,,0,1.08,22.69,50.29,26.25,7.94,31
2026-02-26 11:15:36,,,,,0,1.08,21.83,51.09,24,7.88,31
2026-02-26 11:15:39,,,,,0,1.08,21.93,48.34,22.75,7.86,31
2026-02-26 11:15:43,,,,,0,1.08,20.48,52.81,22.25,7.94,31
2026-02-26 11:15:47,,,,,0,1.08,18.86,56,20.75,7.94,31
2026-02-26 11:15:51,,,,,0,1.08,16.84,70.75,19.25,7.92,31
2026-02-26 11:15:55,,,,,0,1.08,15.24,71.78,17.75,7.94,31
2026-02-26 11:15:59,,,,,0,1.08,13.5,72.51,16.25,7.95,31
2026-02-26 11:16:03,,,,,0,1.08,14.21,78.05,15,7.94,31
2026-02-26 11:16:06,,,,,0,1.08,12.04,71.98,14.25,7.94,31
2026-02-26 11:16:10,,,,,0,1.08,11.96,80.99,13.25,7.91,31
2026-02-26 11:16:14,,,,,0,1.08,11.29,77.11,12.25,7.91,31
2026-02-26 11:16:18,,,,,0,1.08,10.48,80.19,11.75,7.91,31
2026-02-26 11:16:22,,,,,0,1.08,10.16,79.87,11,7.9,31
2026-02-26 11:16:26,,,,,0,1.08,9.63,83.3,10.5,7.9,31
2026-02-26 11:16:30,,,,,0,1.08,10.09,83.68,10,7.93,31
2026-02-26 11:16:34,,,,,0,1.08,8.97,84.7,9.75,7.92,31
2026-02-26 11:16:37,,,,,0,1.08,8.63,85.02,9.25,7.92,31
2026-02-26 11:16:41,,,,,0,1.08,8.14,85.16,9,7.92,31
2026-02-26 11:16:45,,,,,0,1.08,8.18,88.75,8.75,7.9,31
2026-02-26 11:16:49,,,,,0,1.08,8.53,91.94,8.5,7.92,31
2026-02-26 11:16:53,,,,,0,1.08,7.91,86,8.25,7.92,31
2026-02-26 11:16:57,,,,,0,1.08,7.37,89.03,8,7.89,31
2026-02-26 11:17:00,,,,,0,1.08,7.31,91.33,7.75,7.89,31
2026-02-26 11:17:04,,,,,0,1.08,7.37,89.26,7.5,7.92,31
2026-02-26 11:17:08,,,,,0,1.08,6.8,89.52,7.25,7.92,31
2026-02-26 11:17:12,,,,,0,1.08,7.86,90.36,7.25,7.9,31
2026-02-26 11:17:16,,,,,0,1.08,9.68,88.68,8.25,7.9,31
2026-02-26 11:17:20,,,,,0,1.08,15.38,71.62,11.75,7.91,31
2026-02-26 11:17:24,,,,,0,1.08,19.37,54.82,19.25,7.87,31
2026-02-26 11:17:28,,,,,0,1.08,20.39,56.18,25.75,7.92,31
2026-02-26 11:17:31,,,,,0,1.08,20.89,54.26,30.5,7.92,31
2026-02-26 11:17:35,,,,,0,1.08,22.24,56.22,32.25,7.97,31
2026-02-26 11:17:39,,,,,0,1.08,24.57,49.14,32.75,7.94,31
2026-02-26 11:17:43,,,,,0,1.08,25.9,45.74,33,7.94,31
2026-02-26 11:17:47,,,,,0,1.08,28.55,40.38,33.75,7.98,31
2026-02-26 11:17:51,,,,,0,1.08,28.62,41.22,33.5,7.94,31
2026-02-26 11:17:55,,,,,0,1.08,26.79,41.87,33,7.94,31
2026-02-26 11:17:58,,,,,0,1.08,25.76,42.09,32.25,7.98,31
2026-02-26 11:18:02,,,,,0,1.08,26.79,40.14,33.5,7.97,31
2026-02-26 11:18:06,,,,,0,1.08,27.57,39.52,34.25,7.97,31
2026-02-26 11:18:10,,,,,0,1.08,26.52,42.71,34.5,7.98,31
2026-02-26 11:18:14,,,,,0,1.08,27.92,39.91,33.5,7.98,31
2026-02-26 11:18:18,,,,,0,1.08,28.93,40.1,31.5,7.94,31
2026-02-26 11:18:22,,,,,0,1.08,28.3,42.43,33,7.98,31
2026-02-26 11:18:26,,,,,0,1.08,28.2,43.15,32.75,7.92,31
2026-02-26 11:18:29,,,,,0,1.08,26.95,45.13,31.75,7.93,31
2026-02-26 11:18:33,,,,,0,1.08,21.71,53.14,28.25,7.92,31
2026-02-26 11:18:37,,,,,0,1.07,20.73,54.29,23.75,7.91,31
2026-02-26 11:18:41,,,,,0,1.08,19.84,56.08,21.75,7.95,31
2026-02-26 11:18:45,,,,,0,1.08,19.2,57.16,20.5,7.92,31
2026-02-26 11:18:49,,,,,0,1.08,18.68,59.97,19.75,7.95,31
2026-02-26 11:18:53,,,,,0,1.08,17.2,64.13,18.75,7.94,31
2026-02-26 11:18:56,,,,,0,1.07,15.32,71.34,17.5,7.96,31
2026-02-26 11:19:00,,,,,0,1.07,14.71,74.23,16,7.95,31
2026-02-26 11:19:04,,,,,0,1.07,13.76,76.48,15,7.94,31
2026-02-26 11:19:08,,,,,0,1.07,11.43,76.74,14,7.92,31
2026-02-26 11:19:12,,,,,0,1.07,11.28,83.6,12.5,7.9,31
2026-02-26 11:19:16,,,,,0,1.07,11.16,85.49,11.75,7.92,31
2026-02-26 11:19:20,,,,,0,1.07,10.39,88.42,11,7.93,31
2026-02-26 11:19:24,,,,,0,1.07,9.57,88.34,10.5,7.92,31
2026-02-26 11:19:27,,,,,0,1.07,10.32,87.36,10.5,7.93,31
2026-02-26 11:19:31,,,,,0,1.07,8.51,86.12,10.25,7.93,31
2026-02-26 11:19:35,,,,,0,1.07,7.93,89.36,9.25,7.93,31
2026-02-26 11:19:39,,,,,0,1.07,7.92,89.48,8.75,7.92,31
2026-02-26 11:19:43,,,,,0,1.07,7.13,92.62,8.5,7.92,31
2026-02-26 11:19:47,,,,,0,1.07,6.67,92.23,8,7.92,31
2026-02-26 11:19:51,,,,,0,1.07,6.73,95.04,7.75,7.92,31
2026-02-26 11:19:54,,,,,0,1.07,6.46,94.9,7.5,7.91,31
2026-02-26 11:19:58,,,,,0,1.07,6.13,94.39,7.25,7.91,31
2026-02-26 11:20:02,,,,,0,1.07,5.77,95.69,7,7.9,31
2026-02-26 11:20:06,,,,,0,1.07,5.97,95.66,6.5,7.91,31
2026-02-26 11:20:10,,,,,0,1.07,5.28,95.45,6.25,7.9,31
2026-02-26 11:20:14,,,,,0,1.07,5.42,96.6,5.75,7.9,31
2026-02-26 11:20:18,,,,,0,1.07,5.81,96.95,5.75,7.92,31
2026-02-26 11:20:21,,,,,0,1.07,7.85,92.77,6.75,7.91,31
2026-02-26 11:20:25,,,,,0,1.07,12.39,82.32,9.5,7.91,31
2026-02-26 11:20:29,,,,,0,1.07,16.25,68.37,15.75,7.93,31
2026-02-26 11:20:33,,,,,0,1.07,17.73,63.86,22.25,7.93,31
2026-02-26 11:20:37,,,,,0,1.07,18.05,64.45,27.25,7.91,31
2026-02-26 11:20:41,,,,,0,1.07,20.68,55.45,30.75,7.92,31
2026-02-26 11:20:45,,,,,0,1.07,22.17,50.94,32.75,7.94,31
2026-02-26 11:20:48,,,,,0,1.07,26.54,44.42,32.5,7.97,31
2026-02-26 11:20:52,,,,,0,1.07,26.94,41.82,32.25,7.96,31
2026-02-26 11:20:56,,,,,0,1.07,27.88,40.19,33.75,7.97,31
2026-02-26 11:21:00,,,,,0,1.07,27.32,41.18,34.75,7.97,31
2026-02-26 11:21:04,,,,,0,1.07,25.73,45.82,35,7.97,31
2026-02-26 11:21:08,,,,,0,1.07,24.89,44.91,34.75,7.97,31
2026-02-26 11:21:12,,,,,0,1.07,24.21,47.73,32.75,7.97,31
2026-02-26 11:21:16,,,,,0,1.07,24.09,48.79,31.5,7.97,31
2026-02-26 11:21:19,,,,,0,1.07,26.75,43.53,31.5,7.98,31
2026-02-26 11:21:23,,,,,0,1.07,28.11,41.71,32,7.98,31
2026-02-26 11:21:27,,,,,0,1.07,28.09,41.98,32,7.97,31
2026-02-26 11:21:31,,,,,0,1.07,27.42,42.81,32.25,7.94,31
2026-02-26 11:21:35,,,,,0,1.07,25.25,47.87,30.5,7.95,31
2026-02-26 11:21:39,,,,,0,1.07,19.77,61,27,7.92,31
2026-02-26 11:21:43,,,,,0,1.07,18.23,67.17,22,7.95,31
2026-02-26 11:21:47,,,,,0,1.07,17.17,68.52,19.5,7.94,31
2026-02-26 11:21:50,,,,,0,1.07,16.33,71.22,18,7.92,31
2026-02-26 11:21:54,,,,,0,1.07,15.71,73.57,16.75,7.93,31
2026-02-26 11:21:58,,,,,0,1.07,15.21,75.62,16,7.94,31
2026-02-26 11:22:02,,,,,0,1.07,14.12,78.52,15.25,7.94,31
2026-02-26 11:22:06,,,,,0,1.07,13.16,82.75,14.25,7.94,31
2026-02-26 11:22:10,,,,,0,1.07,12.23,85.77,13.5,7.91,31
2026-02-26 11:22:14,,,,,0,1.07,10.38,87.17,12.5,7.91,31
2026-02-26 11:22:17,,,,,0,1.07,10.06,88.59,11.5,7.93,31
2026-02-26 11:22:21,,,,,0,1.07,9.9,89.83,10.75,7.94,31
2026-02-26 11:22:25,,,,,0,1.07,8.94,89.67,10.25,7.92,31
2026-02-26 11:22:29,,,,,0,1.07,9.92,93.8,10,7.93,31
2026-02-26 11:22:33,,,,,0,1.07,9.65,95.58,10,7.92,31
2026-02-26 11:22:37,,,,,0,1.07,9.13,97.28,9.75,7.92,31
2026-02-26 11:22:41,,,,,0,1.07,9.52,99.04,9.5,7.92,31
2026-02-26 11:22:44,,,,,0,1.07,9.31,99.39,9.75,7.89,31
2026-02-26 11:22:48,,,,,0,1.07,8.94,100,9.5,7.89,31
2026-02-26 11:22:52,,,,,0,1.07,9.68,100,9.75,7.9,31
2026-02-26 11:22:56,,,,,0,1.07,9.76,100,10,7.92,31
2026-02-26 11:23:00,,,,,0,1.07,9.52,100,10,7.89,31
2026-02-26 11:23:04,,,,,0,1.07,9.37,100,10.25,7.9,31
2026-02-26 11:23:08,,,,,0,1.07,9.4,100,10,7.89,31
2026-02-26 11:23:11,,,,,0,1.07,9.7,100,10.25,7.89,31
2026-02-26 11:23:15,,,,,0,1.07,9.44,100,10,7.91,31
2026-02-26 11:23:19,,,,,0,1.07,9.43,100,10,7.91,31
2026-02-26 11:23:23,,,,,0,1.07,9.65,100,10.25,7.91,31
2026-02-26 11:23:27,,,,,0,1.07,9.7,100,10.25,7.88,31
2026-02-26 11:23:31,,,,,0,1.07,10.03,100,10.5,7.89,31
2026-02-26 11:23:35,,,,,0,1.07,10.15,100,11.25,7.91,31
2026-02-26 11:23:38,,,,,0,1.07,10.8,100,12,7.89,31
2026-02-26 11:23:42,,,,,0,1.07,11.43,100,12.75,7.9,31
2026-02-26 11:23:46,,,,,0,1.07,12.37,94.14,13.75,7.88,31
2026-02-26 11:23:50,,,,,0,1.07,13.05,89.02,15,7.92,31
2026-02-26 11:23:54,,,,,0,1.07,14.46,81.15,16.5,7.93,31
2026-02-26 11:23:58,,,,,0,1.07,14.19,82.78,18,7.92,31
2026-02-26 11:24:02,,,,,0,1.07,14.94,79.23,17.75,7.91,31
2026-02-26 11:24:06,,,,,0,1.07,17.68,68.37,19.5,7.88,31
2026-02-26 11:24:09,,,,,0,1.07,16.43,71.53,21.5,7.94,31
2026-02-26 11:24:13,,,,,0,1.07,17.67,70.68,23.25,7.93,31
2026-02-26 11:24:17,,,,,0,1.07,19.94,64.23,27,7.91,31
2026-02-26 11:24:21,,,,,0,1.07,19.05,63.74,30.25,7.94,31
2026-02-26 11:24:25,,,,,0,1.07,19.6,61.77,28.25,7.94,31
2026-02-26 11:24:29,,,,,0,1.07,16.95,70.78,24.75,7.9,31
2026-02-26 11:24:33,,,,,0,1.07,16.99,70.94,21.25,7.94,31
2026-02-26 11:24:36,,,,,0,1.07,16.22,73.15,19.75,7.92,31
2026-02-26 11:24:40,,,,,0,1.07,18.28,67.92,21.25,7.9,31
2026-02-26 11:24:44,,,,,0,1.07,16.52,72.69,23,7.84,31
2026-02-26 11:24:48,,,,,0,1.07,14.82,77.19,19.25,7.94,31
2026-02-26 11:24:52,,,,,0,1.07,13.37,81.86,16.75,7.93,31
2026-02-26 11:24:56,,,,,0,1.07,13.56,82.55,15,7.93,31
2026-02-26 11:25:00,,,,,0,1.07,13.49,83.71,14.5,7.9,31
2026-02-26 11:25:04,,,,,0,1.07,13.64,82.39,14,7.9,31
2026-02-26 11:25:07,,,,,0,1.07,13.31,83.57,13.75,7.91,31
2026-02-26 11:25:11,,,,,0,1.07,13.13,83.8,13.75,7.92,31
2026-02-26 11:25:15,,,,,0,1.07,13.2,85.01,13.5,7.89,31
2026-02-26 11:25:19,,,,,0,1.08,13.24,82.55,13.5,7.88,31
2026-02-26 11:25:23,,,,,0,1.08,13.37,81.72,13.75,7.92,31
2026-02-26 11:25:27,,,,,0,1.07,13.52,81.71,13.75,7.91,31
2026-02-26 11:25:31,,,,,0,1.08,13.73,81.25,14,7.88,31
2026-02-26 11:25:34,,,,,0,1.08,13.74,82.07,14,7.91,31
2026-02-26 11:25:38,,,,,0,1.08,13.68,81.77,14.25,7.89,31
2026-02-26 11:25:42,,,,,0,1.08,13.59,82.79,14.25,7.88,31
2026-02-26 11:25:46,,,,,0,1.08,13.41,82.14,14,7.89,31
2026-02-26 11:25:50,,,,,0,1.08,13.15,82.42,14,7.88,31
2026-02-26 11:25:54,,,,,0,1.08,13.1,83.23,13.75,7.87,31
2026-02-26 11:25:58,,,,,0,1.08,13.11,83.64,13.75,7.9,31
2026-02-26 11:26:02,,,,,0,1.08,13.09,83.37,13.5,7.9,31
2026-02-26 11:26:05,,,,,0,1.08,13.04,85.43,13.75,7.9,31
2026-02-26 11:26:09,,,,,0,1.08,13.14,86.68,13.75,7.88,31
2026-02-26 11:26:13,,,,,0,1.08,13.24,85.8,13.75,7.9,31
2026-02-26 11:26:17,,,,,0,1.08,13.27,85.91,13.75,7.88,31
2026-02-26 11:26:21,,,,,0,1.08,13.24,86.23,13.75,7.89,31
2026-02-26 11:26:25,,,,,0,1.08,13.37,84.78,13.5,7.9,31
2026-02-26 11:26:29,,,,,0,1.08,13.46,84.2,13.75,7.88,31
2026-02-26 11:26:32,,,,,0,1.08,13.47,85.43,14,7.9,31
2026-02-26 11:26:36,,,,,0,1.08,14.37,81.36,14.5,7.9,31
2026-02-26 11:26:40,,,,,0,1.08,15.61,76.43,16,7.88,31
2026-02-26 11:26:44,,,,,0,1.08,15.6,74.57,17.5,7.9,31
2026-02-26 11:26:48,,,,,0,1.08,15.3,76.33,17,7.9,31
2026-02-26 11:26:52,,,,,0,1.09,17.34,68.04,20.75,7.91,31
2026-02-26 11:26:56,,,,,0,1.09,18.91,63.74,23.75,7.92,31
2026-02-26 11:27:00,,,,,0,1.09,23.25,55.16,26.25,7.93,31
2026-02-26 11:27:03,,,,,0,1.09,24.43,48.37,28.5,7.95,31
2026-02-26 11:27:07,,,,,0,1.09,22.94,50.76,28,7.94,31
2026-02-26 11:27:11,,,,,0,1.09,23.48,50.08,27.25,7.95,31
2026-02-26 11:27:15,,,,,0,1.09,21.92,54.66,28,7.96,31
2026-02-26 11:27:19,,,,,0,1.09,23.55,48.81,29.75,7.95,31
2026-02-26 11:27:23,,,,,0,1.09,23.98,49.53,34,7.96,31
2026-02-26 11:27:27,,,,,0,1.09,24.35,47.51,35,7.97,31
2026-02-26 11:27:30,,,,,0,1.09,25.28,45.13,35,7.96,31
2026-02-26 11:27:34,,,,,0,1.09,31.41,34.03,35.5,7.95,31
2026-02-26 11:27:38,,,,,0,1.09,30.74,34.25,36.25,7.93,31
2026-02-26 11:27:42,,,,,0,1.09,29.35,36.04,36.75,7.92,31
2026-02-26 11:27:46,,,,,0,1.09,28.04,41.05,36.5,7.95,31
2026-02-26 11:27:50,,,,,0,1.09,21.8,52.85,32.75,7.92,31
2026-02-26 11:27:54,,,,,0,1.09,19.42,59.92,25.25,7.94,31
2026-02-26 11:27:58,,,,,0,1.09,18.35,63.43,21.5,7.94,31
2026-02-26 11:28:01,,,,,0,1.09,17.52,64.93,19.5,7.91,31
2026-02-26 11:28:05,,,,,0,1.09,16.32,67.92,18.25,7.94,31
2026-02-26 11:28:09,,,,,0,1.09,16.86,65.63,17.5,7.91,31
2026-02-26 11:28:13,,,,,0,1.1,16.6,66.8,17,7.92,31
2026-02-26 11:28:17,,,,,0,1.09,15.85,67.42,16.75,7.94,31
2026-02-26 11:28:21,,,,,0,1.09,14.98,69.33,16.25,7.93,31
2026-02-26 11:28:25,,,,,0,1.09,13.88,77.08,15.25,7.92,31
2026-02-26 11:28:28,,,,,0,1.09,12.07,81.68,14,7.9,31
2026-02-26 11:28:32,,,,,0,1.09,10.63,80.96,12.75,7.92,31
2026-02-26 11:28:36,,,,,0,1.09,10,86.58,11.25,7.9,31
2026-02-26 11:28:40,,,,,0,1.1,9.23,86.59,10.5,7.91,31
2026-02-26 11:28:44,,,,,0,1.1,8.86,89.58,9.75,7.91,31
2026-02-26 11:28:48,,,,,0,1.1,7.94,91.68,9,7.91,31
2026-02-26 11:28:52,,,,,0,1.1,7.23,90.65,8.25,7.9,31
2026-02-26 11:28:56,,,,,0,1.1,7.74,92.4,8,7.91,31
2026-02-26 11:28:59,,,,,0,1.1,6.45,90.75,7.5,7.92,31
2026-02-26 11:29:03,,,,,0,1.1,6.39,91.08,7,7.91,31
2026-02-26 11:29:07,,,,,0,1.1,5.74,91.96,6.75,7.9,31
2026-02-26 11:29:11,,,,,0,1.1,5.83,92.8,6.5,7.91,31
2026-02-26 11:29:15,,,,,0,1.1,6.04,94.13,6.25,7.9,31
2026-02-26 11:29:19,,,,,0,1.1,5.34,93.72,6,7.89,31
2026-02-26 11:29:22,,,,,0,1.1,4.97,94.56,5.75,7.9,31
2026-02-26 11:29:26,,,,,0,1.1,5.46,95.97,6,7.9,31
2026-02-26 11:29:30,,,,,0,1.1,4.87,98.4,5.5,7.9,31
2026-02-26 11:29:34,,,,,0,1.1,4.34,97.2,5.25,7.89,31
2026-02-26 11:29:38,,,,,0,1.1,5.74,95.85,5.25,7.9,31
2026-02-26 11:29:42,,,,,0,1.1,9.2,91.78,7,7.9,31
2026-02-26 11:29:46,,,,,0,1.1,14,75.88,12,7.9,31
2026-02-26 11:29:49,,,,,0,1.09,15.29,69.51,17.75,7.92,31
2026-02-26 11:29:53,,,,,0,1.1,16.63,66.96,22.75,7.94,31
2026-02-26 11:29:57,,,,,0,1.1,18.45,61.85,27,7.95,31
2026-02-26 11:30:01,,,,,0,1.1,20.02,57.04,30.25,7.93,31
2026-02-26 11:30:05,,,,,0,1.1,24.6,47.57,31,7.94,31
2026-02-26 11:30:09,,,,,0,1.1,26.24,46.47,31.25,7.96,31
2026-02-26 11:30:13,,,,,0,1.1,24.97,46.66,31.75,7.95,31
2026-02-26 11:30:17,,,,,0,1.1,26.99,46.52,31.75,7.97,31
2026-02-26 11:30:20,,,,,0,1.1,25.09,45.51,33,7.96,31
2026-02-26 11:30:24,,,,,0,1.1,24.02,48.07,30.5,7.93,31
2026-02-26 11:30:28,,,,,0,1.1,24.03,49.7,29.25,7.95,31
2026-02-26 11:30:32,,,,,0,1.1,24.49,47.82,29.5,7.96,31
2026-02-26 11:30:36,,,,,0,1.1,24.95,44.64,30.5,7.94,31
2026-02-26 11:30:40,,,,,0,1.1,25.58,41.92,31.25,7.96,31
2026-02-26 11:30:44,,,,,0,1.1,26.55,43.55,31.5,7.97,31
2026-02-26 11:30:47,,,,,0,1.09,24.66,48.31,29.75,7.95,31
2026-02-26 11:30:51,,,,,0,1.1,25.81,45.76,29.25,7.94,31
2026-02-26 11:30:55,,,,,0,1.09,21.59,55.48,27.75,7.94,31
2026-02-26 11:30:59,,,,,0,1.1,20.03,58.54,23.75,7.95,31
2026-02-26 11:31:03,,,,,0,1.09,19.01,63.13,21.5,7.96,31
2026-02-26 11:31:07,,,,,0,1.1,18.6,64.17,19.75,7.92,31
2026-02-26 11:31:11,,,,,0,1.1,17.93,63.23,19,7.94,31
2026-02-26 11:31:15,,,,,0,1.09,15.3,69.64,17.75,7.91,31
2026-02-26 11:31:18,,,,,0,1.09,15.2,78.69,16.5,7.94,31
2026-02-26 11:31:22,,,,,0,1.1,13.76,83.8,15.25,7.92,31
2026-02-26 11:31:26,,,,,0,1.09,12.48,80.11,14.5,7.94,31
2026-02-26 11:31:30,,,,,0,1.09,11.67,83.69,13.25,7.9,31
2026-02-26 11:31:34,,,,,0,1.09,11.51,80.39,12.25,7.93,31
2026-02-26 11:31:38,,,,,0,1.1,11,82.8,12,7.92,31
2026-02-26 11:31:42,,,,,0,1.09,10.2,83.16,11.25,7.91,31
2026-02-26 11:31:46,,,,,0,1.09,9.92,83.95,10.75,7.93,31
2026-02-26 11:31:49,,,,,0,1.09,9.71,88.63,10.5,7.9,31
2026-02-26 11:31:53,,,,,0,1.09,9.54,87.8,10.25,7.89,31
2026-02-26 11:31:57,,,,,0,1.1,10.15,92.69,10,7.89,31
2026-02-26 11:32:01,,,,,0,1.1,8.9,88.48,10,7.9,31
2026-02-26 11:32:05,,,,,0,1.1,8.56,92.47,9.25,7.91,31
2026-02-26 11:32:09,,,,,0,1.09,8.63,91.64,9,7.89,31
2026-02-26 11:32:12,,,,,0,1.1,7.42,91.74,8.5,7.91,31
2026-02-26 11:32:16,,,,,0,1.1,6.67,92.89,8,7.9,31
2026-02-26 11:32:20,,,,,0,1.1,6.78,94.51,7.5,7.93,31
2026-02-26 11:32:24,,,,,0,1.1,6.4,93.89,7.25,7.91,31
2026-02-26 11:32:28,,,,,0,1.1,6,93.81,6.75,7.91,31
2026-02-26 11:32:32,,,,,0,1.1,5.61,93.17,6.5,7.91,31
2026-02-26 11:32:36,,,,,0,1.1,6.84,96.07,6.75,7.91,31
2026-02-26 11:32:39,,,,,0,1.1,5.39,95.37,6.5,7.91,31
2026-02-26 11:32:43,,,,,0,1.1,6.32,96.73,6.5,7.92,31
2026-02-26 11:32:47,,,,,0,1.1,8.98,91.9,7.5,7.9,31
2026-02-26 11:32:51,,,,,0,1.1,14.75,74.5,12.25,7.94,31
2026-02-26 11:32:55,,,,,0,1.1,17.09,67.62,18.25,7.93,31
2026-02-26 11:32:59,,,,,0,1.1,18.81,62.55,23.5,7.94,31
2026-02-26 11:33:03,,,,,0,1.1,20.48,58.46,27,7.94,31
2026-02-26 11:33:06,,,,,0,1.1,20.86,57.61,30,7.92,31
2026-02-26 11:33:10,,,,,0,1.1,24.79,48.45,31.25,7.93,31
2026-02-26 11:33:14,,,,,0,1.1,27.7,44.06,31.5,7.94,31
2026-02-26 11:33:18,,,,,0,1.1,28.57,41.57,32.5,7.94,31
2026-02-26 11:33:22,,,,,0,1.1,28.61,39.01,33.75,7.96,31
2026-02-26 11:33:26,,,,,0,1.1,25.77,45.64,35,7.97,31
2026-02-26 11:33:30,,,,,0,1.1,26.51,43.23,37.25,7.98,31
2026-02-26 11:33:34,,,,,0,1.1,26.56,42.71,38.5,7.98,31
2026-02-26 11:33:37,,,,,0,1.1,26.58,41.54,37.75,7.98,31
2026-02-26 11:33:41,,,,,0,1.1,26.35,41.78,36,7.98,31
2026-02-26 11:33:45,,,,,0,1.1,30.09,35.45,35.25,7.98,31
2026-02-26 11:33:49,,,,,0,1.1,30,35.87,34.75,7.98,31
2026-02-26 11:33:53,,,,,0,1.1,29.49,36.01,34.25,7.97,31
2026-02-26 11:33:57,,,,,0,1.1,29.25,36.77,34,7.94,31
2026-02-26 11:34:01,,,,,0,1.1,25.56,45.97,32.25,7.93,31
2026-02-26 11:34:04,,,,,0,1.1,20.63,58.46,26,7.95,31
2026-02-26 11:34:08,,,,,0,1.1,19.34,62.39,22.5,7.97,31
2026-02-26 11:34:12,,,,,0,1.1,18.99,62.37,20.5,7.95,31
2026-02-26 11:34:16,,,,,0,1.1,18.47,63.56,19.5,7.95,31
2026-02-26 11:34:20,,,,,0,1.1,17.64,63.01,18.75,7.94,31
2026-02-26 11:34:24,,,,,0,1.1,17.46,64.45,18.25,7.92,31
2026-02-26 11:34:28,,,,,0,1.1,16.79,65.49,17.75,7.95,31
2026-02-26 11:34:32,,,,,0,1.1,15.88,70.83,16.75,7.95,31
2026-02-26 11:34:35,,,,,0,1.1,14.22,77.6,15.5,7.94,31
2026-02-26 11:34:39,,,,,0,1.1,13.38,81.87,14.75,7.93,31
2026-02-26 11:34:43,,,,,0,1.1,12.43,83.28,13.75,7.93,31
2026-02-26 11:34:47,,,,,0,1.1,10.38,82.9,12.5,7.91,31
2026-02-26 11:34:51,,,,,0,1.1,9.86,86.12,11.5,7.91,31
2026-02-26 11:34:55,,,,,0,1.1,10.3,88.61,10.75,7.94,31
2026-02-26 11:34:59,,,,,0,1.1,8.89,90.03,10.5,7.93,31
2026-02-26 11:35:02,,,,,0,1.1,8.99,93.42,9.75,7.93,31
2026-02-26 11:35:06,,,,,0,1.1,8.13,91.43,9.25,7.9,31
2026-02-26 11:35:10,,,,,0,1.09,8,92.93,8.75,7.92,31
2026-02-26 11:35:14,,,,,0,1.09,8.8,96.49,8.5,7.91,31
2026-02-26 11:35:18,,,,,0,1.09,9.04,95.5,8.75,7.9,31
2026-02-26 11:35:22,,,,,0,1.09,8.13,95.53,8.5,7.92,31
2026-02-26 11:35:26,,,,,0,1.09,8.73,97.8,8.5,7.92,31
2026-02-26 11:35:29,,,,,0,1.09,9.31,99.5,8.75,7.91,31
2026-02-26 11:35:33,,,,,0,1.09,6.97,98.26,8.75,7.92,31
2026-02-26 11:35:37,,,,,0,1.09,7.24,98.21,8,7.91,31
2026-02-26 11:35:41,,,,,0,1.09,9.32,100,8.25,7.91,31
2026-02-26 11:35:45,,,,,0,1.09,9.35,100,9.25,7.89,31
2026-02-26 11:35:49,,,,,0,1.09,9.36,100,9.5,7.92,31
2026-02-26 11:35:53,,,,,0,1.09,10.67,100,10.25,7.91,31
2026-02-26 11:35:56,,,,,0,1.09,11.72,91.85,11,7.89,31
2026-02-26 11:36:00,,,,,0,1.09,13.5,83.67,13,7.89,31
2026-02-26 11:36:04,,,,,0,1.09,13.28,83.79,14.25,7.89,31
2026-02-26 11:36:08,,,,,0,1.09,12.96,84.54,14.5,7.89,31
2026-02-26 11:36:12,,,,,0,1.09,13.6,82.56,14.75,7.89,31
2026-02-26 11:36:16,,,,,0,1.09,14.53,79.04,15.5,7.9,31
2026-02-26 11:36:20,,,,,0,1.09,16.11,73.65,17.5,7.93,31
2026-02-26 11:36:23,,,,,0,1.09,18.05,67.25,20,7.94,31
2026-02-26 11:36:27,,,,,0,1.09,17.33,69.68,22.25,7.91,31
2026-02-26 11:36:31,,,,,0,1.09,17.3,68.19,21.75,7.92,31
2026-02-26 11:36:36,,,,,0,1.09,18,65.35,21.25,7.95,31
2026-02-26 11:36:40,,,,,0,1.09,20.79,58.12,25,7.94,31
2026-02-26 11:36:44,,,,,0,1.09,19.52,62.62,27,7.95,31
2026-02-26 11:36:48,,,,,0,1.09,20.31,60.74,26.25,7.96,31
2026-02-26 11:36:52,,,,,0,1.08,23.16,53.46,27.75,7.92,31
2026-02-26 11:36:55,,,,,0,1.09,22.91,53.95,28.25,7.93,31
2026-02-26 11:36:59,,,,,0,1.09,19.05,62.25,25,7.91,31
2026-02-26 11:37:03,,,,,0,1.09,21.57,57.11,23,7.93,31
2026-02-26 11:37:07,,,,,0,1.09,19.62,61.89,25,7.92,31
2026-02-26 11:37:11,,,,,0,1.09,15.43,75.12,21.25,7.94,31
2026-02-26 11:37:15,,,,,0,1.08,13.57,81.78,17.75,7.94,31
2026-02-26 11:37:19,,,,,0,1.08,11.85,79.42,15,7.93,31
2026-02-26 11:37:23,,,,,0,1.08,10.93,84.67,13.25,7.92,31
2026-02-26 11:37:26,,,,,0,1.08,10.35,87.86,12,7.92,31
2026-02-26 11:37:30,,,,,0,1.08,10.29,87.66,11.25,7.92,31
2026-02-26 11:37:34,,,,,0,1.08,10.04,87.39,10.75,7.92,31
2026-02-26 11:37:38,,,,,0,1.08,8.94,87.3,10.25,7.92,31
2026-02-26 11:37:42,,,,,0,1.08,8.08,88.87,9.75,7.91,31
2026-02-26 11:37:46,,,,,0,1.08,8.9,93.71,8.75,7.92,31
2026-02-26 11:37:50,,,,,0,1.08,7.76,93.21,8.5,7.91,31
2026-02-26 11:37:53,,,,,0,1.08,7.77,92.29,8.25,7.89,31
2026-02-26 11:37:57,,,,,0,1.08,6.91,93.96,7.75,7.91,31
2026-02-26 11:38:01,,,,,0,1.08,6.57,94.11,7.25,7.9,31
2026-02-26 11:38:05,,,,,0,1.08,6.3,96.39,7.25,7.9,31
2026-02-26 11:38:09,,,,,0,1.08,5.96,95.96,7,7.9,31
2026-02-26 11:38:13,,,,,0,1.09,5.94,96.58,6.5,7.91,31
2026-02-26 11:38:16,,,,,0,1.08,5.23,96.7,6.25,7.91,31
2026-02-26 11:38:20,,,,,0,1.09,6.44,99.77,5.75,7.9,31
2026-02-26 11:38:24,,,,,0,1.09,5.03,97.44,6.25,7.9,31
2026-02-26 11:38:28,,,,,0,1.08,4.81,99.03,5.75,7.9,31
2026-02-26 11:38:32,,,,,0,1.08,4.13,98.94,5.25,7.9,31
2026-02-26 11:38:36,,,,,0,1.08,5.94,98.96,5.25,7.89,31
2026-02-26 11:38:40,,,,,0,1.08,3.79,98.85,5,7.9,31
2026-02-26 11:38:43,,,,,0,1.08,5.15,100,4.5,7.89,31
2026-02-26 11:38:47,,,,,0,1.08,3.78,99.84,4.75,7.88,31
2026-02-26 11:38:51,,,,,0,1.08,3.31,99.61,4.5,7.9,31
2026-02-26 11:38:55,,,,,0,1.08,4.06,99.9,4.25,7.89,31
2026-02-26 11:38:59,,,,,0,1.08,5.99,100,4.75,7.89,31
2026-02-26 11:39:03,,,,,0,1.08,10.22,98.62,8.25,7.89,31
2026-02-26 11:39:07,,,,,0,1.08,13.74,81.74,14.5,7.9,31
2026-02-26 11:39:10,,,,,0,1.08,15.14,74.56,19,7.94,31
2026-02-26 11:39:14,,,,,0,1.08,16.76,69.34,23.5,7.93,31
2026-02-26 11:39:18,,,,,0,1.08,17.98,65.68,25.75,7.93,31
2026-02-26 11:39:22,,,,,0,1.08,21.43,55.1,25.75,7.94,31
2026-02-26 11:39:26,,,,,0,1.08,26.07,43.24,29,7.93,31
2026-02-26 11:39:30,,,,,0,1.08,28.22,40.39,30.75,7.96,31
2026-02-26 11:39:34,,,,,0,1.08,29.77,35.26,32.5,7.96,31
2026-02-26 11:39:38,,,,,0,1.08,28.48,31.93,35.75,7.97,31
2026-02-26 11:39:41,,,,,0,1.08,26.75,34.11,39.75,7.97,31
2026-02-26 11:39:45,,,,,0,1.08,28.17,36.54,41,7.97,31
2026-02-26 11:39:49,,,,,0,1.08,29.07,35.42,41.5,7.98,31
2026-02-26 11:39:53,,,,,0,1.08,29.63,33.39,42.25,7.98,31
2026-02-26 11:39:57,,,,,0,1.08,33.19,27.46,41.75,7.97,31
2026-02-26 11:40:01,,,,,0,1.08,32.71,29.23,39,7.98,31
2026-02-26 11:40:05,,,,,0,1.08,31.93,26.34,37.75,7.98,31
2026-02-26 11:40:08,,,,,0,1.08,30.79,30.15,36.5,7.97,31
2026-02-26 11:40:12,,,,,0,1.08,29.71,31,35.5,7.95,31
2026-02-26 11:40:16,,,,,0,1.08,24.08,37.35,30.25,7.95,31
2026-02-26 11:40:20,,,,,0,1.08,22.77,42.53,26,7.91,31
2026-02-26 11:40:24,,,,,0,1.08,22.43,44.96,24,7.85,31
2026-02-26 11:40:28,,,,,0,1.08,22.1,44.21,23.25,7.93,31
2026-02-26 11:40:32,,,,,0,1.08,21.86,44.34,22.5,7.87,31
2026-02-26 11:40:36,,,,,0,1.08,21.67,42.19,21.75,7.95,31
2026-02-26 11:40:39,,,,,0,1.08,18.98,50.63,21.5,7.92,31
2026-02-26 11:40:43,,,,,0,1.08,16.16,61.57,19.75,7.94,31
2026-02-26 11:40:47,,,,,0,1.08,15.25,63.08,17.75,7.94,31
2026-02-26 11:40:51,,,,,0,1.08,13.57,63.74,16.25,7.95,31
2026-02-26 11:40:55,,,,,0,1.08,12.03,65.11,14.5,7.94,31
2026-02-26 11:40:59,,,,,0,1.08,11.02,67.48,13,7.94,31
2026-02-26 11:41:03,,,,,0,1.08,10.59,71.93,12,7.9,31
2026-02-26 11:41:07,,,,,0,1.08,10.12,74.57,11.25,7.92,31
2026-02-26 11:41:10,,,,,0,1.08,9.4,75.78,10.5,7.92,31
2026-02-26 11:41:14,,,,,0,1.08,9,77.04,10,7.9,31
2026-02-26 11:41:18,,,,,0,1.08,8.46,79.79,9.75,7.92,31
2026-02-26 11:41:22,,,,,0,1.08,9.42,79.94,9.25,7.92,31
2026-02-26 11:41:26,,,,,0,1.08,8.91,79.07,9,7.92,31
2026-02-26 11:41:30,,,,,0,1.08,8.99,84,8.75,7.9,31
2026-02-26 11:41:34,,,,,0,1.08,7.09,82.39,8.75,7.89,31
2026-02-26 11:41:37,,,,,0,1.08,7.29,81.81,8.25,7.9,31
2026-02-26 11:41:41,,,,,0,1.08,7.5,84.05,7.75,7.91,31
2026-02-26 11:41:45,,,,,0,1.09,7.34,81.93,7.5,7.9,31
2026-02-26 11:41:49,,,,,0,1.09,6.95,82.5,7.5,7.89,31
2026-02-26 11:41:53,,,,,0,1.09,6.52,82.14,7.25,7.91,31
2026-02-26 11:41:57,,,,,0,1.09,8.88,85.52,7.5,7.91,31
2026-02-26 11:42:00,,,,,0,1.09,7.46,83.31,7.75,7.9,31
2026-02-26 11:42:04,,,,,0,1.09,9,79.05,8.25,7.91,31
2026-02-26 11:42:08,,,,,0,1.09,13.88,71.03,11,7.89,31
2026-02-26 11:42:12,,,,,0,1.09,18.06,59.12,18.5,7.93,31
2026-02-26 11:42:16,,,,,0,1.09,18.91,55.6,23.75,7.84,31
2026-02-26 11:42:20,,,,,0,1.09,21.38,47.17,28.25,7.91,31
2026-02-26 11:42:24,,,,,0,1.09,21.6,48.8,30,7.96,31
2026-02-26 11:42:28,,,,,0,1.09,24.98,41.49,30.75,7.94,31
2026-02-26 11:42:31,,,,,0,1.09,26.19,40.77,33.25,7.96,31
2026-02-26 11:42:35,,,,,0,1.09,28.36,35.39,33.25,7.98,31
2026-02-26 11:42:39,,,,,0,1.09,29.43,33.61,34.25,7.97,31
2026-02-26 11:42:43,,,,,0,1.09,27.96,36.15,35,7.97,31
2026-02-26 11:42:47,,,,,0,1.09,25.47,36.67,32.5,7.94,31
2026-02-26 11:42:51,,,,,0,1.09,26.42,33.91,31,7.97,31
2026-02-26 11:42:55,,,,,0,1.09,25.48,37.85,31.75,7.94,31
2026-02-26 11:42:59,,,,,0,1.09,24.57,39.4,29.25,7.97,31
2026-02-26 11:43:02,,,,,0,1.09,23.93,40.07,27.25,7.95,31
2026-02-26 11:43:06,,,,,0,1.09,23.21,42.54,25.75,7.95,31
2026-02-26 11:43:10,,,,,0,1.09,22.51,44.13,24.75,7.94,31
2026-02-26 11:43:14,,,,,0,1.09,21.19,57.16,23.75,7.92,31
2026-02-26 11:43:18,,,,,0,1.09,21.41,46.31,23,7.87,31
2026-02-26 11:43:22,,,,,0,1.09,21.1,53.88,22.5,7.94,31
2026-02-26 11:43:26,,,,,0,1.09,20.27,50.71,21.5,7.94,31
2026-02-26 11:43:30,,,,,0,1.09,19.89,55.62,21,7.92,31
2026-02-26 11:43:33,,,,,0,1.09,19.02,57.17,20.5,7.95,31
2026-02-26 11:43:37,,,,,0,1.09,18.01,57.82,19.5,7.94,31
2026-02-26 11:43:41,,,,,0,1.09,18.54,57.82,18.75,7.94,31
2026-02-26 11:43:45,,,,,0,1.09,18.6,57.2,19,7.94,31
2026-02-26 11:43:49,,,,,0,1.09,17.83,61.98,18.75,7.94,31
2026-02-26 11:43:53,,,,,0,1.09,16.93,65.82,18.25,7.93,31
2026-02-26 11:43:57,,,,,0,1.09,16.47,64.18,17.25,7.94,31
2026-02-26 11:44:01,,,,,0,1.09,15.84,66.37,16.75,7.93,31
2026-02-26 11:44:04,,,,,0,1.09,15.47,69.88,16.25,7.93,31
2026-02-26 11:44:08,,,,,0,1.09,15.79,72.1,16,7.94,31
2026-02-26 11:44:12,,,,,0,1.09,15.38,73.58,16,7.94,31
2026-02-26 11:44:16,,,,,0,1.09,14.43,74.21,15.5,7.93,31
2026-02-26 11:44:20,,,,,0,1.09,14.32,76.21,15,7.9,31
2026-02-26 11:44:24,,,,,0,1.09,14.48,74.78,14.75,7.9,31
2026-02-26 11:44:28,,,,,0,1.09,14.23,75.03,14.75,7.93,31
2026-02-26 11:44:31,,,,,0,1.09,14.39,73.66,14.75,7.92,31
2026-02-26 11:44:35,,,,,0,1.09,14.64,74.05,14.75,7.92,31
2026-02-26 11:44:39,,,,,0,1.09,14.54,73.54,15,7.93,31
2026-02-26 11:44:43,,,,,0,1.09,14.47,75.65,15,7.92,31
2026-02-26 11:44:47,,,,,0,1.09,14.63,76.79,14.75,7.89,31
2026-02-26 11:44:51,,,,,0,1.09,13.93,75.26,14.5,7.9,31
2026-02-26 11:44:55,,,,,0,1.09,14.52,76.39,14.5,7.89,31
2026-02-26 11:44:58,,,,,0,1.09,14.32,76.32,14.75,7.9,31
2026-02-26 11:45:02,,,,,0,1.09,14.63,77,14.75,7.92,31
2026-02-26 11:45:06,,,,,0,1.09,14.23,77.24,14.75,7.91,31
2026-02-26 11:45:10,,,,,0,1.09,14.78,76.62,15,7.89,31
2026-02-26 11:45:14,,,,,0,1.09,16.67,69.56,16.25,7.91,31
2026-02-26 11:45:18,,,,,0,1.09,17.38,66.77,19.25,7.92,31
2026-02-26 11:45:22,,,,,0,1.09,19.04,61.95,21.5,7.92,31
2026-02-26 11:45:26,,,,,0,1.09,20.82,56.87,25.5,7.93,31
2026-02-26 11:45:29,,,,,0,1.09,22.82,53.05,29.5,7.95,31
2026-02-26 11:45:33,,,,,0,1.09,23.64,49.97,30.25,7.95,31
2026-02-26 11:45:37,,,,,0,1.09,23.5,48.45,30.25,7.92,31
2026-02-26 11:45:41,,,,,0,1.1,25.04,47.23,30.25,7.93,31
2026-02-26 11:45:45,,,,,0,1.1,23.68,49.89,28.5,7.93,31
2026-02-26 11:45:49,,,,,0,1.09,24.63,47.62,27.75,7.97,31
2026-02-26 11:45:53,,,,,0,1.09,23.99,49.13,29.25,7.93,31
2026-02-26 11:45:57,,,,,0,1.09,23.9,49.09,30.25,7.97,31
2026-02-26 11:46:00,,,,,0,1.09,24.16,49.94,29,7.95,31
2026-02-26 11:46:04,,,,,0,1.09,24.08,47.71,28.25,7.94,31
2026-02-26 11:46:08,,,,,0,1.09,24.23,49.42,28.5,7.95,31
2026-02-26 11:46:12,,,,,0,1.1,26.67,45.22,29,7.94,31
2026-02-26 11:46:16,,,,,0,1.1,25.84,44.05,31.5,7.92,31
2026-02-26 11:46:20,,,,,0,1.1,23.21,52.93,28.75,7.91,31
2026-02-26 11:46:24,,,,,0,1.1,22.44,53.05,26.25,7.91,31
2026-02-26 11:46:28,,,,,0,1.1,21.37,56.65,24,7.92,31
2026-02-26 11:46:31,,,,,0,1.1,20.73,61.48,22.5,7.89,31
2026-02-26 11:46:35,,,,,0,1.1,20.08,65.73,21.5,7.92,31
2026-02-26 11:46:39,,,,,0,1.1,19.66,67.56,20.75,7.94,31
2026-02-26 11:46:43,,,,,0,1.1,18.48,70.93,19.75,7.94,31
2026-02-26 11:46:47,,,,,0,1.1,18.39,72.43,19.25,7.93,31
2026-02-26 11:46:51,,,,,0,1.1,18.22,72.26,19,7.93,31
2026-02-26 11:46:55,,,,,0,1.1,17.3,79.87,18.25,7.94,31
2026-02-26 11:46:59,,,,,0,1.1,16.72,77.62,17.5,7.93,31
2026-02-26 11:47:02,,,,,0,1.1,17.56,74.36,17.75,7.94,31
2026-02-26 11:47:06,,,,,0,1.1,17.65,73.25,18,7.9,31
2026-02-26 11:47:10,,,,,0,1.1,17.28,76.37,17.75,7.92,31
2026-02-26 11:47:14,,,,,0,1.1,16.97,76.67,17.75,7.93,31
2026-02-26 11:47:18,,,,,0,1.1,16.51,78.19,17.5,7.93,31
2026-02-26 11:47:22,,,,,0,1.1,16.28,80.55,17,7.93,31
2026-02-26 11:47:26,,,,,0,1.1,15.7,81.54,16.75,7.9,31
2026-02-26 11:47:29,,,,,0,1.1,15.09,83.95,16,7.93,31
2026-02-26 11:47:33,,,,,0,1.1,14.45,85.23,15.5,7.9,31
2026-02-26 11:47:37,,,,,0,1.1,14.29,87.13,15,7.92,31
2026-02-26 11:47:41,,,,,0,1.1,13.83,87.42,14.5,7.9,31
2026-02-26 11:47:45,,,,,0,1.1,13.32,85.6,14.25,7.92,31
2026-02-26 11:47:49,,,,,0,1.1,13.46,84.73,14,7.89,31
2026-02-26 11:47:53,,,,,0,1.1,14.01,87.6,14,7.9,31
2026-02-26 11:47:57,,,,,0,1.1,13.8,87.17,14,7.89,31
2026-02-26 11:48:00,,,,,0,1.1,13.73,88.79,14,7.89,31
2026-02-26 11:48:04,,,,,0,1.1,13.59,88.4,14,7.91,31
2026-02-26 11:48:08,,,,,0,1.1,13.34,88.18,14,7.89,31
2026-02-26 11:48:12,,,,,0,1.1,13.88,89.36,14,7.9,31
2026-02-26 11:48:16,,,,,0,1.1,13.73,88.26,14,7.91,31
2026-02-26 11:48:20,,,,,0,1.1,14.82,86.74,14.5,7.89,31
2026-02-26 11:48:24,,,,,0,1.1,16.37,80.25,16,7.91,31
2026-02-26 11:48:27,,,,,0,1.1,17.18,77.67,17.75,7.89,31
2026-02-26 11:48:31,,,,,0,1.1,18.62,73.31,19.5,7.91,31
2026-02-26 11:48:35,,,,,0,1.1,19.71,68.94,22.25,7.89,31
2026-02-26 11:48:39,,,,,0,1.1,20.39,66.11,24.25,7.91,31
2026-02-26 11:48:43,,,,,0,1.1,23.65,58.24,26.75,7.93,31
2026-02-26 11:48:47,,,,,0,1.1,25.45,50.7,28.5,7.94,31
2026-02-26 11:48:51,,,,,0,1.1,25.51,52.55,31,7.92,31
2026-02-26 11:48:55,,,,,0,1.1,24.29,53.7,31.25,7.95,31
2026-02-26 11:48:58,,,,,0,1.1,25.02,50,31.5,7.94,31
2026-02-26 11:49:02,,,,,0,1.1,25.42,48.97,31.25,7.96,31
2026-02-26 11:49:06,,,,,0,1.1,23.93,49.94,31,7.94,31
2026-02-26 11:49:10,,,,,0,1.1,25.07,47.04,32.5,7.96,31
2026-02-26 11:49:14,,,,,0,1.1,26.35,42.94,35.25,7.94,31
2026-02-26 11:49:18,,,,,0,1.1,32.15,35.68,35.75,7.97,31
2026-02-26 11:49:22,,,,,0,1.1,32.23,37.18,37.5,7.98,31
2026-02-26 11:49:26,,,,,0,1.1,30.37,39.86,36.75,7.97,31
2026-02-26 11:49:29,,,,,0,1.1,27.76,41.56,36.25,7.95,31
2026-02-26 11:49:33,,,,,0,1.1,21.9,57.03,31.75,7.95,31
2026-02-26 11:49:37,,,,,0,1.1,21.28,56.77,26.25,7.94,31
2026-02-26 11:49:41,,,,,0,1.1,20.4,62.94,23.25,7.94,31
2026-02-26 11:49:45,,,,,0,1.1,19.64,67.42,21.5,7.96,31
2026-02-26 11:49:49,,,,,0,1.1,19.35,68.77,20.5,7.95,31
2026-02-26 11:49:53,,,,,0,1.1,18.99,69.68,20,7.95,31
2026-02-26 11:49:57,,,,,0,1.1,18.75,70.68,19.5,7.94,31
2026-02-26 11:50:00,,,,,0,1.1,17.87,73.38,19,7.94,31
2026-02-26 11:50:04,,,,,0,1.1,17.05,75.58,18.25,7.94,31
2026-02-26 11:50:08,,,,,0,1.1,17.08,76.39,17.5,7.91,31
2026-02-26 11:50:12,,,,,0,1.1,16.36,77.76,17,7.93,31
2026-02-26 11:50:16,,,,,0,1.1,16.39,80.14,16.5,7.92,31
2026-02-26 11:50:20,,,,,0,1.1,15.83,81.64,16.5,7.91,31
2026-02-26 11:50:24,,,,,0,1.1,15.27,84.12,16.25,7.93,31
2026-02-26 11:50:28,,,,,0,1.1,14.11,86.59,15.5,7.93,31
2026-02-26 11:50:31,,,,,0,1.1,13.54,87.78,14.75,7.94,31
2026-02-26 11:50:35,,,,,0,1.1,14.13,89.28,14.5,7.92,31
2026-02-26 11:50:39,,,,,0,1.1,13.54,89.15,14,7.9,31
2026-02-26 11:50:43,,,,,0,1.1,13.16,87.73,13.75,7.92,31
2026-02-26 11:50:47,,,,,0,1.1,12.93,89.49,13.5,7.9,31
2026-02-26 11:50:51,,,,,0,1.1,12.66,89.15,13.25,7.93,31
2026-02-26 11:50:55,,,,,0,1.1,11.89,89.08,13,7.89,31
2026-02-26 11:50:58,,,,,0,1.1,11.11,88.45,12.25,7.92,31
2026-02-26 11:51:02,,,,,0,1.1,10.54,90.62,12,7.89,31
2026-02-26 11:51:06,,,,,0,1.1,9.88,93.28,11.25,7.9,31
2026-02-26 11:51:10,,,,,0,1.1,9.4,94.76,10.75,7.92,31
2026-02-26 11:51:14,,,,,0,1.1,9.11,93.38,10.25,7.91,31
2026-02-26 11:51:18,,,,,0,1.1,9.3,95.19,9.75,7.9,31
2026-02-26 11:51:22,,,,,0,1.1,10.05,92.79,10,7.91,31
2026-02-26 11:51:25,,,,,0,1.1,11.19,91.89,10.75,7.92,31
2026-02-26 11:51:29,,,,,0,1.1,11.73,91.18,11.75,7.9,31
2026-02-26 11:51:33,,,,,0,1.1,13.24,86.63,12.75,7.89,31
2026-02-26 11:51:37,,,,,0,1.1,15.24,80.46,15.75,7.9,31
2026-02-26 11:51:41,,,,,0,1.1,16.21,76.48,17.75,7.92,31
2026-02-26 11:51:45,,,,,0,1.1,17.98,74.15,19.5,7.94,31
2026-02-26 11:51:49,,,,,0,1.1,21.81,64.89,23.25,7.92,31
2026-02-26 11:51:53,,,,,0,1.1,23.79,57.84,27.75,7.91,31
2026-02-26 11:51:56,,,,,0,1.1,27.1,51.59,30.75,7.94,31
2026-02-26 11:52:00,,,,,0,1.1,27.18,48.69,33.25,7.93,31
2026-02-26 11:52:04,,,,,0,1.1,24.78,53.81,35.5,7.95,31
2026-02-26 11:52:08,,,,,0,1.1,23.91,57.83,34.25,7.96,31
2026-02-26 11:52:12,,,,,0,1.1,24.4,55.54,33,7.97,31
2026-02-26 11:52:16,,,,,0,1.1,24.02,56.49,33.25,7.95,31
2026-02-26 11:52:20,,,,,0,1.1,24.65,55.38,32.75,7.98,31
2026-02-26 11:52:23,,,,,0,1.1,27.66,48.22,32.5,7.97,31
2026-02-26 11:52:27,,,,,0,1.1,27,50.08,31.75,7.97,31
2026-02-26 11:52:31,,,,,0,1.1,25.74,51.97,30.75,7.93,31
2026-02-26 11:52:35,,,,,0,1.1,23.73,56.8,27.5,7.96,31
2026-02-26 11:52:39,,,,,0,1.1,19.51,66.19,24.25,7.94,31
2026-02-26 11:52:43,,,,,0,1.09,18,68.54,21.25,7.96,31
2026-02-26 11:52:47,,,,,0,1.09,17.45,69.25,19.5,7.95,31
2026-02-26 11:52:51,,,,,0,1.1,17.03,68.43,18.25,7.92,31
2026-02-26 11:52:54,,,,,0,1.09,17.12,69.94,17.75,7.93,31
2026-02-26 11:52:58,,,,,0,1.09,16.75,67.56,17.5,7.94,31
2026-02-26 11:53:02,,,,,0,1.09,16.28,67.53,17,7.93,31
2026-02-26 11:53:06,,,,,0,1.09,15.66,66.62,16.75,7.94,31
2026-02-26 11:53:10,,,,,0,1.09,15.38,68.73,16.25,7.91,31
2026-02-26 11:53:14,,,,,0,1.09,15.3,67.45,15.75,7.94,31
2026-02-26 11:53:18,,,,,0,1.09,15.17,66.4,16,7.91,31
2026-02-26 11:53:22,,,,,0,1.09,14.26,67.88,15.5,7.94,31
2026-02-26 11:53:25,,,,,0,1.09,15.05,69.2,15,7.9,31
2026-02-26 11:53:29,,,,,0,1.09,14.9,67.6,15.25,7.93,31
2026-02-26 11:53:33,,,,,0,1.09,14.39,68.53,15.25,7.93,31
2026-02-26 11:53:37,,,,,0,1.09,14.39,68.23,15,7.92,31
2026-02-26 11:53:41,,,,,0,1.09,14.33,71.19,15,7.91,31
2026-02-26 11:53:45,,,,,0,1.09,13.84,68.51,14.75,7.92,31
2026-02-26 11:53:49,,,,,0,1.09,13.68,70.75,14.5,7.92,31
2026-02-26 11:53:52,,,,,0,1.09,13.79,71.45,14.25,7.93,31
2026-02-26 11:53:56,,,,,0,1.09,13.81,74.08,14.25,7.92,31
2026-02-26 11:54:00,,,,,0,1.09,13.55,73.62,14.25,7.92,31
2026-02-26 11:54:04,,,,,0,1.09,13.46,71.54,14.25,7.92,31
2026-02-26 11:54:08,,,,,0,1.09,13.36,73.73,14,7.92,31
2026-02-26 11:54:12,,,,,0,1.09,13.53,73.42,14,7.9,31
2026-02-26 11:54:16,,,,,0,1.09,12.34,94.99,13.75,7.9,31
2026-02-26 11:54:20,,,,,0,1.09,11.03,97.96,13,7.91,31
2026-02-26 11:54:23,,,,,0,1.09,10.65,100,12,7.89,31
2026-02-26 11:54:27,,,,,0,1.1,9.73,100,11.25,7.92,31
2026-02-26 11:54:31,,,,,0,1.1,9.44,100,10.75,7.89,31
2026-02-26 11:54:35,,,,,0,1.1,9.43,100,10.25,7.9,31
2026-02-26 11:54:39,,,,,0,1.1,9.53,100,10.25,7.91,31
2026-02-26 11:54:43,,,,,0,1.1,9.78,100,10.5,7.91,31
2026-02-26 11:54:47,,,,,0,1.1,10.61,100,11,7.9,31
2026-02-26 11:54:50,,,,,0,1.1,10.92,100,12,7.88,31
2026-02-26 11:54:54,,,,,0,1.1,11.32,100,12.5,7.89,31
2026-02-26 11:54:58,,,,,0,1.1,10.91,100,12.75,7.91,31
2026-02-26 11:55:02,,,,,0,1.1,10.95,100,13.5,7.88,31
2026-02-26 11:55:06,,,,,0,1.1,11.65,100,13.5,7.89,31
2026-02-26 11:55:10,,,,,0,1.1,11.38,100,14,7.89,31
2026-02-26 11:55:14,,,,,0,1.1,11.05,100,13.75,7.9,31
2026-02-26 11:55:17,,,,,0,1.11,11.55,100,14,7.88,31
2026-02-26 11:55:21,,,,,0,1.11,11.31,100,13.75,7.9,31
2026-02-26 11:55:25,,,,,0,1.11,11.83,100,13.75,7.89,31
2026-02-26 11:55:29,,,,,0,1.11,11.56,100,13.75,7.9,31
2026-02-26 11:55:33,,,,,0,1.11,12.05,100,13.5,7.89,31
2026-02-26 11:55:37,,,,,0,1.11,12.01,100,14.5,7.91,31
2026-02-26 11:55:41,,,,,0,1.11,12.05,100,14.5,7.89,31
2026-02-26 11:55:45,,,,,0,1.11,11.85,100,14.25,7.87,31
2026-02-26 11:55:48,,,,,0,1.11,11.63,100,13.75,7.88,31
2026-02-26 11:55:52,,,,,0,1.11,11.46,100,13.25,7.86,31
2026-02-26 11:55:56,,,,,0,1.11,11.65,100,12.75,7.88,31
2026-02-26 11:56:00,,,,,0,1.11,11.63,100,12.5,7.87,31
2026-02-26 11:56:04,,,,,0,1.11,11.66,100,12.5,7.87,31
2026-02-26 11:56:08,,,,,0,1.11,11.96,100,12.5,7.87,31
2026-02-26 11:56:12,,,,,0,1.11,11.85,99.87,12.75,7.87,31
2026-02-26 11:56:15,,,,,0,1.11,11.88,95.65,12.5,7.86,31
2026-02-26 11:56:19,,,,,0,1.11,11.64,94.97,12.5,7.89,31
2026-02-26 11:56:23,,,,,0,1.11,10.32,97.63,12,7.87,31
2026-02-26 11:56:27,,,,,0,1.11,9.45,100,10.75,7.89,31
2026-02-26 11:56:31,,,,,0,1.11,10.27,100,10.25,7.9,31
2026-02-26 11:56:35,,,,,0,1.11,10.66,98.1,10.5,7.89,31
2026-02-26 11:56:39,,,,,0,1.11,9.89,100,10.75,7.89,31
2026-02-26 11:56:42,,,,,0,1.11,9.4,100,10.25,7.89,31
2026-02-26 11:56:46,,,,,0,1.11,9.11,100,9.75,7.87,31
2026-02-26 11:56:50,,,,,0,1.11,9.09,100,9.5,7.88,31
2026-02-26 11:56:54,,,,,0,1.11,9.57,100,9.75,7.88,31
2026-02-26 11:56:58,,,,,0,1.11,9.63,100,10,7.85,31
2026-02-26 11:57:02,,,,,0,1.11,9.9,99.89,10,7.89,31
2026-02-26 11:57:06,,,,,0,1.11,10.32,99.49,10.25,7.88,31
2026-02-26 11:57:09,,,,,0,1.11,10.37,99.54,10.5,7.85,31
2026-02-26 11:57:13,,,,,0,1.11,10.63,98.49,10.75,7.87,31
2026-02-26 11:57:17,,,,,0,1.11,11.04,97.44,11,7.85,31
2026-02-26 11:57:21,,,,,0,1.11,11.12,96.51,11.5,7.88,31
2026-02-26 11:57:25,,,,,0,1.11,11.19,96.6,11.5,7.85,31
2026-02-26 11:57:29,,,,,0,1.12,11.17,95.15,11.5,7.86,31
2026-02-26 11:57:33,,,,,0,1.12,11.39,93.86,11.75,7.85,31
2026-02-26 11:57:37,,,,,0,1.12,11.68,92.88,12,7.86,31
2026-02-26 11:57:40,,,,,0,1.12,11.76,90.86,12.5,7.88,31
2026-02-26 11:57:44,,,,,0,1.12,12.13,90.3,13,7.88,31
2026-02-26 11:57:48,,,,,0,1.12,12.66,88.04,13.75,7.85,31
2026-02-26 11:57:52,,,,,0,1.12,14.13,83.24,15,7.86,31
2026-02-26 11:57:56,,,,,0,1.12,15.32,77.56,19.25,7.9,31
2026-02-26 11:58:00,,,,,0,1.12,18.28,69.21,23.25,7.92,31
2026-02-26 11:58:04,,,,,0,1.12,21.17,60.75,26,7.92,31
2026-02-26 11:58:07,,,,,0,1.12,21.85,60.31,28.25,7.93,31
2026-02-26 11:58:11,,,,,0,1.12,25.56,49.86,29.5,7.93,31
2026-02-26 11:58:15,,,,,0,1.12,21.35,58.69,31.25,7.93,31
2026-02-26 11:58:19,,,,,0,1.12,21.2,62.74,32,7.91,31
2026-02-26 11:58:23,,,,,0,1.12,20.98,55.74,32,7.95,31
2026-02-26 11:58:27,,,,,0,1.12,20.58,56.55,29,7.94,31
2026-02-26 11:58:31,,,,,0,1.12,21.16,58.49,28.5,7.95,31
2026-02-26 11:58:35,,,,,0,1.12,24.26,52.41,28.75,7.95,31
2026-02-26 11:58:38,,,,,0,1.12,24.08,53.45,28.5,7.91,31
2026-02-26 11:58:42,,,,,0,1.12,23.91,53.5,28.25,7.91,31
2026-02-26 11:58:46,,,,,0,1.12,22.51,56.1,27.5,7.92,31
2026-02-26 11:58:50,,,,,0,1.12,18.21,66.32,26,7.86,31
2026-02-26 11:58:54,,,,,0,1.12,16.67,71.47,20.75,7.93,31
2026-02-26 11:58:58,,,,,0,1.12,15.34,73.95,18,7.92,31
2026-02-26 11:59:02,,,,,0,1.12,14.88,73.81,16.5,7.92,31
2026-02-26 11:59:05,,,,,0,1.12,14.21,76.23,15.5,7.89,31
2026-02-26 11:59:09,,,,,0,1.12,12.6,84.77,14.5,7.92,31
2026-02-26 11:59:13,,,,,0,1.12,13.31,83.33,13.75,7.91,31
2026-02-26 11:59:17,,,,,0,1.12,11.87,86.06,13.25,7.89,31
2026-02-26 11:59:21,,,,,0,1.12,11.33,89.26,12.25,7.92,31
2026-02-26 11:59:25,,,,,0,1.12,10.75,92.23,11.75,7.91,31
2026-02-26 11:59:29,,,,,0,1.12,10.06,94.22,11.25,7.9,31
2026-02-26 11:59:33,,,,,0,1.12,10.25,98.14,10.25,7.88,31
2026-02-26 11:59:36,,,,,0,1.12,8.6,98.2,9.75,7.9,31
2026-02-26 11:59:40,,,,,0,1.12,9.02,98.63,9.25,7.9,31
2026-02-26 11:59:44,,,,,0,1.12,9.27,99.29,9.25,7.91,31
2026-02-26 11:59:48,,,,,0,1.12,9.58,95.68,9.5,7.87,31
2026-02-26 11:59:52,,,,,0,1.12,9.03,96.08,9.5,7.9,31
2026-02-26 11:59:56,,,,,0,1.12,8.69,98.4,9.25,7.9,31
2026-02-26 12:00:00,,,,,0,1.12,7.65,99.76,8.75,7.9,31
2026-02-26 12:00:03,,,,,0,1.12,7.1,99.52,8.25,7.9,31
2026-02-26 12:00:07,,,,,0,1.12,7.32,100,7.75,7.9,31
2026-02-26 12:00:11,,,,,0,1.12,6.21,100,7.25,7.9,31
2026-02-26 12:00:15,,,,,0,1.12,6.69,100,6.75,7.9,31
2026-02-26 12:00:19,,,,,0,1.12,7.09,100,6.75,7.89,31
2026-02-26 12:00:23,,,,,0,1.12,5.64,100,6.75,7.9,31
2026-02-26 12:00:27,,,,,0,1.12,6.42,100,6.25,7.9,31
2026-02-26 12:00:30,,,,,0,1.12,5.91,100,6.25,7.89,31
2026-02-26 12:00:34,,,,,0,1.12,6.23,100,6.5,7.89,31
2026-02-26 12:00:38,,,,,0,1.12,6.96,100,6.75,7.89,31
2026-02-26 12:00:42,,,,,0,1.12,7.72,100,7.5,7.89,31
2026-02-26 12:00:46,,,,,0,1.12,9.3,100,8.5,7.86,31
2026-02-26 12:00:50,,,,,0,1.12,10.46,87.74,10,7.86,31
2026-02-26 12:00:53,,,,,0,1.12,13.11,79.11,13,7.89,31
2026-02-26 12:00:57,,,,,0,1.12,14.11,77.15,15.5,7.9,31
2026-02-26 12:01:01,,,,,0,1.12,16.48,67.45,20,7.9,31
2026-02-26 12:01:05,,,,,0,1.12,18.84,58.64,22.75,7.9,31
2026-02-26 12:01:09,,,,,0,1.12,23.4,52.08,25.25,7.94,31
2026-02-26 12:01:13,,,,,0,1.12,24.33,49.53,27.75,7.96,31
2026-02-26 12:01:17,,,,,0,1.12,25.37,44.75,30,7.96,31
2026-02-26 12:01:21,,,,,0,1.12,23.56,51.38,32.25,7.95,31
2026-02-26 12:01:24,,,,,0,1.12,22.27,54.71,32.75,7.94,31
2026-02-26 12:01:28,,,,,0,1.12,23.06,52.27,32,7.93,31
2026-02-26 12:01:32,,,,,0,1.12,23.56,49.64,33.75,7.93,31
2026-02-26 12:01:36,,,,,0,1.12,24.18,47.78,34.75,7.97,31
2026-02-26 12:01:40,,,,,0,1.12,27.19,43.9,33.25,7.96,31
2026-02-26 12:01:44,,,,,0,1.12,27.99,40.09,32.75,7.94,31
2026-02-26 12:01:48,,,,,0,1.12,28.01,40.2,32.5,7.92,31
2026-02-26 12:01:52,,,,,0,1.12,25.89,45.76,32,7.94,31
2026-02-26 12:01:55,,,,,0,1.12,22.03,49.58,31,7.94,31
2026-02-26 12:01:59,,,,,0,1.12,18.08,58.83,24,7.93,31
2026-02-26 12:02:03,,,,,0,1.12,17.01,61.77,20,7.94,31
2026-02-26 12:02:07,,,,,0,1.12,15.71,64.69,17.75,7.94,31
2026-02-26 12:02:11,,,,,0,1.12,14.51,67.98,16.5,7.92,31
2026-02-26 12:02:15,,,,,0,1.12,14.05,79.11,15,7.94,31
2026-02-26 12:02:19,,,,,0,1.12,11.99,83.79,14,7.9,31
2026-02-26 12:02:23,,,,,0,1.12,12.62,77.91,13,7.91,31
2026-02-26 12:02:26,,,,,0,1.12,14.27,66.41,13,7.89,31
2026-02-26 12:02:30,,,,,0,1.12,15.23,60.83,13.25,7.92,31
2026-02-26 12:02:34,,,,,0,1.12,10.98,78.35,13.25,7.92,31
2026-02-26 12:02:38,,,,,0,1.12,12.12,73.85,12.25,7.9,31
2026-02-26 12:02:42,,,,,0,1.12,9.07,84.03,11,7.9,31
2026-02-26 12:02:46,,,,,0,1.12,8.26,85.52,10,7.91,31
2026-02-26 12:02:50,,,,,0,1.12,7.08,89.16,9,7.92,31
2026-02-26 12:02:53,,,,,0,1.12,7.02,91.22,8,7.92,31
2026-02-26 12:02:57,,,,,0,1.12,6.53,94.39,7.5,7.91,31
2026-02-26 12:03:01,,,,,0,1.12,6.37,96.52,7.25,7.89,31
2026-02-26 12:03:05,,,,,0,1.12,6.21,97.94,6.5,7.91,31
2026-02-26 12:03:09,,,,,0,1.12,6.92,98.5,6.5,7.9,31
2026-02-26 12:03:13,,,,,0,1.12,4.87,97.35,6.5,7.89,31
2026-02-26 12:03:17,,,,,0,1.12,5.16,99.03,5.75,7.9,31
2026-02-26 12:03:20,,,,,0,1.12,5.02,98.93,5.5,7.9,31
2026-02-26 12:03:24,,,,,0,1.12,4.26,98.97,5.25,7.9,31
2026-02-26 12:03:28,,,,,0,1.12,3.68,99.22,4.75,7.9,31
2026-02-26 12:03:32,,,,,0,1.12,3.27,99.91,4.25,7.9,31
2026-02-26 12:03:36,,,,,0,1.12,3.03,100,4,7.89,31
2026-02-26 12:03:40,,,,,0,1.12,3.15,100,3.75,7.89,31
2026-02-26 12:03:43,,,,,0,1.12,4.24,100,3.75,7.89,31
2026-02-26 12:03:47,,,,,0,1.12,4.89,100,4.25,7.9,31
2026-02-26 12:03:51,,,,,0,1.12,7.62,99.28,6.25,7.9,31
2026-02-26 12:03:55,,,,,0,1.12,12.15,79.73,13.25,7.9,31
2026-02-26 12:03:59,,,,,0,1.12,13.55,74.48,19.75,7.93,31
2026-02-26 12:04:03,,,,,0,1.12,16.36,62.95,22.75,7.9,31
2026-02-26 12:04:07,,,,,0,1.12,17.39,61.48,27.75,7.92,31
2026-02-26 12:04:11,,,,,0,1.12,22.51,48.34,30,7.93,31
2026-02-26 12:04:14,,,,,0,1.12,23.48,44.33,31,7.94,31
2026-02-26 12:04:18,,,,,0,1.12,26.73,40.69,32,7.93,31
2026-02-26 12:04:22,,,,,0,1.12,28.32,36.5,33.75,7.97,31
2026-02-26 12:04:26,,,,,0,1.12,26.58,36.1,35.25,7.97,31
2026-02-26 12:04:30,,,,,0,1.12,24.05,37.32,35.25,7.98,31
2026-02-26 12:04:34,,,,,0,1.12,23.83,39.27,34.75,7.94,31
2026-02-26 12:04:38,,,,,0,1.12,24.85,38.46,35.25,7.98,31
2026-02-26 12:04:42,,,,,0,1.12,23.41,40.77,33.25,7.98,31
2026-02-26 12:04:45,,,,,0,1.12,24.38,39.45,31.5,7.98,31
2026-02-26 12:04:49,,,,,0,1.12,26.88,35.22,30.75,7.97,31
2026-02-26 12:04:53,,,,,0,1.12,25.77,37.67,30.25,7.94,31
2026-02-26 12:04:57,,,,,0,1.12,25.78,35.24,30.25,7.97,31
2026-02-26 12:05:01,,,,,0,1.12,23.86,38.78,30,7.95,31
2026-02-26 12:05:05,,,,,0,1.12,18.75,48.49,24,7.93,31
2026-02-26 12:05:09,,,,,0,1.12,17.92,51.08,20.5,7.95,31
2026-02-26 12:05:12,,,,,0,1.12,17.13,52.72,18.75,7.94,31
2026-02-26 12:05:16,,,,,0,1.12,13.93,58.31,17,7.92,31
2026-02-26 12:05:20,,,,,0,1.12,14.04,63.07,15.5,7.91,31
2026-02-26 12:05:24,,,,,0,1.11,14.2,60.79,15.25,7.91,31
2026-02-26 12:05:28,,,,,0,1.11,12.38,70.12,14.25,7.93,31
2026-02-26 12:05:32,,,,,0,1.11,9.99,80.52,12.5,7.91,31
2026-02-26 12:05:36,,,,,0,1.11,9.19,78.59,11.25,7.91,31
2026-02-26 12:05:40,,,,,0,1.11,8.73,82.09,10,7.93,31
2026-02-26 12:05:43,,,,,0,1.11,7.49,86.57,9,7.9,31
2026-02-26 12:05:47,,,,,0,1.11,6.95,86.94,8.5,7.92,31
2026-02-26 12:05:51,,,,,0,1.11,6.4,87.94,7.75,7.92,31
2026-02-26 12:05:55,,,,,0,1.11,6.4,92.23,7,7.92,31
2026-02-26 12:05:59,,,,,0,1.11,5.98,93.52,6.5,7.92,31
2026-02-26 12:06:03,,,,,0,1.11,5.69,95.84,6,7.91,31
2026-02-26 12:06:07,,,,,0,1.11,4.76,94.35,5.5,7.91,31
2026-02-26 12:06:10,,,,,0,1.11,4.87,93.38,5.5,7.91,31
2026-02-26 12:06:14,,,,,0,1.11,4.6,94.74,5.25,7.91,31
2026-02-26 12:06:18,,,,,0,1.11,5.5,97.67,5.25,7.91,31
2026-02-26 12:06:22,,,,,0,1.11,5.15,97.08,5,7.91,31
2026-02-26 12:06:26,,,,,0,1.11,3.63,98.49,4.75,7.91,31
2026-02-26 12:06:30,,,,,0,1.11,3.67,97.99,4.25,7.91,31
2026-02-26 12:06:33,,,,,0,1.11,2.78,98.63,4,7.91,31
2026-02-26 12:06:37,,,,,0,1.11,3.73,99.59,3.75,7.9,31
2026-02-26 12:06:41,,,,,0,1.11,2.51,98.77,3.5,7.9,31
2026-02-26 12:06:45,,,,,0,1.11,2.15,99.19,3,7.9,31
2026-02-26 12:06:49,,,,,0,1.11,2.48,99.68,3,7.9,31
2026-02-26 12:06:53,,,,,0,1.11,4.22,100,3.25,7.9,31
2026-02-26 12:06:57,,,,,0,1.11,7.76,92.79,5.25,7.88,31
2026-02-26 12:07:00,,,,,0,1.11,10.93,80.71,11.75,7.91,31
2026-02-26 12:07:04,,,,,0,1.11,12.82,72.64,17.5,7.94,31
2026-02-26 12:07:08,,,,,0,1.11,15.2,61.89,22.75,7.94,31
2026-02-26 12:07:12,,,,,0,1.11,16.6,58.64,27.25,7.95,31
2026-02-26 12:07:16,,,,,0,1.11,19.12,55.23,30.25,7.97,31
2026-02-26 12:07:20,,,,,0,1.11,23.52,42.14,30.25,7.96,31
2026-02-26 12:07:24,,,,,0,1.11,25.15,41.72,30.75,7.93,31
2026-02-26 12:07:28,,,,,0,1.11,25.19,40.98,30.5,7.97,31
2026-02-26 12:07:31,,,,,0,1.11,26.11,37.85,31.25,7.94,31
2026-02-26 12:07:35,,,,,0,1.11,22.43,44.93,32.25,7.94,31
2026-02-26 12:07:39,,,,,0,1.11,21.69,45.67,32.25,7.97,31
2026-02-26 12:07:43,,,,,0,1.11,22.09,45.44,31.75,7.97,31
2026-02-26 12:07:47,,,,,0,1.11,22.24,41.42,31.75,7.94,31
2026-02-26 12:07:51,,,,,0,1.11,22.04,36.78,30.75,7.98,31
2026-02-26 12:07:55,,,,,0,1.11,24.64,38.94,29.5,7.97,31
2026-02-26 12:07:59,,,,,0,1.11,24.85,38.72,29,7.98,31
2026-02-26 12:08:02,,,,,0,1.11,23.97,36.66,28.75,7.93,31
2026-02-26 12:08:07,,,,,0,1.11,23.61,38.28,29.25,7.95,31
2026-02-26 12:08:11,,,,,0,1.11,17.01,51.04,23.5,7.94,31
2026-02-26 12:08:15,,,,,0,1.11,16.32,48.89,19.25,7.93,31
2026-02-26 12:08:19,,,,,0,1.11,15.87,55.61,17.5,7.94,31
2026-02-26 12:08:23,,,,,0,1.11,15.25,58.44,16.5,7.94,31
2026-02-26 12:08:27,,,,,0,1.11,14.9,56.96,15.75,7.95,31
2026-02-26 12:08:31,,,,,0,1.11,13.31,67.79,14.75,7.92,31
2026-02-26 12:08:34,,,,,0,1.11,12.09,68.37,13.25,7.92,31
2026-02-26 12:08:38,,,,,0,1.11,11.12,73.69,12.5,7.94,31
2026-02-26 12:08:42,,,,,0,1.11,10.29,76.18,11.5,7.91,31
2026-02-26 12:08:46,,,,,0,1.11,7.62,82.73,10.25,7.93,31
2026-02-26 12:08:50,,,,,0,1.11,7.23,83.23,9,7.91,31
2026-02-26 12:08:54,,,,,0,1.11,6.41,86.72,8,7.92,31
2026-02-26 12:08:58,,,,,0,1.11,6.45,91.72,7.25,7.93,31
2026-02-26 12:09:02,,,,,0,1.11,5.77,87.44,6.5,7.93,31
2026-02-26 12:09:05,,,,,0,1.11,4.72,89.16,6.25,7.91,31
2026-02-26 12:09:09,,,,,0,1.11,4.72,92.73,5.5,7.9,31
2026-02-26 12:09:13,,,,,0,1.11,4.75,94.96,5,7.91,31
2026-02-26 12:09:17,,,,,0,1.11,4.44,95.9,5,7.91,31
2026-02-26 12:09:21,,,,,0,1.11,3.94,95.17,4.75,7.91,31
2026-02-26 12:09:25,,,,,0,1.11,3.3,95.7,4.25,7.91,31
2026-02-26 12:09:28,,,,,0,1.11,3.09,97.48,4,7.92,31
2026-02-26 12:09:32,,,,,0,1.11,2.6,97.63,3.75,7.91,31
2026-02-26 12:09:36,,,,,0,1.11,3.11,98.59,3.5,7.9,31
2026-02-26 12:09:40,,,,,0,1.11,2.79,100,3,7.9,31
2026-02-26 12:09:44,,,,,0,1.11,3.27,100,2.75,7.91,31
2026-02-26 12:09:48,,,,,0,1.11,3.35,100,3.25,7.9,31
2026-02-26 12:09:52,,,,,0,1.11,1.89,99.89,3.25,7.89,31
2026-02-26 12:09:55,,,,,0,1.11,2.52,99.99,3,7.91,31
2026-02-26 12:09:59,,,,,0,1.11,2.97,100,2.75,7.9,31
2026-02-26 12:10:03,,,,,0,1.11,5.12,99.65,3.75,7.9,31
2026-02-26 12:10:07,,,,,0,1.11,9.36,84.15,9,7.93,31
2026-02-26 12:10:11,,,,,0,1.11,11.28,71.96,15,7.95,31
2026-02-26 12:10:15,,,,,0,1.11,13.3,68.48,17.75,7.92,31
2026-02-26 12:10:19,,,,,0,1.11,15.35,62.8,22.25,7.9,31
2026-02-26 12:10:22,,,,,0,1.11,18.9,55.06,26.25,7.96,31
2026-02-26 12:10:26,,,,,0,1.11,22.39,45.19,28,7.97,31
2026-02-26 12:10:30,,,,,0,1.11,24.49,38.62,28,7.94,31
2026-02-26 12:10:34,,,,,0,1.11,25.44,39.65,30.25,7.97,31
2026-02-26 12:10:38,,,,,0,1.11,26.96,32.73,31.25,7.96,31
2026-02-26 12:10:42,,,,,0,1.11,22.11,41.08,31,7.94,31
2026-02-26 12:10:46,,,,,0,1.11,20.89,43.31,30,7.94,31
2026-02-26 12:10:50,,,,,0,1.11,20.79,41.16,29.5,7.97,31
2026-02-26 12:10:53,,,,,0,1.11,21.74,40.27,29.5,7.97,31
2026-02-26 12:10:57,,,,,0,1.11,22.93,39.33,31,7.98,31
2026-02-26 12:11:01,,,,,0,1.11,28.59,31.34,32,7.95,31
2026-02-26 12:11:05,,,,,0,1.11,26.48,35.1,32.5,7.98,31
2026-02-26 12:11:09,,,,,0,1.11,27.05,35.92,32.25,7.95,31
2026-02-26 12:11:13,,,,,0,1.11,26.17,34.89,32.5,7.94,31
2026-02-26 12:11:17,,,,,0,1.11,17.18,54.88,27,7.95,31
2026-02-26 12:11:21,,,,,0,1.11,16.18,57.01,21,7.93,31
2026-02-26 12:11:24,,,,,0,1.11,16.61,55.59,18,7.95,31
2026-02-26 12:11:28,,,,,0,1.11,15.37,58.37,17.25,7.95,31
2026-02-26 12:11:32,,,,,0,1.11,15.01,55.79,16,7.92,31
2026-02-26 12:11:36,,,,,0,1.11,11.62,66.04,15,7.94,31
2026-02-26 12:11:40,,,,,0,1.11,14.4,58.74,14,7.94,31
2026-02-26 12:11:44,,,,,0,1.11,13.77,63.06,14.25,7.91,31
2026-02-26 12:11:48,,,,,0,1.11,12.26,66.29,13.5,7.92,31
2026-02-26 12:11:52,,,,,0,1.11,12.17,65.27,12.75,7.93,31
2026-02-26 12:11:55,,,,,0,1.11,14.23,58.82,12.5,7.91,31
2026-02-26 12:11:59,,,,,0,1.11,10.66,72.46,12.5,7.91,31
2026-02-26 12:12:03,,,,,0,1.11,7.93,77.76,10.75,7.93,31
2026-02-26 12:12:07,,,,,0,1.11,6.44,84.68,9,7.93,31
2026-02-26 12:12:11,,,,,0,1.11,5.64,88.61,7.25,7.92,31
2026-02-26 12:12:15,,,,,0,1.11,5.96,86.84,6.5,7.92,31
2026-02-26 12:12:19,,,,,0,1.11,5.21,91.39,5.75,7.92,31
2026-02-26 12:12:22,,,,,0,1.11,8.28,84.13,5.75,7.92,31
2026-02-26 12:12:26,,,,,0,1.11,6.12,90.04,6.5,7.91,31
2026-02-26 12:12:30,,,,,0,1.11,3.92,92.7,5.75,7.91,31
2026-02-26 12:12:34,,,,,0,1.11,3.36,93.22,5,7.9,31
2026-02-26 12:12:38,,,,,0,1.11,3.34,95.79,4.25,7.92,31
2026-02-26 12:12:42,,,,,0,1.11,2.63,96.83,3.75,7.91,31
2026-02-26 12:12:45,,,,,0,1.11,2.47,97.59,3.25,7.91,31
2026-02-26 12:12:49,,,,,0,1.11,2.56,97.85,2.75,7.9,31
2026-02-26 12:12:53,,,,,0,1.11,1.6,98.45,2.75,7.89,31
2026-02-26 12:12:57,,,,,0,1.11,0.95,99.85,2,7.89,31
2026-02-26 12:13:01,,,,,0,1.11,1.64,98.54,1.75,7.9,31
2026-02-26 12:13:05,,,,,0,1.11,1.63,99.17,1.75,7.9,31
2026-02-26 12:13:09,,,,,0,1.11,4.01,100,2.75,7.9,31
2026-02-26 12:13:12,,,,,0,1.11,7.53,86.83,7,7.92,31
2026-02-26 12:13:16,,,,,0,1.12,10.37,77.07,13.25,7.93,31
2026-02-26 12:13:20,,,,,0,1.11,12.65,66.95,19.5,7.91,31
2026-02-26 12:13:24,,,,,0,1.11,14.22,62.93,22,7.95,31
2026-02-26 12:13:28,,,,,0,1.11,16.54,56.25,25.5,7.92,31
2026-02-26 12:13:32,,,,,0,1.11,21.28,43.95,27.75,7.95,31
2026-02-26 12:13:36,,,,,0,1.11,25.21,35.08,29.75,7.96,31
2026-02-26 12:13:40,,,,,0,1.11,24.15,37.8,29.25,7.94,31
2026-02-26 12:13:43,,,,,0,1.11,26.02,30.64,30.25,7.97,31
2026-02-26 12:13:47,,,,,0,1.11,21.43,36.68,31,7.97,31
2026-02-26 12:13:51,,,,,0,1.11,21.89,35.09,32,7.97,31
2026-02-26 12:13:55,,,,,0,1.12,22.36,33.01,31.75,7.97,31
2026-02-26 12:13:59,,,,,0,1.11,22.82,32.44,31.5,7.97,31
2026-02-26 12:14:03,,,,,0,1.11,23.22,36.78,31.75,7.94,31
2026-02-26 12:14:07,,,,,0,1.11,28.88,24.96,32.5,7.98,31
2026-02-26 12:14:10,,,,,0,1.11,29.98,25.88,34.25,7.97,31
2026-02-26 12:14:14,,,,,0,1.11,32.03,23,36.75,7.95,31
2026-02-26 12:14:18,,,,,0,1.11,27.62,27.3,36.5,7.95,31
2026-02-26 12:14:22,,,,,0,1.11,18.76,37.28,28.75,7.95,31
2026-02-26 12:14:26,,,,,0,1.11,17.02,42.19,22.25,7.93,31
2026-02-26 12:14:30,,,,,0,1.11,14.87,52.81,18.75,7.94,31
2026-02-26 12:14:34,,,,,0,1.11,13.35,58.41,16.25,7.92,31
2026-02-26 12:14:38,,,,,0,1.11,13.11,60.34,14.5,7.91,31
2026-02-26 12:14:41,,,,,0,1.11,10.13,70.11,13,7.91,31
2026-02-26 12:14:45,,,,,0,1.11,8.2,66.12,11,7.92,31
2026-02-26 12:14:49,,,,,0,1.11,9.44,70.52,9.75,7.94,31
2026-02-26 12:14:53,,,,,0,1.11,7.02,73.22,8.75,7.92,31
2026-02-26 12:14:57,,,,,0,1.11,10.33,68.71,8.25,7.93,31
2026-02-26 12:15:01,,,,,0,1.11,10.52,68.72,10.5,7.93,31
2026-02-26 12:15:05,,,,,0,1.11,9.78,75.36,10,7.92,31
2026-02-26 12:15:08,,,,,0,1.11,7.46,80.21,9.5,7.92,31
2026-02-26 12:15:12,,,,,0,1.11,5.98,83.34,8.25,7.92,31
2026-02-26 12:15:16,,,,,0,1.11,4.94,85.15,6.75,7.92,31
2026-02-26 12:15:20,,,,,0,1.11,5.24,86.07,6,7.9,31
2026-02-26 12:15:24,,,,,0,1.11,4.25,90.54,5,7.91,31
2026-02-26 12:15:28,,,,,0,1.11,3.17,87.77,4.5,7.92,31
2026-02-26 12:15:32,,,,,0,1.11,2.37,88.62,3.75,7.92,31
2026-02-26 12:15:35,,,,,0,1.11,2.7,93.58,3,7.91,31
2026-02-26 12:15:39,,,,,0,1.11,2.19,93.75,2.75,7.9,31
2026-02-26 12:15:43,,,,,0,1.11,1.44,94.7,2.5,7.89,31
2026-02-26 12:15:47,,,,,0,1.11,1.18,96.42,2,7.9,31
2026-02-26 12:15:51,,,,,0,1.11,0.97,97.93,2,7.9,31
2026-02-26 12:15:55,,,,,0,1.11,0.85,98.48,1.5,7.9,31
2026-02-26 12:15:58,,,,,0,1.11,0.56,98.1,1.25,7.9,31
2026-02-26 12:16:02,,,,,0,1.11,0.4,97.64,1,7.91,31
2026-02-26 12:16:06,,,,,0,1.11,1.23,98.67,0.75,7.9,31
2026-02-26 12:16:10,,,,,0,1.11,0.19,99.14,1,7.9,31
2026-02-26 12:16:14,,,,,0,1.11,2.92,99.75,1.25,7.89,31
2026-02-26 12:16:18,,,,,0,1.11,7.22,76.95,5.25,7.92,31
2026-02-26 12:16:22,,,,,0,1.11,10.22,68.6,12.75,7.93,31
2026-02-26 12:16:25,,,,,0,1.11,13.4,55.42,19.5,7.91,31
2026-02-26 12:16:29,,,,,0,1.11,14.74,53.02,25.25,7.92,31
2026-02-26 12:16:33,,,,,0,1.11,17.82,50.05,25.75,7.94,31
2026-02-26 12:16:37,,,,,0,1.11,24.28,34.49,28.75,7.96,31
2026-02-26 12:16:41,,,,,0,1.11,23.61,33.96,31.75,7.96,31
2026-02-26 12:16:45,,,,,0,1.11,26.65,35.13,32,7.97,31
2026-02-26 12:16:49,,,,,0,1.11,25.81,30.31,32.75,7.96,31
2026-02-26 12:16:53,,,,,0,1.11,24,33.87,31.5,7.97,31
2026-02-26 12:16:56,,,,,0,1.11,22.52,37.55,30.5,7.96,31
2026-02-26 12:17:00,,,,,0,1.11,25.33,27.81,33,7.98,31
2026-02-26 12:17:04,,,,,0,1.11,23.74,28.15,31.75,7.97,31
2026-02-26 12:17:08,,,,,0,1.11,22.3,30.83,28.25,7.95,31
2026-02-26 12:17:12,,,,,0,1.11,21.63,32.98,26.25,7.94,31
2026-02-26 12:17:16,,,,,0,1.11,20.13,42.65,24.5,7.89,31
2026-02-26 12:17:20,,,,,0,1.11,19.59,44.39,22.5,7.96,31
2026-02-26 12:17:24,,,,,0,1.11,18.63,49.59,21,7.94,31
2026-02-26 12:17:27,,,,,0,1.11,17.52,49.6,19.75,7.95,31
2026-02-26 12:17:31,,,,,0,1.11,16.57,54.06,18.5,7.92,31
2026-02-26 12:17:35,,,,,0,1.11,16.51,57.28,17.5,7.93,31
2026-02-26 12:17:39,,,,,0,1.11,15.51,58.34,16.75,7.92,31
2026-02-26 12:17:43,,,,,0,1.11,14.55,63.32,16,7.92,31
2026-02-26 12:17:47,,,,,0,1.11,14.36,60.86,15.5,7.91,31
2026-02-26 12:17:51,,,,,0,1.11,14.62,60.71,15.25,7.94,31
2026-02-26 12:17:55,,,,,0,1.1,13.91,66.26,14.75,7.91,31
2026-02-26 12:17:58,,,,,0,1.1,13.62,65.43,14.5,7.92,31
2026-02-26 12:18:02,,,,,0,1.11,14.41,65.08,14.5,7.9,31
2026-02-26 12:18:06,,,,,0,1.11,14.45,59.1,14.5,7.92,31
2026-02-26 12:18:10,,,,,0,1.1,14.51,58.97,14.5,7.9,31
2026-02-26 12:18:14,,,,,0,1.1,14.33,60.13,14.75,7.9,31
2026-02-26 12:18:18,,,,,0,1.1,14.25,61.76,14.5,7.9,31
2026-02-26 12:18:22,,,,,0,1.1,14.54,57.86,14.5,7.92,31
2026-02-26 12:18:25,,,,,0,1.1,13.54,61.51,14.25,7.91,31
2026-02-26 12:18:29,,,,,0,1.1,13.24,63.54,14,7.89,31
2026-02-26 12:18:33,,,,,0,1.1,12.94,65.09,13.75,7.92,31
2026-02-26 12:18:37,,,,,0,1.1,13.07,64.23,13.5,7.92,31
2026-02-26 12:18:41,,,,,0,1.1,12.65,67.7,13.25,7.91,31
2026-02-26 12:18:45,,,,,0,1.1,13.14,70.04,13.25,7.93,31
2026-02-26 12:18:49,,,,,0,1.1,12.78,69.07,13,7.92,31
2026-02-26 12:18:53,,,,,0,1.1,12.56,66.98,13,7.91,31
2026-02-26 12:18:56,,,,,0,1.1,11.78,70.62,12.75,7.92,31
2026-02-26 12:19:00,,,,,0,1.1,9.9,73.39,12,7.89,31
2026-02-26 12:19:04,,,,,0,1.1,8.76,78.4,10.5,7.9,31
2026-02-26 12:19:08,,,,,0,1.1,7.33,79.01,9.5,7.89,31
2026-02-26 12:19:12,,,,,0,1.1,6.29,81.25,8.25,7.9,31
2026-02-26 12:19:16,,,,,0,1.1,7.73,83.55,7.5,7.91,31
2026-02-26 12:19:19,,,,,0,1.1,8.34,83.7,7.75,7.89,31
2026-02-26 12:19:23,,,,,0,1.1,12.05,70.73,10,7.88,31
2026-02-26 12:19:27,,,,,0,1.1,15.3,62.41,17.5,7.93,31
2026-02-26 12:19:31,,,,,0,1.1,16.58,54.2,22.75,7.94,31
2026-02-26 12:19:35,,,,,0,1.1,18.28,50.12,26,7.94,31
2026-02-26 12:19:39,,,,,0,1.1,21.18,45.46,29.5,7.92,31
2026-02-26 12:19:43,,,,,0,1.1,24.99,33.37,32,7.93,31
2026-02-26 12:19:47,,,,,0,1.1,25.9,35.6,32,7.96,31
2026-02-26 12:19:50,,,,,0,1.1,26.07,33.29,31.5,7.94,31
2026-02-26 12:19:54,,,,,0,1.1,27.13,33.96,32,7.97,31
2026-02-26 12:19:58,,,,,0,1.1,24.36,36.37,32.25,7.95,31
2026-02-26 12:20:02,,,,,0,1.1,24.79,35.86,33.75,7.94,31
2026-02-26 12:20:06,,,,,0,1.1,24.7,33.13,35.25,7.95,31
2026-02-26 12:20:10,,,,,0,1.1,24.36,36.59,34,7.98,31
2026-02-26 12:20:14,,,,,0,1.1,24.07,38.25,32,7.96,31
2026-02-26 12:20:18,,,,,0,1.09,25.09,37.07,30.5,7.96,31
2026-02-26 12:20:21,,,,,0,1.09,26.32,37.85,30,7.95,31
2026-02-26 12:20:25,,,,,0,1.09,24.59,45.4,28.5,7.95,31
2026-02-26 12:20:29,,,,,0,1.09,22.51,51.39,26.25,7.94,31
2026-02-26 12:20:33,,,,,0,1.09,19.48,60.93,24.25,7.88,31
2026-02-26 12:20:37,,,,,0,1.09,18.3,63.96,21,7.97,31
2026-02-26 12:20:41,,,,,0,1.08,18.14,62.5,19.5,7.95,31
2026-02-26 12:20:45,,,,,0,1.08,18.08,61.65,18.75,7.95,31
2026-02-26 12:20:49,,,,,0,1.08,17.45,62.11,18.25,7.94,31
2026-02-26 12:20:52,,,,,0,1.08,16.68,68.1,17.75,7.94,31
2026-02-26 12:20:56,,,,,0,1.08,14.9,77.92,16.75,7.91,31
2026-02-26 12:21:00,,,,,0,1.07,14.98,74.3,15.5,7.91,31
2026-02-26 12:21:04,,,,,0,1.07,15.29,72.72,15,7.94,31
2026-02-26 12:21:08,,,,,0,1.07,15.35,75.31,15.25,7.94,31
2026-02-26 12:21:12,,,,,0,1.07,14.38,77.51,15.25,7.9,31
2026-02-26 12:21:16,,,,,0,1.07,12.2,85.18,14,7.93,31
2026-02-26 12:21:19,,,,,0,1.07,11.87,85.13,13,7.9,31
2026-02-26 12:21:23,,,,,0,1.07,11.86,85.58,12.25,7.91,31
2026-02-26 12:21:27,,,,,0,1.06,13.83,81.13,12.75,7.93,31
2026-02-26 12:21:31,,,,,0,1.06,13.64,81.97,13.75,7.92,31
2026-02-26 12:21:35,,,,,0,1.06,12.96,83.9,13.75,7.93,31
2026-02-26 12:21:39,,,,,0,1.06,12.41,84.86,13.25,7.93,31
2026-02-26 12:21:43,,,,,0,1.06,12.2,85.8,13,7.92,31
2026-02-26 12:21:46,,,,,0,1.06,11.78,88.45,12.5,7.9,31
2026-02-26 12:21:50,,,,,0,1.05,11.37,89.18,12,7.92,31
2026-02-26 12:21:54,,,,,0,1.05,12.09,85.27,12,7.92,31
2026-02-26 12:21:58,,,,,0,1.05,11.74,86.67,12,7.9,31
2026-02-26 12:22:02,,,,,0,1.05,11.06,88.69,11.75,7.91,31
2026-02-26 12:22:06,,,,,0,1.05,10.13,91.12,11.5,7.92,31
2026-02-26 12:22:10,,,,,0,1.05,9.18,92.42,10.75,7.92,31
2026-02-26 12:22:14,,,,,0,1.05,9.31,97.01,10,7.89,31
2026-02-26 12:22:17,,,,,0,1.05,8.03,97.33,9.25,7.9,31
2026-02-26 12:22:21,,,,,0,1.04,8.27,98.82,8.5,7.91,31
2026-02-26 12:22:25,,,,,0,1.04,8.75,95.11,8.75,7.91,31
2026-02-26 12:22:29,,,,,0,1.04,12.59,88,10,7.89,31
2026-02-26 12:22:33,,,,,0,1.04,15.52,77.38,16.5,7.93,31
2026-02-26 12:22:37,,,,,0,1.04,18,67.07,22.5,7.93,31
2026-02-26 12:22:41,,,,,0,1.04,18.73,64.03,27.5,7.9,31
2026-02-26 12:22:44,,,,,0,1.04,20.31,59.6,30.25,7.92,31
2026-02-26 12:22:48,,,,,0,1.04,23.99,49.82,31.25,7.94,31
2026-02-26 12:22:52,,,,,0,1.04,27.36,43.05,33,7.97,31
2026-02-26 12:22:56,,,,,0,1.03,27.17,42.21,33.5,7.96,31
2026-02-26 12:23:00,,,,,0,1.03,27.42,45.21,34.25,7.97,31
2026-02-26 12:23:04,,,,,0,1.03,24.27,50.22,33.25,7.98,31
2026-02-26 12:23:08,,,,,0,1.03,23.88,50.38,34,7.97,31
2026-02-26 12:23:12,,,,,0,1.03,25.07,48.47,34.75,7.98,31
2026-02-26 12:23:15,,,,,0,1.03,25.6,42.06,36.75,7.98,31
2026-02-26 12:23:19,,,,,0,1.03,26.89,42.24,37.75,7.98,31
2026-02-26 12:23:23,,,,,0,1.03,30.36,37.13,37.25,7.97,31
2026-02-26 12:23:27,,,,,0,1.02,31,36.94,36.25,7.98,31
2026-02-26 12:23:31,,,,,0,1.02,28.7,39.68,35.25,7.95,31
2026-02-26 12:23:35,,,,,0,1.02,28.25,40.72,33.5,7.96,31
2026-02-26 12:23:39,,,,,0,1.02,22.24,53.49,31,7.92,31
2026-02-26 12:23:42,,,,,0,1.02,20.52,57.77,25.25,7.95,31
2026-02-26 12:23:46,,,,,0,1.02,19.74,58.49,22.5,7.96,31
2026-02-26 12:23:50,,,,,0,1.01,17.84,65.11,20.5,7.92,31
2026-02-26 12:23:54,,,,,0,1.01,15.94,74.02,18.75,7.93,31
2026-02-26 12:23:58,,,,,0,1.01,14.84,83.64,17,7.95,31
2026-02-26 12:24:02,,,,,0,1.01,13.66,75.12,15.75,7.93,31
2026-02-26 12:24:06,,,,,0,1.01,12.55,77.92,14.5,7.92,31
2026-02-26 12:24:10,,,,,0,1.01,12.04,80.42,13.5,7.93,31
2026-02-26 12:24:13,,,,,0,1.01,11.32,84.46,12.75,7.92,31
2026-02-26 12:24:17,,,,,0,1.01,10.9,85.25,12,7.94,31
2026-02-26 12:24:21,,,,,0,1,10.62,85.46,11.5,7.91,31
2026-02-26 12:24:25,,,,,0,1,9.9,85.84,11,7.93,31
2026-02-26 12:24:29,,,,,0,1,9.69,89.73,10.5,7.91,31
2026-02-26 12:24:33,,,,,0,1,9.21,90.35,10,7.91,31
2026-02-26 12:24:37,,,,,0,1,9,91.91,9.5,7.9,31
2026-02-26 12:24:40,,,,,0,1,8.69,91.94,9.25,7.93,31
2026-02-26 12:24:44,,,,,0,1,9.25,97.59,9,7.92,31
2026-02-26 12:24:48,,,,,0,1,7.76,94.87,8.75,7.92,31
2026-02-26 12:24:52,,,,,0,1,7.55,94.7,8.25,7.92,31
2026-02-26 12:24:56,,,,,0,0.99,7.15,94.73,8,7.92,31
2026-02-26 12:25:00,,,,,0,0.99,7.8,98.83,7.75,7.91,31
2026-02-26 12:25:04,,,,,0,0.99,7.65,97.74,7.5,7.91,31
2026-02-26 12:25:07,,,,,0,0.99,6.49,98.1,7.25,7.91,31
2026-02-26 12:25:11,,,,,0,0.99,6.14,97.31,6.75,7.91,31
2026-02-26 12:25:15,,,,,0,0.99,6.22,97.78,6.5,7.9,31
2026-02-26 12:25:19,,,,,0,0.98,6.47,97.14,6.75,7.92,31
2026-02-26 12:25:23,,,,,0,0.98,6.51,98.18,6.75,7.91,31
2026-02-26 12:25:27,,,,,0,0.98,6.68,98.04,7,7.91,31
2026-02-26 12:25:31,,,,,0,0.98,7.07,98.18,7,7.91,31
2026-02-26 12:25:34,,,,,0,0.98,10.41,88.13,8.25,7.91,31
2026-02-26 12:25:38,,,,,0,0.97,12.43,79.64,13.25,7.94,31
2026-02-26 12:25:42,,,,,0,0.97,15.85,75.75,18.75,7.92,31
2026-02-26 12:25:46,,,,,0,0.97,19.02,62.66,25.5,7.94,31
2026-02-26 12:25:50,,,,,0,0.97,20.67,55.35,27,7.92,31
2026-02-26 12:25:54,,,,,0,0.97,24.4,48.39,29.5,7.94,31
2026-02-26 12:25:58,,,,,0,0.97,28.4,42.21,31.25,7.97,31
2026-02-26 12:26:01,,,,,0,0.96,28.77,40.85,32,7.97,31
2026-02-26 12:26:05,,,,,0,0.96,27.94,43.92,33.25,7.98,31
2026-02-26 12:26:09,,,,,0,0.96,24.68,50.24,32,7.97,31
2026-02-26 12:26:13,,,,,0,0.96,22.92,54.53,30.25,7.95,31
2026-02-26 12:26:17,,,,,0,0.96,23,55.5,30.25,7.97,31
2026-02-26 12:26:21,,,,,0,0.96,23.13,57.39,30,7.95,31
2026-02-26 12:26:25,,,,,0,0.95,22.32,59.56,29,7.97,31
2026-02-26 12:26:29,,,,,0,0.95,22.2,59.26,28.25,7.97,31
2026-02-26 12:26:32,,,,,0,0.95,24.98,54.12,28.5,7.96,31
2026-02-26 12:26:36,,,,,0,0.95,25.18,52.31,29,7.96,31
2026-02-26 12:26:40,,,,,0,0.95,24.25,54.51,28.5,7.95,31
2026-02-26 12:26:44,,,,,0,0.95,20.2,62.87,26.75,7.91,31
2026-02-26 12:26:48,,,,,0,0.94,18.3,69.59,22.25,7.96,31
2026-02-26 12:26:52,,,,,0,0.94,16.78,74.19,19.5,7.96,31
2026-02-26 12:26:56,,,,,0,0.94,15.34,77.56,17.75,7.95,31
2026-02-26 12:27:00,,,,,0,0.94,13.52,86.61,16,7.94,31
2026-02-26 12:27:03,,,,,0,0.94,12.13,88.78,14.5,7.91,31
2026-02-26 12:27:07,,,,,0,0.94,12.28,91.51,13.25,7.94,31
2026-02-26 12:27:11,,,,,0,0.94,11.95,91.28,12.75,7.94,31
2026-02-26 12:27:15,,,,,0,0.93,11.8,93.06,12.5,7.93,31
2026-02-26 12:27:19,,,,,0,0.93,11.38,95.52,12,7.94,31
2026-02-26 12:27:23,,,,,0,0.93,10.39,96.53,11.5,7.91,31
2026-02-26 12:27:27,,,,,0,0.93,10.57,97.51,11.25,7.91,31
2026-02-26 12:27:30,,,,,0,0.93,10.48,98.08,10.75,7.9,31
2026-02-26 12:27:34,,,,,0,0.93,10.46,97.97,10.75,7.93,31
2026-02-26 12:27:38,,,,,0,0.92,10.45,98.8,10.75,7.92,31
2026-02-26 12:27:42,,,,,0,0.92,10.48,99.46,10.5,7.9,31
2026-02-26 12:27:46,,,,,0,0.92,10.95,96.91,10.75,7.92,31
2026-02-26 12:27:50,,,,,0,0.92,11.09,97.51,11.25,7.93,31
2026-02-26 12:27:54,,,,,0,0.92,11.06,97.48,11.5,7.92,31
2026-02-26 12:27:57,,,,,0,0.92,11.04,97.71,11.5,7.9,31
2026-02-26 12:28:01,,,,,0,0.91,11,96.9,11.5,7.9,31
2026-02-26 12:28:05,,,,,0,0.91,10.71,98.44,11.5,7.91,31
2026-02-26 12:28:09,,,,,0,0.91,10.58,96.47,11.25,7.92,31
2026-02-26 12:28:13,,,,,0,0.91,10.15,97.49,11.25,7.92,31
2026-02-26 12:28:17,,,,,0,0.91,10.02,99.32,10.75,7.91,31
2026-02-26 12:28:21,,,,,0,0.9,10.08,98.98,10.75,7.91,31
2026-02-26 12:28:25,,,,,0,0.9,10.16,99.25,10.75,7.91,31
2026-02-26 12:28:28,,,,,0,0.9,9.99,100,10.75,7.92,31
2026-02-26 12:28:32,,,,,0,0.9,10.11,100,10.75,7.92,31
2026-02-26 12:28:36,,,,,0,0.9,10.44,98.54,10.75,7.92,31
2026-02-26 12:28:40,,,,,0,0.9,10.54,96.82,11,7.88,31
2026-02-26 12:28:44,,,,,0,0.89,10.51,98.89,11,7.91,31
2026-02-26 12:28:48,,,,,0,0.89,10.97,97.61,11.5,7.89,31
2026-02-26 12:28:52,,,,,0,0.89,11.97,91.41,12.5,7.89,31
2026-02-26 12:28:55,,,,,0,0.89,13.1,86.4,13.75,7.92,31
2026-02-26 12:28:59,,,,,0,0.89,13.21,84.47,15,7.9,31
2026-02-26 12:29:03,,,,,0,0.89,13.74,82.63,15.75,7.92,31
2026-02-26 12:29:07,,,,,0,0.89,14.37,81.18,16.75,7.92,31
2026-02-26 12:29:11,,,,,0,0.89,14.72,77.87,18,7.89,31
2026-02-26 12:29:15,,,,,0,0.89,15.35,76.4,18.5,7.92,31
2026-02-26 12:29:19,,,,,0,0.89,16.89,72.37,19.5,7.94,31
2026-02-26 12:29:23,,,,,0,0.89,17.65,68.61,22,7.84,31
2026-02-26 12:29:26,,,,,0,0.89,17.59,70.28,23,7.91,31
2026-02-26 12:29:30,,,,,0,0.89,18.97,65.27,27,7.9,31
2026-02-26 12:29:34,,,,,0,0.9,18.68,67.29,26.25,7.91,31
2026-02-26 12:29:38,,,,,0,0.9,22.97,54.79,28.25,7.92,31
2026-02-26 12:29:42,,,,,0,0.9,21.92,56.54,28.75,7.91,31
2026-02-26 12:29:46,,,,,0,0.9,22.78,55.5,27,7.88,31
2026-02-26 12:29:50,,,,,0,0.9,17.13,71.64,26.5,7.9,31
2026-02-26 12:29:53,,,,,0,0.9,13.45,85.04,20.25,7.91,31
2026-02-26 12:29:57,,,,,0,0.9,12.92,88.49,16.5,7.88,31
2026-02-26 12:30:01,,,,,0,0.91,11.62,91.49,14.25,7.89,31
2026-02-26 12:30:05,,,,,0,0.91,10.36,94.77,12.5,7.91,31
2026-02-26 12:30:09,,,,,0,0.91,9.45,93.46,11.25,7.89,31
2026-02-26 12:30:13,,,,,0,0.91,9.36,95.87,10.5,7.88,31
2026-02-26 12:30:17,,,,,0,0.91,8.86,97.21,10,7.9,31
2026-02-26 12:30:21,,,,,0,0.91,8.45,98.96,9.25,7.9,31
2026-02-26 12:30:24,,,,,0,0.91,7.92,98.57,9,7.9,31
2026-02-26 12:30:28,,,,,0,0.92,8.13,99.74,8.25,7.89,31
2026-02-26 12:30:32,,,,,0,0.92,7.35,100,8,7.9,31
2026-02-26 12:30:36,,,,,0,0.92,6.98,98.92,7.75,7.89,31
2026-02-26 12:30:40,,,,,0,0.92,6.6,100,7.5,7.87,31
2026-02-26 12:30:44,,,,,0,0.92,5.92,100,7,7.88,31
2026-02-26 12:30:47,,,,,0,0.92,6.48,100,6.75,7.89,31
2026-02-26 12:30:51,,,,,0,0.92,6.03,100,6.5,7.89,31
2026-02-26 12:30:55,,,,,0,0.92,5.21,100,6.25,7.86,31
2026-02-26 12:30:59,,,,,0,0.92,4.98,100,5.75,7.89,31
2026-02-26 12:31:03,,,,,0,0.92,4.54,100,5.75,7.9,31
2026-02-26 12:31:07,,,,,0,0.93,4.05,100,5.25,7.86,31
2026-02-26 12:31:11,,,,,0,0.93,4.56,100,5,7.89,31
2026-02-26 12:31:14,,,,,0,0.93,4.13,100,5,7.89,31
2026-02-26 12:31:18,,,,,0,0.93,4.03,100,4.5,7.87,31
2026-02-26 12:31:22,,,,,0,0.93,3.13,100,4.25,7.88,31
2026-02-26 12:31:26,,,,,0,0.93,3.54,100,4,7.86,31
2026-02-26 12:31:30,,,,,0,0.93,3.48,100,4,7.89,31
2026-02-26 12:31:34,,,,,0,0.93,2.69,100,3.75,7.86,31
2026-02-26 12:31:37,,,,,0,0.94,2.78,100,3.5,7.84,31
2026-02-26 12:31:41,,,,,0,0.94,4.27,100,3.5,7.87,31
2026-02-26 12:31:45,,,,,0,0.94,5.55,100,4.75,7.89,31
2026-02-26 12:31:49,,,,,0,0.94,7.81,100,7.25,7.87,31
2026-02-26 12:31:53,,,,,0,0.94,9.82,100,10.25,7.89,31
2026-02-26 12:31:57,,,,,0,0.94,12.67,85.7,16.75,7.89,31
2026-02-26 12:32:01,,,,,0,0.94,16.39,72.15,23.25,7.89,31
2026-02-26 12:32:04,,,,,0,0.94,20.57,60.66,27.25,7.86,31
2026-02-26 12:32:08,,,,,0,0.94,22.9,53.36,27.5,7.86,31
2026-02-26 12:32:12,,,,,0,0.95,26.8,45.81,30,7.89,31
2026-02-26 12:32:16,,,,,0,0.95,27.57,42.82,32.25,7.89,31
2026-02-26 12:32:20,,,,,0,0.95,26.05,45.58,34,7.9,31
2026-02-26 12:32:24,,,,,0,0.95,23.54,47.11,33.75,7.89,31
2026-02-26 12:32:28,,,,,0,0.95,25.66,45.23,33.25,7.9,31
2026-02-26 12:32:32,,,,,0,0.95,26.97,37.64,33.25,7.85,31
2026-02-26 12:32:35,,,,,0,0.95,28.14,33.88,36.75,7.88,31
2026-02-26 12:32:39,,,,,0,0.95,28.44,32,38.75,7.89,31
2026-02-26 12:32:43,,,,,0,0.95,34.78,25.45,40,7.89,31
2026-02-26 12:32:47,,,,,0,0.96,34.28,25.91,40.5,7.88,31
2026-02-26 12:32:51,,,,,0,0.96,33.01,27.55,40.5,7.89,31
2026-02-26 12:32:55,,,,,0,0.96,27.84,34.63,38.75,7.88,31
2026-02-26 12:32:59,,,,,0,0.96,21.9,45.3,29.5,7.89,31
2026-02-26 12:33:02,,,,,0,0.96,19.24,51.77,24.5,7.84,31
2026-02-26 12:33:06,,,,,0,0.96,16.43,53.72,21.25,7.89,31
2026-02-26 12:33:10,,,,,0,0.96,19.18,49.96,19.75,7.89,31
2026-02-26 12:33:14,,,,,0,0.96,19.8,52.42,20,7.89,31
2026-02-26 12:33:18,,,,,0,0.96,18.85,49.81,19.75,7.89,31
2026-02-26 12:33:22,,,,,0,0.96,15.29,68.21,18.5,7.88,31
2026-02-26 12:33:26,,,,,0,0.97,13.65,75.1,16.5,7.89,31
2026-02-26 12:33:30,,,,,0,0.97,11.56,73.19,14.5,7.89,31
2026-02-26 12:33:33,,,,,0,0.97,10.37,77.59,12.75,7.86,31
2026-02-26 12:33:37,,,,,0,0.97,9.74,81.21,11.5,7.88,31
2026-02-26 12:33:41,,,,,0,0.97,10.59,85.07,10.75,7.85,31
2026-02-26 12:33:45,,,,,0,0.97,11.57,77.77,10.75,7.88,31
2026-02-26 12:33:49,,,,,0,0.97,8.56,82.53,10.75,7.85,31
2026-02-26 12:33:53,,,,,0,0.97,8.11,84.77,9.5,7.85,31
2026-02-26 12:33:57,,,,,0,0.97,7.82,87.88,8.5,7.84,31
2026-02-26 12:34:00,,,,,0,0.97,7.74,93.42,8.25,7.88,31
2026-02-26 12:34:04,,,,,0,0.97,7.46,88.27,7.75,7.87,31
2026-02-26 12:34:08,,,,,0,0.97,7.44,86.19,7.75,7.86,31
2026-02-26 12:34:12,,,,,0,0.98,8.61,85.95,8.25,7.87,31
2026-02-26 12:34:16,,,,,0,0.98,9.07,84.67,9,7.87,31
2026-02-26 12:34:20,,,,,0,0.98,7.67,86.96,8.5,7.87,31
2026-02-26 12:34:23,,,,,0,0.98,6.59,91.56,7.5,7.85,31
2026-02-26 12:34:27,,,,,0,0.98,5.62,89.64,7,7.85,31
2026-02-26 12:34:31,,,,,0,0.98,6.23,94.52,6.25,7.86,31
2026-02-26 12:34:35,,,,,0,0.98,6.55,90.73,6.75,7.86,31
2026-02-26 12:34:39,,,,,0,0.98,5.63,89.96,6.5,7.86,31
2026-02-26 12:34:43,,,,,0,0.98,5.37,91.75,6,7.86,31
2026-02-26 12:34:47,,,,,0,0.98,5.7,95.02,5.5,7.85,31
2026-02-26 12:34:50,,,,,0,0.98,7.09,88.89,6.25,7.86,31
2026-02-26 12:34:54,,,,,0,0.98,10.28,81.02,8.5,7.84,31
2026-02-26 12:34:58,,,,,0,0.98,11.85,78.89,11.5,7.87,31
2026-02-26 12:35:02,,,,,0,0.98,15.78,66.03,19.25,7.85,31
2026-02-26 12:35:06,,,,,0,0.99,18.46,54.37,26.5,7.87,31
